{
  "instance": "inst_set1a_sf0_nc2.1_n20_m20_00",
  "results": {
    "HRPW*": {
      "makespan": 126,
      "execution_time": 4.5299530029296875e-05,
      "schedule": {
        "1": [
          0,
          0
        ],
        "4": [
          0,
          8
        ],
        "2": [
          8,
          18
        ],
        "7": [
          18,
          28
        ],
        "5": [
          28,
          32
        ],
        "9": [
          32,
          42
        ],
        "3": [
          42,
          44
        ],
        "6": [
          44,
          54
        ],
        "15": [
          54,
          63
        ],
        "10": [
          63,
          67
        ],
        "16": [
          67,
          77
        ],
        "8": [
          77,
          86
        ],
        "11": [
          86,
          93
        ],
        "14": [
          93,
          96
        ],
        "17": [
          96,
          105
        ],
        "13": [
          105,
          107
        ],
        "21": [
          107,
          115
        ],
        "18": [
          115,
          118
        ],
        "12": [
          118,
          119
        ],
        "19": [
          119,
          123
        ],
        "20": [
          123,
          126
        ],
        "22": [
          126,
          126
        ]
      },
      "activity_order": [
        1,
        4,
        2,
        7,
        5,
        9,
        3,
        6,
        15,
        10,
        16,
        8,
        11,
        14,
        17,
        13,
        21,
        18,
        12,
        19,
        20,
        22
      ]
    },
    "LST": {
      "makespan": 126,
      "execution_time": 4.863739013671875e-05,
      "schedule": {
        "1": [
          0,
          0
        ],
        "4": [
          0,
          8
        ],
        "2": [
          8,
          18
        ],
        "7": [
          18,
          28
        ],
        "5": [
          28,
          32
        ],
        "9": [
          32,
          42
        ],
        "3": [
          42,
          44
        ],
        "6": [
          44,
          54
        ],
        "15": [
          54,
          63
        ],
        "10": [
          63,
          67
        ],
        "16": [
          67,
          77
        ],
        "8": [
          77,
          86
        ],
        "11": [
          86,
          93
        ],
        "14": [
          93,
          96
        ],
        "17": [
          96,
          105
        ],
        "13": [
          105,
          107
        ],
        "21": [
          107,
          115
        ],
        "18": [
          115,
          118
        ],
        "12": [
          118,
          119
        ],
        "19": [
          119,
          123
        ],
        "20": [
          123,
          126
        ],
        "22": [
          126,
          126
        ]
      },
      "activity_order": [
        1,
        4,
        2,
        7,
        5,
        9,
        3,
        6,
        15,
        10,
        16,
        8,
        11,
        14,
        17,
        13,
        21,
        18,
        12,
        19,
        20,
        22
      ]
    },
    "LFT": {
      "makespan": 126,
      "execution_time": 4.935264587402344e-05,
      "schedule": {
        "1": [
          0,
          0
        ],
        "4": [
          0,
          8
        ],
        "2": [
          8,
          18
        ],
        "5": [
          18,
          22
        ],
        "7": [
          22,
          32
        ],
        "3": [
          32,
          34
        ],
        "9": [
          34,
          44
        ],
        "6": [
          44,
          54
        ],
        "10": [
          54,
          58
        ],
        "15": [
          58,
          67
        ],
        "14": [
          67,
          70
        ],
        "11": [
          70,
          77
        ],
        "8": [
          77,
          86
        ],
        "16": [
          86,
          96
        ],
        "13": [
          96,
          98
        ],
        "12": [
          98,
          99
        ],
        "18": [
          99,
          102
        ],
        "17": [
          102,
          111
        ],
        "19": [
          111,
          115
        ],
        "20": [
          115,
          118
        ],
        "21": [
          118,
          126
        ],
        "22": [
          126,
          126
        ]
      },
      "activity_order": [
        1,
        4,
        2,
        5,
        7,
        3,
        9,
        6,
        10,
        15,
        14,
        11,
        8,
        16,
        13,
        12,
        18,
        17,
        19,
        20,
        21,
        22
      ]
    },
    "MTS": {
      "makespan": 126,
      "execution_time": 4.696846008300781e-05,
      "schedule": {
        "1": [
          0,
          0
        ],
        "4": [
          0,
          8
        ],
        "2": [
          8,
          18
        ],
        "7": [
          18,
          28
        ],
        "5": [
          28,
          32
        ],
        "3": [
          32,
          34
        ],
        "9": [
          34,
          44
        ],
        "6": [
          44,
          54
        ],
        "11": [
          54,
          61
        ],
        "15": [
          61,
          70
        ],
        "8": [
          70,
          79
        ],
        "10": [
          79,
          83
        ],
        "14": [
          83,
          86
        ],
        "13": [
          86,
          88
        ],
        "16": [
          88,
          98
        ],
        "12": [
          98,
          99
        ],
        "17": [
          99,
          108
        ],
        "18": [
          108,
          111
        ],
        "19": [
          111,
          115
        ],
        "20": [
          115,
          118
        ],
        "21": [
          118,
          126
        ],
        "22": [
          126,
          126
        ]
      },
      "activity_order": [
        1,
        4,
        2,
        7,
        5,
        3,
        9,
        6,
        11,
        15,
        8,
        10,
        14,
        13,
        16,
        12,
        17,
        18,
        19,
        20,
        21,
        22
      ]
    },
    "TIMROS": {
      "makespan": 126,
      "execution_time": 4.744529724121094e-05,
      "schedule": {
        "1": [
          0,
          0
        ],
        "2": [
          0,
          10
        ],
        "4": [
          10,
          18
        ],
        "7": [
          18,
          28
        ],
        "11": [
          28,
          35
        ],
        "5": [
          35,
          39
        ],
        "9": [
          39,
          49
        ],
        "15": [
          49,
          58
        ],
        "10": [
          58,
          62
        ],
        "8": [
          62,
          71
        ],
        "3": [
          71,
          73
        ],
        "6": [
          73,
          83
        ],
        "16": [
          83,
          93
        ],
        "21": [
          93,
          101
        ],
        "12": [
          101,
          102
        ],
        "13": [
          102,
          104
        ],
        "18": [
          104,
          107
        ],
        "14": [
          107,
          110
        ],
        "19": [
          110,
          114
        ],
        "17": [
          114,
          123
        ],
        "20": [
          123,
          126
        ],
        "22": [
          126,
          126
        ]
      },