{
  "instance": "inst_set1a_sf1_nc2.1_n20_m30_01",
  "results": {
    "HRPW*": {
      "makespan": 120,
      "execution_time": 0.00047659873962402344,
      "schedule": {
        "1": [
          0,
          0
        ],
        "2": [
          0,
          9
        ],
        "3": [
          9,
          14
        ],
        "10": [
          14,
          23
        ],
        "9": [
          23,
          32
        ],
        "4": [
          32,
          35
        ],
        "7": [
          35,
          42
        ],
        "8": [
          42,
          46
        ],
        "12": [
          46,
          54
        ],
        "14": [
          54,
          55
        ],
        "15": [
          55,
          60
        ],
        "5": [
          60,
          66
        ],
        "6": [
          66,
          71
        ],
        "13": [
          71,
          76
        ],
        "18": [
          76,
          79
        ],
        "11": [
          79,
          88
        ],
        "16": [
          88,
          96
        ],
        "17": [
          96,
          104
        ],
        "20": [
          104,
          114
        ],
        "19": [
          114,
          117
        ],
        "21": [
          117,
          120
        ],
        "22": [
          120,
          120
        ]
      },
      "activity_order": [
        1,
        2,
        3,
        10,
        9,
        4,
        7,
        8,
        12,
        14,
        15,
        5,
        6,
        13,
        18,
        11,
        16,
        17,
        20,
        19,
        21,
        22
      ]
    },
    "LST": {
      "makespan": 120,
      "execution_time": 0.0006585121154785156,
      "schedule": {
        "1": [
          0,
          0
        ],
        "2": [
          0,
          9
        ],
        "3": [
          9,
          14
        ],
        "10": [
          14,
          23
        ],
        "9": [
          23,
          32
        ],
        "4": [
          32,
          35
        ],
        "7": [
          35,
          42
        ],
        "8": [
          42,
          46
        ],
        "12": [
          46,
          54
        ],
        "14": [
          54,
          55
        ],
        "15": [
          55,
          60
        ],
        "5": [
          60,
          66
        ],
        "6": [
          66,
          71
        ],
        "13": [
          71,
          76
        ],
        "18": [
          76,
          79
        ],
        "11": [
          79,
          88
        ],
        "16": [
          88,
          96
        ],
        "17": [
          96,
          104
        ],
        "20": [
          104,
          114
        ],
        "19": [
          114,
          117
        ],
        "21": [
          117,
          120
        ],
        "22": [
          120,
          120
        ]
      },
      "activity_order": [
        1,
        2,
        3,
        10,
        9,
        4,
        7,
        8,
        12,
        14,
        15,
        5,
        6,
        13,
        18,
        11,
        16,
        17,
        20,
        19,
        21,
        22
      ]
    },
    "LFT": {
      "makespan": 120,
      "execution_time": 0.0004620552062988281,
      "schedule": {
        "1": [
          0,
          0
        ],
        "2": [
          0,
          9
        ],
        "3": [
          9,
          14
        ],
        "4": [
          14,
          17
        ],
        "10": [
          17,
          26
        ],
        "8": [
          26,
          30
        ],
        "9": [
          30,
          39
        ],
        "14": [
          39,
          40
        ],
        "7": [
          40,
          47
        ],
        "12": [
          47,
          55
        ],
        "15": [
          55,
          60
        ],
        "5": [
          60,
          66
        ],
        "6": [
          66,
          71
        ],
        "13": [
          71,
          76
        ],
        "18": [
          76,
          79
        ],
        "11": [
          79,
          88
        ],
        "16": [
          88,
          96
        ],
        "17": [
          96,
          104
        ],
        "19": [
          104,
          107
        ],
        "20": [
          107,
          117
        ],
        "21": [
          117,
          120
        ],
        "22": [
          120,
          120
        ]
      },
      "activity_order": [
        1,
        2,
        3,
        4,
        10,
        8,
        9,
        14,
        7,
        12,
        15,
        5,
        6,
        13,
        18,
        11,
        16,
        17,
        19,
        20,
        21,
        22
      ]
    },
    "MTS": {
      "makespan": 120,
      "execution_time": 0.0004734992980957031,
      "schedule": {
        "1": [
          0,
          0
        ],
        "2": [
          0,
          9
        ],
        "3": [
          9,
          14
        ],
        "4": [
          14,
          17
        ],
        "10": [
          17,
          26
        ],
        "8": [
          26,
          30
        ],
        "14": [
          30,
          31
        ],
        "9": [
          31,
          40
        ],
        "12": [
          40,
          48
        ],
        "7": [
          48,
          55
        ],
        "5": [
          55,
          61
        ],
        "15": [
          61,
          66
        ],
        "13": [
          66,
          71
        ],
        "16": [
          71,
          79
        ],
        "18": [
          79,
          82
        ],
        "6": [
          82,
          87
        ],
        "11": [
          87,
          96
        ],
        "17": [
          96,
          104
        ],
        "19": [
          104,
          107
        ],
        "20": [
          107,
          117
        ],
        "21": [
          117,
          120
        ],
        "22": [
          120,
          120
        ]
      },
      "activity_order": [
        1,
        2,
        3,
        4,
        10,
        8,
        14,
        9,
        12,
        7,
        5,
        15,
        13,
        16,
        18,
        6,
        11,
        17,
        19,
        20,
        21,
        22
      ]
    },
    "TIMROS": {
      "makespan": 120,
      "execution_time": 0.0005049705505371094,
      "schedule": {
        "1": [
          0,
          0
        ],
        "2": [
          0,
          9
        ],
        "10": [
          9,
          18
        ],
        "12": [
          18,
          26
        ],
        "3": [
          26,
          31
        ],
        "9": [
          31,
          40
        ],
        "8": [
          40,
          44
        ],
        "11": [
          44,
          53
        ],
        "4": [
          53,
          56
        ],
        "7": [
          56,
          63
        ],
        "5": [
          63,
          69
        ],
        "6": [
          69,
          74
        ],
        "13": [
          74,
          79
        ],
        "14": [
          79,
          80
        ],
        "16": [
          80,
          88
        ],
        "17": [
          88,
          96
        ],
        "15": [
          96,
          101
        ],
        "18": [
          101,
          104
        ],
        "20": [
          104,
          114
        ],
        "19": [
          114,
          117
        ],
        "21": [
          117,
          120
        ],
        "22": [
          120,
          120
        ]
      },