{
  "instance": "inst_set1a_sf0_nc1.8_n20_m10_01",
  "results": {
    "HRPW*": {
      "makespan": 124,
      "execution_time": 5.626678466796875e-05,
      "schedule": {
        "1": [
          0,
          0
        ],
        "3": [
          0,
          3
        ],
        "8": [
          3,
          13
        ],
        "4": [
          13,
          21
        ],
        "6": [
          21,
          30
        ],
        "9": [
          30,
          31
        ],
        "10": [
          31,
          40
        ],
        "15": [
          40,
          50
        ],
        "7": [
          50,
          56
        ],
        "2": [
          56,
          65
        ],
        "12": [
          65,
          75
        ],
        "11": [
          75,
          80
        ],
        "16": [
          80,
          90
        ],
        "5": [
          90,
          100
        ],
        "13": [
          100,
          105
        ],
        "17": [
          105,
          109
        ],
        "14": [
          109,
          111
        ],
        "18": [
          111,
          114
        ],
        "21": [
          114,
          119
        ],
        "19": [
          119,
          122
        ],
        "20": [
          122,
          124
        ],
        "22": [
          124,
          124
        ]
      },
      "activity_order": [
        1,
        3,
        8,
        4,
        6,
        9,
        10,
        15,
        7,
        2,
        12,
        11,
        16,
        5,
        13,
        17,
        14,
        18,
        21,
        19,
        20,
        22
      ]
    },
    "LST": {
      "makespan": 124,
      "execution_time": 5.054473876953125e-05,
      "schedule": {
        "1": [
          0,
          0
        ],
        "3": [
          0,
          3
        ],
        "8": [
          3,
          13
        ],
        "4": [
          13,
          21
        ],
        "6": [
          21,
          30
        ],
        "9": [
          30,
          31
        ],
        "10": [
          31,
          40
        ],
        "15": [
          40,
          50
        ],
        "7": [
          50,
          56
        ],
        "2": [
          56,
          65
        ],
        "12": [
          65,
          75
        ],
        "11": [
          75,
          80
        ],
        "16": [
          80,
          90
        ],
        "5": [
          90,
          100
        ],
        "13": [
          100,
          105
        ],
        "17": [
          105,
          109
        ],
        "14": [
          109,
          111
        ],
        "18": [
          111,
          114
        ],
        "21": [
          114,
          119
        ],
        "19": [
          119,
          122
        ],
        "20": [
          122,
          124
        ],
        "22": [
          124,
          124
        ]
      },
      "activity_order": [
        1,
        3,
        8,
        4,
        6,
        9,
        10,
        15,
        7,
        2,
        12,
        11,
        16,
        5,
        13,
        17,
        14,
        18,
        21,
        19,
        20,
        22
      ]
    },
    "LFT": {
      "makespan": 124,
      "execution_time": 4.982948303222656e-05,
      "schedule": {
        "1": [
          0,
          0
        ],
        "3": [
          0,
          3
        ],
        "4": [
          3,
          11
        ],
        "8": [
          11,
          21
        ],
        "9": [
          21,
          22
        ],
        "6": [
          22,
          31
        ],
        "10": [
          31,
          40
        ],
        "7": [
          40,
          46
        ],
        "15": [
          46,
          56
        ],
        "2": [
          56,
          65
        ],
        "11": [
          65,
          70
        ],
        "12": [
          70,
          80
        ],
        "13": [
          80,
          85
        ],
        "14": [
          85,
          87
        ],
        "16": [
          87,
          97
        ],
        "17": [
          97,
          101
        ],
        "5": [
          101,
          111
        ],
        "18": [
          111,
          114
        ],
        "19": [
          114,
          117
        ],
        "20": [
          117,
          119
        ],
        "21": [
          119,
          124
        ],
        "22": [
          124,
          124
        ]
      },
      "activity_order": [
        1,
        3,
        4,
        8,
        9,
        6,
        10,
        7,
        15,
        2,
        11,
        12,
        13,
        14,
        16,
        17,
        5,
        18,
        19,
        20,
        21,
        22
      ]
    },
    "MTS": {
      "makespan": 124,
      "execution_time": 5.173683166503906e-05,
      "schedule": {
        "1": [
          0,
          0
        ],
        "3": [
          0,
          3
        ],
        "6": [
          3,
          12
        ],
        "8": [
          12,
          22
        ],
        "4": [
          22,
          30
        ],
        "7": [
          30,
          36
        ],
        "9": [
          36,
          37
        ],
        "15": [
          37,
          47
        ],
        "2": [
          47,
          56
        ],
        "11": [
          56,
          61
        ],
        "10": [
          61,
          70
        ],
        "13": [
          70,
          75
        ],
        "5": [
          75,
          85
        ],
        "12": [
          85,
          95
        ],
        "14": [
          95,
          97
        ],
        "16": [
          97,
          107
        ],
        "17": [
          107,
          111
        ],
        "18": [
          111,
          114
        ],
        "19": [
          114,
          117
        ],
        "20": [
          117,
          119
        ],
        "21": [
          119,
          124
        ],
        "22": [
          124,
          124
        ]
      },
      "activity_order": [
        1,
        3,
        6,
        8,
        4,
        7,
        9,
        15,
        2,
        11,
        10,
        13,
        5,
        12,
        14,
        16,
        17,
        18,
        19,
        20,
        21,
        22
      ]
    },
    "TIMROS": {
      "makespan": 124,
      "execution_time": 4.482269287109375e-05,
      "schedule": {
        "1": [
          0,
          0
        ],
        "2": [
          0,
          9
        ],
        "5": [
          9,
          19
        ],
        "4": [
          19,
          27
        ],
        "3": [
          27,
          30
        ],
        "8": [
          30,
          40
        ],
        "15": [
          40,
          50
        ],
        "6": [
          50,
          59
        ],
        "7": [
          59,
          65
        ],
        "16": [
          65,
          75
        ],
        "11": [
          75,
          80
        ],
        "13": [
          80,
          85
        ],
        "9": [
          85,
          86
        ],
        "10": [
          86,
          95
        ],
        "12": [
          95,
          105
        ],
        "20": [
          105,
          107
        ],
        "17": [
          107,
          111
        ],
        "21": [
          111,
          116
        ],
        "14": [
          116,
          118
        ],
        "18": [
          118,
          121
        ],
        "19": [
          121,
          124
        ],
        "22": [
          124,
          124
        ]
      },