{
  "instance": "inst_set1a_sf0.75_nc2.1_n20_m25_01",
  "results": {
    "HRPW*": {
      "makespan": 109,
      "execution_time": 4.38690185546875e-05,
      "schedule": {
        "1": [
          0,
          0
        ],
        "2": [
          0,
          1
        ],
        "12": [
          1,
          10
        ],
        "4": [
          10,
          15
        ],
        "3": [
          15,
          16
        ],
        "6": [
          16,
          17
        ],
        "7": [
          17,
          25
        ],
        "8": [
          25,
          32
        ],
        "13": [
          32,
          41
        ],
        "11": [
          41,
          49
        ],
        "5": [
          49,
          54
        ],
        "10": [
          54,
          58
        ],
        "15": [
          58,
          67
        ],
        "16": [
          67,
          77
        ],
        "9": [
          77,
          78
        ],
        "14": [
          78,
          84
        ],
        "17": [
          84,
          92
        ],
        "20": [
          92,
          99
        ],
        "18": [
          99,
          100
        ],
        "19": [
          100,
          105
        ],
        "21": [
          105,
          109
        ],
        "22": [
          109,
          109
        ]
      },
      "activity_order": [
        1,
        2,
        12,
        4,
        3,
        6,
        7,
        8,
        13,
        11,
        5,
        10,
        15,
        16,
        9,
        14,
        17,
        20,
        18,
        19,
        21,
        22
      ]
    },
    "LST": {
      "makespan": 109,
      "execution_time": 4.315376281738281e-05,
      "schedule": {
        "1": [
          0,
          0
        ],
        "2": [
          0,
          1
        ],
        "12": [
          1,
          10
        ],
        "4": [
          10,
          15
        ],
        "3": [
          15,
          16
        ],
        "6": [
          16,
          17
        ],
        "7": [
          17,
          25
        ],
        "8": [
          25,
          32
        ],
        "13": [
          32,
          41
        ],
        "11": [
          41,
          49
        ],
        "5": [
          49,
          54
        ],
        "10": [
          54,
          58
        ],
        "15": [
          58,
          67
        ],
        "16": [
          67,
          77
        ],
        "9": [
          77,
          78
        ],
        "14": [
          78,
          84
        ],
        "17": [
          84,
          92
        ],
        "20": [
          92,
          99
        ],
        "18": [
          99,
          100
        ],
        "19": [
          100,
          105
        ],
        "21": [
          105,
          109
        ],
        "22": [
          109,
          109
        ]
      },
      "activity_order": [
        1,
        2,
        12,
        4,
        3,
        6,
        7,
        8,
        13,
        11,
        5,
        10,
        15,
        16,
        9,
        14,
        17,
        20,
        18,
        19,
        21,
        22
      ]
    },
    "LFT": {
      "makespan": 109,
      "execution_time": 3.981590270996094e-05,
      "schedule": {
        "1": [
          0,
          0
        ],
        "2": [
          0,
          1
        ],
        "3": [
          1,
          2
        ],
        "4": [
          2,
          7
        ],
        "6": [
          7,
          8
        ],
        "12": [
          8,
          17
        ],
        "7": [
          17,
          25
        ],
        "8": [
          25,
          32
        ],
        "5": [
          32,
          37
        ],
        "9": [
          37,
          38
        ],
        "10": [
          38,
          42
        ],
        "11": [
          42,
          50
        ],
        "13": [
          50,
          59
        ],
        "14": [
          59,
          65
        ],
        "15": [
          65,
          74
        ],
        "16": [
          74,
          84
        ],
        "17": [
          84,
          92
        ],
        "18": [
          92,
          93
        ],
        "19": [
          93,
          98
        ],
        "20": [
          98,
          105
        ],
        "21": [
          105,
          109
        ],
        "22": [
          109,
          109
        ]
      },
      "activity_order": [
        1,
        2,
        3,
        4,
        6,
        12,
        7,
        8,
        5,
        9,
        10,
        11,
        13,
        14,
        15,
        16,
        17,
        18,
        19,
        20,
        21,
        22
      ]
    },
    "MTS": {
      "makespan": 109,
      "execution_time": 4.076957702636719e-05,
      "schedule": {
        "1": [
          0,
          0
        ],
        "2": [
          0,
          1
        ],
        "4": [
          1,
          6
        ],
        "3": [
          6,
          7
        ],
        "6": [
          7,
          8
        ],
        "7": [
          8,
          16
        ],
        "8": [
          16,
          23
        ],
        "12": [
          23,
          32
        ],
        "11": [
          32,
          40
        ],
        "5": [
          40,
          45
        ],
        "10": [
          45,
          49
        ],
        "13": [
          49,
          58
        ],
        "9": [
          58,
          59
        ],
        "14": [
          59,
          65
        ],
        "15": [
          65,
          74
        ],
        "16": [
          74,
          84
        ],
        "17": [
          84,
          92
        ],
        "18": [
          92,
          93
        ],
        "19": [
          93,
          98
        ],
        "20": [
          98,
          105
        ],
        "21": [
          105,
          109
        ],
        "22": [
          109,
          109
        ]
      },
      "activity_order": [
        1,
        2,
        4,
        3,
        6,
        7,
        8,
        12,
        11,
        5,
        10,
        13,
        9,
        14,
        15,
        16,
        17,
        18,
        19,
        20,
        21,
        22
      ]
    },
    "TIMROS": {
      "makespan": 109,
      "execution_time": 0.00024390220642089844,
      "schedule": {
        "1": [
          0,
          0
        ],
        "4": [
          0,
          5
        ],
        "6": [
          5,
          6
        ],
        "2": [
          6,
          7
        ],
        "8": [
          7,
          14
        ],
        "12": [
          14,
          23
        ],
        "13": [
          23,
          32
        ],
        "15": [
          32,
          41
        ],
        "3": [
          41,
          42
        ],
        "7": [
          42,
          50
        ],
        "11": [
          50,
          58
        ],
        "14": [
          58,
          64
        ],
        "5": [
          64,
          69
        ],
        "10": [
          69,
          73
        ],
        "21": [
          73,
          77
        ],
        "20": [
          77,
          84
        ],
        "16": [
          84,
          94
        ],
        "18": [
          94,
          95
        ],
        "9": [
          95,
          96
        ],
        "17": [
          96,
          104
        ],
        "19": [
          104,
          109
        ],
        "22": [
          109,
          109
        ]
      },
      "activity_order": [
        1,
        4,
        6,
        2,
        8,
        12,
        13,
        15,
        3,
        7,
        11,
        14,
        5,
        10,
        21,
        20,
        16,
        18,
        9,
        17,
        19,
        22
      ]
    },