{
  "instance": "inst_set1a_sf0_nc1.5_n20_m20_01",
  "results": {
    "HRPW*": {
      "makespan": 110,
      "execution_time": 5.7697296142578125e-05,
      "schedule": {
        "1": [
          0,
          0
        ],
        "2": [
          0,
          9
        ],
        "4": [
          9,
          15
        ],
        "8": [
          15,
          23
        ],
        "5": [
          23,
          26
        ],
        "11": [
          26,
          34
        ],
        "12": [
          34,
          39
        ],
        "13": [
          39,
          49
        ],
        "14": [
          49,
          57
        ],
        "7": [
          57,
          61
        ],
        "3": [
          61,
          64
        ],
        "6": [
          64,
          66
        ],
        "9": [
          66,
          69
        ],
        "15": [
          69,
          71
        ],
        "16": [
          71,
          73
        ],
        "10": [
          73,
          81
        ],
        "17": [
          81,
          88
        ],
        "18": [
          88,
          94
        ],
        "20": [
          94,
          102
        ],
        "19": [
          102,
          109
        ],
        "21": [
          109,
          110
        ],
        "22": [
          110,
          110
        ]
      },
      "activity_order": [
        1,
        2,
        4,
        8,
        5,
        11,
        12,
        13,
        14,
        7,
        3,
        6,
        9,
        15,
        16,
        10,
        17,
        18,
        20,
        19,
        21,
        22
      ]
    },
    "LST": {
      "makespan": 110,
      "execution_time": 6.508827209472656e-05,
      "schedule": {
        "1": [
          0,
          0
        ],
        "2": [
          0,
          9
        ],
        "4": [
          9,
          15
        ],
        "8": [
          15,
          23
        ],
        "5": [
          23,
          26
        ],
        "11": [
          26,
          34
        ],
        "12": [
          34,
          39
        ],
        "13": [
          39,
          49
        ],
        "14": [
          49,
          57
        ],
        "7": [
          57,
          61
        ],
        "3": [
          61,
          64
        ],
        "6": [
          64,
          66
        ],
        "9": [
          66,
          69
        ],
        "15": [
          69,
          71
        ],
        "16": [
          71,
          73
        ],
        "10": [
          73,
          81
        ],
        "17": [
          81,
          88
        ],
        "18": [
          88,
          94
        ],
        "20": [
          94,
          102
        ],
        "19": [
          102,
          109
        ],
        "21": [
          109,
          110
        ],
        "22": [
          110,
          110
        ]
      },
      "activity_order": [
        1,
        2,
        4,
        8,
        5,
        11,
        12,
        13,
        14,
        7,
        3,
        6,
        9,
        15,
        16,
        10,
        17,
        18,
        20,
        19,
        21,
        22
      ]
    },
    "LFT": {
      "makespan": 110,
      "execution_time": 0.00011229515075683594,
      "schedule": {
        "1": [
          0,
          0
        ],
        "2": [
          0,
          9
        ],
        "4": [
          9,
          15
        ],
        "5": [
          15,
          18
        ],
        "8": [
          18,
          26
        ],
        "11": [
          26,
          34
        ],
        "12": [
          34,
          39
        ],
        "13": [
          39,
          49
        ],
        "6": [
          49,
          51
        ],
        "3": [
          51,
          54
        ],
        "7": [
          54,
          58
        ],
        "9": [
          58,
          61
        ],
        "14": [
          61,
          69
        ],
        "15": [
          69,
          71
        ],
        "16": [
          71,
          73
        ],
        "17": [
          73,
          80
        ],
        "18": [
          80,
          86
        ],
        "10": [
          86,
          94
        ],
        "19": [
          94,
          101
        ],
        "20": [
          101,
          109
        ],
        "21": [
          109,
          110
        ],
        "22": [
          110,
          110
        ]
      },
      "activity_order": [
        1,
        2,
        4,
        5,
        8,
        11,
        12,
        13,
        6,
        3,
        7,
        9,
        14,
        15,
        16,
        17,
        18,
        10,
        19,
        20,
        21,
        22
      ]
    },
    "MTS": {
      "makespan": 110,
      "execution_time": 4.696846008300781e-05,
      "schedule": {
        "1": [
          0,
          0
        ],
        "4": [
          0,
          6
        ],
        "5": [
          6,
          9
        ],
        "2": [
          9,
          18
        ],
        "8": [
          18,
          26
        ],
        "11": [
          26,
          34
        ],
        "12": [
          34,
          39
        ],
        "13": [
          39,
          49
        ],
        "7": [
          49,
          53
        ],
        "6": [
          53,
          55
        ],
        "3": [
          55,
          58
        ],
        "9": [
          58,
          61
        ],
        "14": [
          61,
          69
        ],
        "15": [
          69,
          71
        ],
        "16": [
          71,
          73
        ],
        "10": [
          73,
          81
        ],
        "17": [
          81,
          88
        ],
        "18": [
          88,
          94
        ],
        "19": [
          94,
          101
        ],
        "20": [
          101,
          109
        ],
        "21": [
          109,
          110
        ],
        "22": [
          110,
          110
        ]
      },
      "activity_order": [
        1,
        4,
        5,
        2,
        8,
        11,
        12,
        13,
        7,
        6,
        3,
        9,
        14,
        15,
        16,
        10,
        17,
        18,
        19,
        20,
        21,
        22
      ]
    },
    "TIMROS": {
      "makespan": 110,
      "execution_time": 4.9114227294921875e-05,
      "schedule": {
        "1": [
          0,
          0
        ],
        "4": [
          0,
          6
        ],
        "7": [
          6,
          10
        ],
        "2": [
          10,
          19
        ],
        "8": [
          19,
          27
        ],
        "9": [
          27,
          30
        ],
        "10": [
          30,
          38
        ],
        "3": [
          38,
          41
        ],
        "5": [
          41,
          44
        ],
        "11": [
          44,
          52
        ],
        "12": [
          52,
          57
        ],
        "13": [
          57,
          67
        ],
        "14": [
          67,
          75
        ],
        "19": [
          75,
          82
        ],
        "15": [
          82,
          84
        ],
        "17": [
          84,
          91
        ],
        "6": [
          91,
          93
        ],
        "16": [
          93,
          95
        ],
        "18": [
          95,
          101
        ],
        "20": [
          101,
          109
        ],
        "21": [
          109,
          110
        ],
        "22": [
          110,
          110
        ]
      },