{
  "instance": "inst_set1a_sf0.75_nc1.5_n20_m20_01",
  "results": {
    "HRPW*": {
      "makespan": 57,
      "execution_time": 0.0003540515899658203,
      "schedule": {
        "1": [
          0,
          0
        ],
        "4": [
          0,
          2
        ],
        "5": [
          2,
          12
        ],
        "10": [
          12,
          16
        ],
        "11": [
          16,
          17
        ],
        "9": [
          16,
          25
        ],
        "13": [
          17,
          27
        ],
        "8": [
          25,
          34
        ],
        "3": [
          0,
          3
        ],
        "2": [
          34,
          37
        ],
        "6": [
          27,
          29
        ],
        "14": [
          37,
          44
        ],
        "7": [
          3,
          6
        ],
        "16": [
          29,
          35
        ],
        "12": [
          37,
          39
        ],
        "15": [
          6,
          12
        ],
        "18": [
          39,
          44
        ],
        "20": [
          44,
          52
        ],
        "17": [
          52,
          54
        ],
        "21": [
          44,
          48
        ],
        "19": [
          54,
          57
        ],
        "22": [
          57,
          57
        ]
      },
      "activity_order": [
        1,
        4,
        5,
        10,
        11,
        9,
        13,
        8,
        3,
        2,
        6,
        14,
        7,
        16,
        12,
        15,
        18,
        20,
        17,
        21,
        19,
        22
      ]
    },
    "LST": {
      "makespan": 57,
      "execution_time": 0.00032448768615722656,
      "schedule": {
        "1": [
          0,
          0
        ],
        "4": [
          0,
          2
        ],
        "5": [
          2,
          12
        ],
        "10": [
          12,
          16
        ],
        "11": [
          16,
          17
        ],
        "9": [
          16,
          25
        ],
        "13": [
          17,
          27
        ],
        "8": [
          25,
          34
        ],
        "3": [
          0,
          3
        ],
        "2": [
          34,
          37
        ],
        "6": [
          27,
          29
        ],
        "14": [
          37,
          44
        ],
        "7": [
          3,
          6
        ],
        "16": [
          29,
          35
        ],
        "12": [
          37,
          39
        ],
        "15": [
          6,
          12
        ],
        "18": [
          39,
          44
        ],
        "20": [
          44,
          52
        ],
        "17": [
          52,
          54
        ],
        "21": [
          44,
          48
        ],
        "19": [
          54,
          57
        ],
        "22": [
          57,
          57
        ]
      },
      "activity_order": [
        1,
        4,
        5,
        10,
        11,
        9,
        13,
        8,
        3,
        2,
        6,
        14,
        7,
        16,
        12,
        15,
        18,
        20,
        17,
        21,
        19,
        22
      ]
    },
    "LFT": {
      "makespan": 54,
      "execution_time": 0.00033974647521972656,
      "schedule": {
        "1": [
          0,
          0
        ],
        "4": [
          0,
          2
        ],
        "5": [
          2,
          12
        ],
        "10": [
          12,
          16
        ],
        "11": [
          16,
          17
        ],
        "3": [
          0,
          3
        ],
        "9": [
          16,
          25
        ],
        "13": [
          17,
          27
        ],
        "2": [
          25,
          28
        ],
        "6": [
          27,
          29
        ],
        "7": [
          3,
          6
        ],
        "8": [
          28,
          37
        ],
        "12": [
          29,
          31
        ],
        "14": [
          37,
          44
        ],
        "16": [
          31,
          37
        ],
        "18": [
          37,
          42
        ],
        "15": [
          6,
          12
        ],
        "17": [
          44,
          46
        ],
        "19": [
          46,
          49
        ],
        "20": [
          46,
          54
        ],
        "21": [
          49,
          53
        ],
        "22": [
          54,
          54
        ]
      },
      "activity_order": [
        1,
        4,
        5,
        10,
        11,
        3,
        9,
        13,
        2,
        6,
        7,
        8,
        12,
        14,
        16,
        18,
        15,
        17,
        19,
        20,
        21,
        22
      ]
    },
    "MTS": {
      "makespan": 54,
      "execution_time": 0.0003421306610107422,
      "schedule": {
        "1": [
          0,
          0
        ],
        "4": [
          0,
          2
        ],
        "5": [
          2,
          12
        ],
        "10": [
          12,
          16
        ],
        "3": [
          0,
          3
        ],
        "11": [
          16,
          17
        ],
        "9": [
          16,
          25
        ],
        "13": [
          17,
          27
        ],
        "2": [
          25,
          28
        ],
        "6": [
          27,
          29
        ],
        "14": [
          28,
          35
        ],
        "16": [
          29,
          35
        ],
        "7": [
          3,
          6
        ],
        "8": [
          35,
          44
        ],
        "12": [
          35,
          37
        ],
        "15": [
          6,
          12
        ],
        "17": [
          44,
          46
        ],
        "18": [
          37,
          42
        ],
        "19": [
          46,
          49
        ],
        "20": [
          46,
          54
        ],
        "21": [
          49,
          53
        ],
        "22": [
          54,
          54
        ]
      },
      "activity_order": [
        1,
        4,
        5,
        10,
        3,
        11,
        9,
        13,
        2,
        6,
        14,
        16,
        7,
        8,
        12,
        15,
        17,
        18,
        19,
        20,
        21,
        22
      ]
    },
    "TIMROS": {
      "makespan": 70,
      "execution_time": 0.00035881996154785156,
      "schedule": {
        "1": [
          0,
          0
        ],
        "4": [
          0,
          2
        ],
        "5": [
          2,
          12
        ],
        "18": [
          2,
          7
        ],
        "8": [
          12,
          21
        ],
        "9": [
          21,
          30
        ],
        "14": [
          30,
          37
        ],
        "15": [
          2,
          8
        ],
        "10": [
          37,
          41
        ],
        "2": [
          41,
          44
        ],
        "3": [
          8,
          11
        ],
        "6": [
          11,
          13
        ],
        "12": [
          44,
          46
        ],
        "7": [
          11,
          14
        ],
        "20": [
          46,
          54
        ],
        "11": [
          46,
          47
        ],
        "13": [
          47,
          57
        ],
        "16": [
          57,
          63
        ],
        "21": [
          63,
          67
        ],
        "17": [
          63,
          65
        ],
        "19": [
          67,
          70
        ],
        "22": [
          70,
          70
        ]
      },
      "activity_order": [
        1,
        4,
        5,
        18,
        8,
        9,
        14,
        15,
        10,
        2,
        3,
        6,
        12,
        7,
        20,
        11,
        13,
        16,
        21,
        17,
        19,
        22
      ]
    },
    "HRU1": {
      "makespan": 66,