{
  "instance": "inst_set1a_sf0.75_nc1.8_n20_m20_00",
  "results": {
    "HRPW*": {
      "makespan": 74,
      "execution_time": 0.00035881996154785156,
      "schedule": {
        "1": [
          0,
          0
        ],
        "2": [
          0,
          6
        ],
        "6": [
          6,
          13
        ],
        "7": [
          13,
          22
        ],
        "3": [
          0,
          8
        ],
        "8": [
          22,
          28
        ],
        "12": [
          28,
          35
        ],
        "4": [
          8,
          15
        ],
        "10": [
          28,
          36
        ],
        "11": [
          28,
          34
        ],
        "5": [
          36,
          44
        ],
        "13": [
          35,
          39
        ],
        "14": [
          44,
          46
        ],
        "15": [
          46,
          53
        ],
        "17": [
          44,
          49
        ],
        "18": [
          53,
          59
        ],
        "21": [
          46,
          54
        ],
        "20": [
          59,
          66
        ],
        "9": [
          66,
          69
        ],
        "16": [
          69,
          71
        ],
        "19": [
          71,
          74
        ],
        "22": [
          74,
          74
        ]
      },
      "activity_order": [
        1,
        2,
        6,
        7,
        3,
        8,
        12,
        4,
        10,
        11,
        5,
        13,
        14,
        15,
        17,
        18,
        21,
        20,
        9,
        16,
        19,
        22
      ]
    },
    "LST": {
      "makespan": 74,
      "execution_time": 0.00032401084899902344,
      "schedule": {
        "1": [
          0,
          0
        ],
        "2": [
          0,
          6
        ],
        "6": [
          6,
          13
        ],
        "7": [
          13,
          22
        ],
        "3": [
          0,
          8
        ],
        "8": [
          22,
          28
        ],
        "12": [
          28,
          35
        ],
        "4": [
          8,
          15
        ],
        "10": [
          28,
          36
        ],
        "11": [
          28,
          34
        ],
        "5": [
          36,
          44
        ],
        "13": [
          35,
          39
        ],
        "14": [
          44,
          46
        ],
        "15": [
          46,
          53
        ],
        "17": [
          44,
          49
        ],
        "18": [
          53,
          59
        ],
        "21": [
          46,
          54
        ],
        "20": [
          59,
          66
        ],
        "9": [
          66,
          69
        ],
        "16": [
          69,
          71
        ],
        "19": [
          71,
          74
        ],
        "22": [
          74,
          74
        ]
      },
      "activity_order": [
        1,
        2,
        6,
        7,
        3,
        8,
        12,
        4,
        10,
        11,
        5,
        13,
        14,
        15,
        17,
        18,
        21,
        20,
        9,
        16,
        19,
        22
      ]
    },
    "LFT": {
      "makespan": 64,
      "execution_time": 0.0003025531768798828,
      "schedule": {
        "1": [
          0,
          0
        ],
        "2": [
          0,
          6
        ],
        "6": [
          6,
          13
        ],
        "7": [
          13,
          22
        ],
        "3": [
          0,
          8
        ],
        "8": [
          22,
          28
        ],
        "12": [
          28,
          35
        ],
        "4": [
          8,
          15
        ],
        "11": [
          28,
          34
        ],
        "10": [
          28,
          36
        ],
        "13": [
          35,
          39
        ],
        "14": [
          36,
          38
        ],
        "5": [
          38,
          46
        ],
        "15": [
          39,
          46
        ],
        "17": [
          46,
          51
        ],
        "9": [
          46,
          49
        ],
        "16": [
          49,
          51
        ],
        "18": [
          51,
          57
        ],
        "19": [
          57,
          60
        ],
        "20": [
          57,
          64
        ],
        "21": [
          46,
          54
        ],
        "22": [
          64,
          64
        ]
      },
      "activity_order": [
        1,
        2,
        6,
        7,
        3,
        8,
        12,
        4,
        11,
        10,
        13,
        14,
        5,
        15,
        17,
        9,
        16,
        18,
        19,
        20,
        21,
        22
      ]
    },
    "MTS": {
      "makespan": 64,
      "execution_time": 0.0003693103790283203,
      "schedule": {
        "1": [
          0,
          0
        ],
        "2": [
          0,
          6
        ],
        "6": [
          6,
          13
        ],
        "3": [
          0,
          8
        ],
        "8": [
          13,
          19
        ],
        "4": [
          8,
          15
        ],
        "5": [
          15,
          23
        ],
        "7": [
          19,
          28
        ],
        "10": [
          23,
          31
        ],
        "12": [
          28,
          35
        ],
        "11": [
          19,
          25
        ],
        "13": [
          35,
          39
        ],
        "14": [
          31,
          33
        ],
        "17": [
          39,
          44
        ],
        "15": [
          39,
          46
        ],
        "9": [
          46,
          49
        ],
        "16": [
          49,
          51
        ],
        "18": [
          51,
          57
        ],
        "19": [
          57,
          60
        ],
        "20": [
          57,
          64
        ],
        "21": [
          33,
          41
        ],
        "22": [
          64,
          64
        ]
      },
      "activity_order": [
        1,
        2,
        6,
        3,
        8,
        4,
        5,
        7,
        10,
        12,
        11,
        13,
        14,
        17,
        15,
        9,
        16,
        18,
        19,
        20,
        21,
        22
      ]
    },
    "TIMROS": {
      "makespan": 90,
      "execution_time": 0.00030541419982910156,
      "schedule": {
        "1": [
          0,
          0
        ],
        "2": [
          0,
          6
        ],
        "6": [
          6,
          13
        ],
        "7": [
          13,
          22
        ],
        "12": [
          22,
          29
        ],
        "8": [
          29,
          35
        ],
        "11": [
          35,
          41
        ],
        "3": [
          0,
          8
        ],
        "5": [
          8,
          16
        ],
        "10": [
          35,
          43
        ],
        "16": [
          35,
          37
        ],
        "21": [
          43,
          51
        ],
        "4": [
          51,
          58
        ],
        "9": [
          58,
          61
        ],
        "17": [
          58,
          63
        ],
        "13": [
          63,
          67
        ],
        "20": [
          67,
          74
        ],
        "14": [
          58,
          60
        ],
        "15": [
          74,
          81
        ],
        "18": [
          81,
          87
        ],
        "19": [
          87,
          90
        ],
        "22": [
          90,
          90
        ]
      },
      "activity_order": [
        1,
        2,
        6,
        7,
        12,
        8,
        11,
        3,
        5,
        10,
        16,
        21,
        4,
        9,
        17,
        13,
        20,
        14,
        15,
        18,
        19,
        22
      ]
    },
    "HRU1": {
      "makespan": 64,