{
  "instance": "inst_set1a_sf0.75_nc1.8_n20_m25_01",
  "results": {
    "HRPW*": {
      "makespan": 80,
      "execution_time": 7.748603820800781e-05,
      "schedule": {
        "1": [
          0,
          0
        ],
        "4": [
          0,
          4
        ],
        "10": [
          4,
          11
        ],
        "3": [
          11,
          16
        ],
        "5": [
          16,
          17
        ],
        "11": [
          17,
          21
        ],
        "6": [
          21,
          25
        ],
        "8": [
          25,
          30
        ],
        "9": [
          30,
          31
        ],
        "12": [
          31,
          38
        ],
        "13": [
          38,
          48
        ],
        "14": [
          48,
          54
        ],
        "7": [
          54,
          58
        ],
        "16": [
          58,
          59
        ],
        "18": [
          59,
          63
        ],
        "15": [
          63,
          66
        ],
        "17": [
          66,
          68
        ],
        "19": [
          68,
          73
        ],
        "2": [
          73,
          75
        ],
        "20": [
          75,
          78
        ],
        "21": [
          78,
          80
        ],
        "22": [
          80,
          80
        ]
      },
      "activity_order": [
        1,
        4,
        10,
        3,
        5,
        11,
        6,
        8,
        9,
        12,
        13,
        14,
        7,
        16,
        18,
        15,
        17,
        19,
        2,
        20,
        21,
        22
      ]
    },
    "LST": {
      "makespan": 80,
      "execution_time": 6.246566772460938e-05,
      "schedule": {
        "1": [
          0,
          0
        ],
        "4": [
          0,
          4
        ],
        "10": [
          4,
          11
        ],
        "3": [
          11,
          16
        ],
        "5": [
          16,
          17
        ],
        "11": [
          17,
          21
        ],
        "6": [
          21,
          25
        ],
        "8": [
          25,
          30
        ],
        "9": [
          30,
          31
        ],
        "12": [
          31,
          38
        ],
        "13": [
          38,
          48
        ],
        "14": [
          48,
          54
        ],
        "7": [
          54,
          58
        ],
        "16": [
          58,
          59
        ],
        "18": [
          59,
          63
        ],
        "15": [
          63,
          66
        ],
        "17": [
          66,
          68
        ],
        "19": [
          68,
          73
        ],
        "2": [
          73,
          75
        ],
        "20": [
          75,
          78
        ],
        "21": [
          78,
          80
        ],
        "22": [
          80,
          80
        ]
      },
      "activity_order": [
        1,
        4,
        10,
        3,
        5,
        11,
        6,
        8,
        9,
        12,
        13,
        14,
        7,
        16,
        18,
        15,
        17,
        19,
        2,
        20,
        21,
        22
      ]
    },
    "LFT": {
      "makespan": 80,
      "execution_time": 4.649162292480469e-05,
      "schedule": {
        "1": [
          0,
          0
        ],
        "4": [
          0,
          4
        ],
        "10": [
          4,
          11
        ],
        "5": [
          11,
          12
        ],
        "3": [
          12,
          17
        ],
        "9": [
          17,
          18
        ],
        "11": [
          18,
          22
        ],
        "6": [
          22,
          26
        ],
        "8": [
          26,
          31
        ],
        "12": [
          31,
          38
        ],
        "16": [
          38,
          39
        ],
        "7": [
          39,
          43
        ],
        "14": [
          43,
          49
        ],
        "13": [
          49,
          59
        ],
        "15": [
          59,
          62
        ],
        "18": [
          62,
          66
        ],
        "17": [
          66,
          68
        ],
        "2": [
          68,
          70
        ],
        "19": [
          70,
          75
        ],
        "20": [
          75,
          78
        ],
        "21": [
          78,
          80
        ],
        "22": [
          80,
          80
        ]
      },
      "activity_order": [
        1,
        4,
        10,
        5,
        3,
        9,
        11,
        6,
        8,
        12,
        16,
        7,
        14,
        13,
        15,
        18,
        17,
        2,
        19,
        20,
        21,
        22
      ]
    },
    "MTS": {
      "makespan": 80,
      "execution_time": 4.601478576660156e-05,
      "schedule": {
        "1": [
          0,
          0
        ],
        "4": [
          0,
          4
        ],
        "5": [
          4,
          5
        ],
        "10": [
          5,
          12
        ],
        "6": [
          12,
          16
        ],
        "11": [
          16,
          20
        ],
        "9": [
          20,
          21
        ],
        "8": [
          21,
          26
        ],
        "3": [
          26,
          31
        ],
        "7": [
          31,
          35
        ],
        "12": [
          35,
          42
        ],
        "13": [
          42,
          52
        ],
        "14": [
          52,
          58
        ],
        "16": [
          58,
          59
        ],
        "2": [
          59,
          61
        ],
        "15": [
          61,
          64
        ],
        "17": [
          64,
          66
        ],
        "18": [
          66,
          70
        ],
        "19": [
          70,
          75
        ],
        "20": [
          75,
          78
        ],
        "21": [
          78,
          80
        ],
        "22": [
          80,
          80
        ]
      },
      "activity_order": [
        1,
        4,
        5,
        10,
        6,
        11,
        9,
        8,
        3,
        7,
        12,
        13,
        14,
        16,
        2,
        15,
        17,
        18,
        19,
        20,
        21,
        22
      ]
    },
    "TIMROS": {
      "makespan": 80,
      "execution_time": 6.103515625e-05,
      "schedule": {
        "1": [
          0,
          0
        ],
        "2": [
          0,
          2
        ],
        "3": [
          2,
          7
        ],
        "4": [
          7,
          11
        ],
        "10": [
          11,
          18
        ],
        "11": [
          18,
          22
        ],
        "6": [
          22,
          26
        ],
        "13": [
          26,
          36
        ],
        "17": [
          36,
          38
        ],
        "5": [
          38,
          39
        ],
        "8": [
          39,
          44
        ],
        "7": [
          44,
          48
        ],
        "14": [
          48,
          54
        ],
        "9": [
          54,
          55
        ],
        "20": [
          55,
          58
        ],
        "12": [
          58,
          65
        ],
        "15": [
          65,
          68
        ],
        "21": [
          68,
          70
        ],
        "16": [
          70,
          71
        ],
        "18": [
          71,
          75
        ],
        "19": [
          75,
          80
        ],
        "22": [
          80,
          80
        ]
      },
      "activity_order": [
        1,
        2,
        3,
        4,
        10,
        11,
        6,
        13,
        17,
        5,
        8,
        7,
        14,
        9,
        20,
        12,
        15,
        21,
        16,
        18,
        19,
        22
      ]
    },
    "HRU1": {
      "makespan": 80,