{
  "instance": "inst_set1a_sf0.5_nc1.5_n20_m15_04",
  "results": {
    "HRPW*": {
      "makespan": 128,
      "execution_time": 4.029273986816406e-05,
      "schedule": {
        "1": [
          0,
          0
        ],
        "2": [
          0,
          6
        ],
        "6": [
          6,
          14
        ],
        "10": [
          14,
          20
        ],
        "4": [
          20,
          26
        ],
        "3": [
          26,
          36
        ],
        "14": [
          36,
          46
        ],
        "5": [
          46,
          51
        ],
        "9": [
          51,
          59
        ],
        "7": [
          59,
          68
        ],
        "11": [
          68,
          77
        ],
        "15": [
          77,
          81
        ],
        "18": [
          81,
          87
        ],
        "13": [
          87,
          95
        ],
        "8": [
          95,
          96
        ],
        "12": [
          96,
          100
        ],
        "17": [
          100,
          101
        ],
        "16": [
          101,
          108
        ],
        "20": [
          108,
          118
        ],
        "19": [
          118,
          125
        ],
        "21": [
          125,
          128
        ],
        "22": [
          128,
          128
        ]
      },
      "activity_order": [
        1,
        2,
        6,
        10,
        4,
        3,
        14,
        5,
        9,
        7,
        11,
        15,
        18,
        13,
        8,
        12,
        17,
        16,
        20,
        19,
        21,
        22
      ]
    },
    "LST": {
      "makespan": 128,
      "execution_time": 3.7670135498046875e-05,
      "schedule": {
        "1": [
          0,
          0
        ],
        "2": [
          0,
          6
        ],
        "6": [
          6,
          14
        ],
        "10": [
          14,
          20
        ],
        "4": [
          20,
          26
        ],
        "3": [
          26,
          36
        ],
        "14": [
          36,
          46
        ],
        "5": [
          46,
          51
        ],
        "9": [
          51,
          59
        ],
        "7": [
          59,
          68
        ],
        "11": [
          68,
          77
        ],
        "15": [
          77,
          81
        ],
        "18": [
          81,
          87
        ],
        "13": [
          87,
          95
        ],
        "8": [
          95,
          96
        ],
        "12": [
          96,
          100
        ],
        "17": [
          100,
          101
        ],
        "16": [
          101,
          108
        ],
        "20": [
          108,
          118
        ],
        "19": [
          118,
          125
        ],
        "21": [
          125,
          128
        ],
        "22": [
          128,
          128
        ]
      },
      "activity_order": [
        1,
        2,
        6,
        10,
        4,
        3,
        14,
        5,
        9,
        7,
        11,
        15,
        18,
        13,
        8,
        12,
        17,
        16,
        20,
        19,
        21,
        22
      ]
    },
    "LFT": {
      "makespan": 128,
      "execution_time": 3.743171691894531e-05,
      "schedule": {
        "1": [
          0,
          0
        ],
        "2": [
          0,
          6
        ],
        "6": [
          6,
          14
        ],
        "10": [
          14,
          20
        ],
        "4": [
          20,
          26
        ],
        "5": [
          26,
          31
        ],
        "3": [
          31,
          41
        ],
        "14": [
          41,
          51
        ],
        "15": [
          51,
          55
        ],
        "9": [
          55,
          63
        ],
        "7": [
          63,
          72
        ],
        "8": [
          72,
          73
        ],
        "11": [
          73,
          82
        ],
        "17": [
          82,
          83
        ],
        "18": [
          83,
          89
        ],
        "12": [
          89,
          93
        ],
        "13": [
          93,
          101
        ],
        "16": [
          101,
          108
        ],
        "19": [
          108,
          115
        ],
        "20": [
          115,
          125
        ],
        "21": [
          125,
          128
        ],
        "22": [
          128,
          128
        ]
      },
      "activity_order": [
        1,
        2,
        6,
        10,
        4,
        5,
        3,
        14,
        15,
        9,
        7,
        8,
        11,
        17,
        18,
        12,
        13,
        16,
        19,
        20,
        21,
        22
      ]
    },
    "MTS": {
      "makespan": 128,
      "execution_time": 3.695487976074219e-05,
      "schedule": {
        "1": [
          0,
          0
        ],
        "2": [
          0,
          6
        ],
        "6": [
          6,
          14
        ],
        "3": [
          14,
          24
        ],
        "4": [
          24,
          30
        ],
        "10": [
          30,
          36
        ],
        "14": [
          36,
          46
        ],
        "5": [
          46,
          51
        ],
        "7": [
          51,
          60
        ],
        "8": [
          60,
          61
        ],
        "15": [
          61,
          65
        ],
        "9": [
          65,
          73
        ],
        "11": [
          73,
          82
        ],
        "17": [
          82,
          83
        ],
        "12": [
          83,
          87
        ],
        "13": [
          87,
          95
        ],
        "16": [
          95,
          102
        ],
        "18": [
          102,
          108
        ],
        "19": [
          108,
          115
        ],
        "20": [
          115,
          125
        ],
        "21": [
          125,
          128
        ],
        "22": [
          128,
          128
        ]
      },
      "activity_order": [
        1,
        2,
        6,
        3,
        4,
        10,
        14,
        5,
        7,
        8,
        15,
        9,
        11,
        17,
        12,
        13,
        16,
        18,
        19,
        20,
        21,
        22
      ]
    },
    "TIMROS": {
      "makespan": 128,
      "execution_time": 4.57763671875e-05,
      "schedule": {
        "1": [
          0,
          0
        ],
        "3": [
          0,
          10
        ],
        "7": [
          10,
          19
        ],
        "2": [
          19,
          25
        ],
        "11": [
          25,
          34
        ],
        "16": [
          34,
          41
        ],
        "6": [
          41,
          49
        ],
        "10": [
          49,
          55
        ],
        "14": [
          55,
          65
        ],
        "15": [
          65,
          69
        ],
        "18": [
          69,
          75
        ],
        "4": [
          75,
          81
        ],
        "5": [
          81,
          86
        ],
        "9": [
          86,
          94
        ],
        "13": [
          94,
          102
        ],
        "12": [
          102,
          106
        ],
        "21": [
          106,
          109
        ],
        "8": [
          109,
          110
        ],
        "17": [
          110,
          111
        ],
        "20": [
          111,
          121
        ],
        "19": [
          121,
          128
        ],
        "22": [
          128,
          128
        ]
      },