{
  "instance": "inst_set1a_sf0_nc2.1_n20_m25_05",
  "results": {
    "HRPW*": {
      "makespan": 60,
      "execution_time": 0.0006852149963378906,
      "schedule": {
        "1": [
          0,
          0
        ],
        "3": [
          0,
          10
        ],
        "2": [
          0,
          7
        ],
        "4": [
          0,
          6
        ],
        "5": [
          10,
          12
        ],
        "6": [
          12,
          17
        ],
        "8": [
          17,
          27
        ],
        "9": [
          10,
          18
        ],
        "10": [
          18,
          23
        ],
        "11": [
          27,
          34
        ],
        "7": [
          17,
          23
        ],
        "12": [
          34,
          35
        ],
        "17": [
          35,
          44
        ],
        "15": [
          35,
          38
        ],
        "13": [
          38,
          42
        ],
        "14": [
          35,
          40
        ],
        "16": [
          40,
          45
        ],
        "20": [
          44,
          53
        ],
        "18": [
          53,
          54
        ],
        "21": [
          54,
          60
        ],
        "19": [
          54,
          59
        ],
        "22": [
          60,
          60
        ]
      },
      "activity_order": [
        1,
        3,
        2,
        4,
        5,
        6,
        8,
        9,
        10,
        11,
        7,
        12,
        17,
        15,
        13,
        14,
        16,
        20,
        18,
        21,
        19,
        22
      ]
    },
    "LST": {
      "makespan": 60,
      "execution_time": 0.00039958953857421875,
      "schedule": {
        "1": [
          0,
          0
        ],
        "3": [
          0,
          10
        ],
        "2": [
          0,
          7
        ],
        "4": [
          0,
          6
        ],
        "5": [
          10,
          12
        ],
        "6": [
          12,
          17
        ],
        "8": [
          17,
          27
        ],
        "9": [
          10,
          18
        ],
        "10": [
          18,
          23
        ],
        "11": [
          27,
          34
        ],
        "7": [
          17,
          23
        ],
        "12": [
          34,
          35
        ],
        "17": [
          35,
          44
        ],
        "15": [
          35,
          38
        ],
        "13": [
          38,
          42
        ],
        "14": [
          35,
          40
        ],
        "16": [
          40,
          45
        ],
        "20": [
          44,
          53
        ],
        "18": [
          53,
          54
        ],
        "21": [
          54,
          60
        ],
        "19": [
          54,
          59
        ],
        "22": [
          60,
          60
        ]
      },
      "activity_order": [
        1,
        3,
        2,
        4,
        5,
        6,
        8,
        9,
        10,
        11,
        7,
        12,
        17,
        15,
        13,
        14,
        16,
        20,
        18,
        21,
        19,
        22
      ]
    },
    "LFT": {
      "makespan": 60,
      "execution_time": 0.0003914833068847656,
      "schedule": {
        "1": [
          0,
          0
        ],
        "2": [
          0,
          7
        ],
        "3": [
          0,
          10
        ],
        "4": [
          0,
          6
        ],
        "5": [
          10,
          12
        ],
        "6": [
          12,
          17
        ],
        "8": [
          17,
          27
        ],
        "9": [
          10,
          18
        ],
        "10": [
          18,
          23
        ],
        "12": [
          27,
          28
        ],
        "11": [
          28,
          35
        ],
        "7": [
          17,
          23
        ],
        "15": [
          28,
          31
        ],
        "13": [
          35,
          39
        ],
        "14": [
          35,
          40
        ],
        "16": [
          40,
          45
        ],
        "17": [
          35,
          44
        ],
        "18": [
          44,
          45
        ],
        "19": [
          45,
          50
        ],
        "20": [
          45,
          54
        ],
        "21": [
          54,
          60
        ],
        "22": [
          60,
          60
        ]
      },
      "activity_order": [
        1,
        2,
        3,
        4,
        5,
        6,
        8,
        9,
        10,
        12,
        11,
        7,
        15,
        13,
        14,
        16,
        17,
        18,
        19,
        20,
        21,
        22
      ]
    },
    "MTS": {
      "makespan": 57,
      "execution_time": 0.0003681182861328125,
      "schedule": {
        "1": [
          0,
          0
        ],
        "2": [
          0,
          7
        ],
        "3": [
          0,
          10
        ],
        "4": [
          0,
          6
        ],
        "6": [
          7,
          12
        ],
        "9": [
          10,
          18
        ],
        "5": [
          12,
          14
        ],
        "11": [
          14,
          21
        ],
        "12": [
          21,
          22
        ],
        "8": [
          22,
          32
        ],
        "7": [
          12,
          18
        ],
        "10": [
          18,
          23
        ],
        "13": [
          21,
          25
        ],
        "15": [
          25,
          28
        ],
        "14": [
          32,
          37
        ],
        "17": [
          32,
          41
        ],
        "16": [
          37,
          42
        ],
        "18": [
          41,
          42
        ],
        "19": [
          42,
          47
        ],
        "20": [
          42,
          51
        ],
        "21": [
          51,
          57
        ],
        "22": [
          57,
          57
        ]
      },
      "activity_order": [
        1,
        2,
        3,
        4,
        6,
        9,
        5,
        11,
        12,
        8,
        7,
        10,
        13,
        15,
        14,
        17,
        16,
        18,
        19,
        20,
        21,
        22
      ]
    },
    "TIMROS": {
      "makespan": 72,
      "execution_time": 0.0003561973571777344,
      "schedule": {
        "1": [
          0,
          0
        ],
        "2": [
          0,
          7
        ],
        "6": [
          7,
          12
        ],
        "11": [
          12,
          19
        ],
        "4": [
          0,
          6
        ],
        "3": [
          0,
          10
        ],
        "9": [
          10,
          18
        ],
        "5": [
          19,
          21
        ],
        "8": [
          21,
          31
        ],
        "10": [
          21,
          26
        ],
        "17": [
          31,
          40
        ],
        "7": [
          12,
          18
        ],
        "12": [
          40,
          41
        ],
        "14": [
          41,
          46
        ],
        "15": [
          41,
          44
        ],
        "16": [
          46,
          51
        ],
        "21": [
          51,
          57
        ],
        "13": [
          44,
          48
        ],
        "20": [
          57,
          66
        ],
        "18": [
          66,
          67
        ],
        "19": [
          67,
          72
        ],
        "22": [
          72,
          72
        ]
      },
      "activity_order": [
        1,
        2,
        6,
        11,
        4,
        3,
        9,
        5,
        8,
        10,
        17,
        7,
        12,
        14,
        15,
        16,
        21,
        13,
        20,
        18,
        19,
        22
      ]
    },
    "HRU1": {
      "makespan": 62,