{
  "instance": "inst_set1a_sf0_nc1.5_n20_m20_02",
  "results": {
    "HRPW*": {
      "makespan": 65,
      "execution_time": 0.0002899169921875,
      "schedule": {
        "1": [
          0,
          0
        ],
        "4": [
          0,
          10
        ],
        "2": [
          0,
          10
        ],
        "6": [
          10,
          16
        ],
        "10": [
          16,
          24
        ],
        "14": [
          24,
          26
        ],
        "3": [
          0,
          4
        ],
        "7": [
          26,
          32
        ],
        "12": [
          16,
          19
        ],
        "17": [
          26,
          28
        ],
        "18": [
          28,
          35
        ],
        "5": [
          32,
          38
        ],
        "9": [
          35,
          43
        ],
        "8": [
          38,
          48
        ],
        "13": [
          48,
          51
        ],
        "11": [
          19,
          20
        ],
        "15": [
          51,
          53
        ],
        "19": [
          53,
          60
        ],
        "16": [
          53,
          55
        ],
        "20": [
          60,
          64
        ],
        "21": [
          64,
          65
        ],
        "22": [
          65,
          65
        ]
      },
      "activity_order": [
        1,
        4,
        2,
        6,
        10,
        14,
        3,
        7,
        12,
        17,
        18,
        5,
        9,
        8,
        13,
        11,
        15,
        19,
        16,
        20,
        21,
        22
      ]
    },
    "LST": {
      "makespan": 65,
      "execution_time": 0.0002911090850830078,
      "schedule": {
        "1": [
          0,
          0
        ],
        "4": [
          0,
          10
        ],
        "2": [
          0,
          10
        ],
        "6": [
          10,
          16
        ],
        "10": [
          16,
          24
        ],
        "14": [
          24,
          26
        ],
        "3": [
          0,
          4
        ],
        "7": [
          26,
          32
        ],
        "12": [
          16,
          19
        ],
        "17": [
          26,
          28
        ],
        "18": [
          28,
          35
        ],
        "5": [
          32,
          38
        ],
        "9": [
          35,
          43
        ],
        "8": [
          38,
          48
        ],
        "13": [
          48,
          51
        ],
        "11": [
          19,
          20
        ],
        "15": [
          51,
          53
        ],
        "19": [
          53,
          60
        ],
        "16": [
          53,
          55
        ],
        "20": [
          60,
          64
        ],
        "21": [
          64,
          65
        ],
        "22": [
          65,
          65
        ]
      },
      "activity_order": [
        1,
        4,
        2,
        6,
        10,
        14,
        3,
        7,
        12,
        17,
        18,
        5,
        9,
        8,
        13,
        11,
        15,
        19,
        16,
        20,
        21,
        22
      ]
    },
    "LFT": {
      "makespan": 65,
      "execution_time": 0.0003132820129394531,
      "schedule": {
        "1": [
          0,
          0
        ],
        "4": [
          0,
          10
        ],
        "2": [
          0,
          10
        ],
        "6": [
          10,
          16
        ],
        "14": [
          16,
          18
        ],
        "12": [
          16,
          19
        ],
        "17": [
          18,
          20
        ],
        "3": [
          19,
          23
        ],
        "7": [
          18,
          24
        ],
        "10": [
          24,
          32
        ],
        "11": [
          23,
          24
        ],
        "13": [
          32,
          35
        ],
        "5": [
          35,
          41
        ],
        "18": [
          20,
          27
        ],
        "15": [
          41,
          43
        ],
        "9": [
          27,
          35
        ],
        "16": [
          43,
          45
        ],
        "8": [
          43,
          53
        ],
        "19": [
          53,
          60
        ],
        "20": [
          60,
          64
        ],
        "21": [
          64,
          65
        ],
        "22": [
          65,
          65
        ]
      },
      "activity_order": [
        1,
        4,
        2,
        6,
        14,
        12,
        17,
        3,
        7,
        10,
        11,
        13,
        5,
        18,
        15,
        9,
        16,
        8,
        19,
        20,
        21,
        22
      ]
    },
    "MTS": {
      "makespan": 65,
      "execution_time": 0.00032448768615722656,
      "schedule": {
        "1": [
          0,
          0
        ],
        "4": [
          0,
          10
        ],
        "2": [
          0,
          10
        ],
        "6": [
          10,
          16
        ],
        "3": [
          0,
          4
        ],
        "10": [
          16,
          24
        ],
        "14": [
          24,
          26
        ],
        "11": [
          10,
          11
        ],
        "13": [
          26,
          29
        ],
        "17": [
          26,
          28
        ],
        "7": [
          29,
          35
        ],
        "12": [
          16,
          19
        ],
        "15": [
          35,
          37
        ],
        "5": [
          37,
          43
        ],
        "8": [
          43,
          53
        ],
        "9": [
          10,
          18
        ],
        "16": [
          37,
          39
        ],
        "18": [
          28,
          35
        ],
        "19": [
          53,
          60
        ],
        "20": [
          60,
          64
        ],
        "21": [
          64,
          65
        ],
        "22": [
          65,
          65
        ]
      },
      "activity_order": [
        1,
        4,
        2,
        6,
        3,
        10,
        14,
        11,
        13,
        17,
        7,
        12,
        15,
        5,
        8,
        9,
        16,
        18,
        19,
        20,
        21,
        22
      ]
    },
    "TIMROS": {
      "makespan": 69,
      "execution_time": 0.0003056526184082031,
      "schedule": {
        "1": [
          0,
          0
        ],
        "4": [
          0,
          10
        ],
        "10": [
          10,
          18
        ],
        "6": [
          18,
          24
        ],
        "7": [
          24,
          30
        ],
        "2": [
          0,
          10
        ],
        "8": [
          30,
          40
        ],
        "13": [
          40,
          43
        ],
        "9": [
          10,
          18
        ],
        "14": [
          43,
          45
        ],
        "17": [
          45,
          47
        ],
        "21": [
          47,
          48
        ],
        "3": [
          0,
          4
        ],
        "5": [
          48,
          54
        ],
        "12": [
          24,
          27
        ],
        "18": [
          47,
          54
        ],
        "19": [
          54,
          61
        ],
        "11": [
          27,
          28
        ],
        "15": [
          61,
          63
        ],
        "16": [
          63,
          65
        ],
        "20": [
          65,
          69
        ],
        "22": [
          69,
          69
        ]
      },
      "activity_order": [
        1,
        4,
        10,
        6,
        7,
        2,
        8,
        13,
        9,
        14,
        17,
        21,
        3,
        5,
        12,
        18,
        19,
        11,
        15,
        16,
        20,
        22
      ]
    },
    "HRU1": {
      "makespan": 65,