{
  "instance": "inst_set1a_sf0_nc1.8_n20_m20_00",
  "results": {
    "HRPW*": {
      "makespan": 50,
      "execution_time": 0.0003273487091064453,
      "schedule": {
        "1": [
          0,
          0
        ],
        "4": [
          0,
          5
        ],
        "3": [
          0,
          9
        ],
        "7": [
          5,
          11
        ],
        "8": [
          11,
          20
        ],
        "11": [
          9,
          17
        ],
        "6": [
          20,
          22
        ],
        "10": [
          20,
          21
        ],
        "12": [
          22,
          29
        ],
        "14": [
          22,
          26
        ],
        "15": [
          29,
          31
        ],
        "2": [
          26,
          27
        ],
        "17": [
          31,
          33
        ],
        "13": [
          33,
          38
        ],
        "18": [
          33,
          37
        ],
        "9": [
          37,
          38
        ],
        "19": [
          38,
          47
        ],
        "5": [
          27,
          32
        ],
        "16": [
          32,
          37
        ],
        "20": [
          38,
          46
        ],
        "21": [
          47,
          50
        ],
        "22": [
          50,
          50
        ]
      },
      "activity_order": [
        1,
        4,
        3,
        7,
        8,
        11,
        6,
        10,
        12,
        14,
        15,
        2,
        17,
        13,
        18,
        9,
        19,
        5,
        16,
        20,
        21,
        22
      ]
    },
    "LST": {
      "makespan": 50,
      "execution_time": 0.0003662109375,
      "schedule": {
        "1": [
          0,
          0
        ],
        "4": [
          0,
          5
        ],
        "3": [
          0,
          9
        ],
        "7": [
          5,
          11
        ],
        "8": [
          11,
          20
        ],
        "11": [
          9,
          17
        ],
        "6": [
          20,
          22
        ],
        "10": [
          20,
          21
        ],
        "12": [
          22,
          29
        ],
        "14": [
          22,
          26
        ],
        "15": [
          29,
          31
        ],
        "2": [
          26,
          27
        ],
        "17": [
          31,
          33
        ],
        "13": [
          33,
          38
        ],
        "18": [
          33,
          37
        ],
        "9": [
          37,
          38
        ],
        "19": [
          38,
          47
        ],
        "5": [
          27,
          32
        ],
        "16": [
          32,
          37
        ],
        "20": [
          38,
          46
        ],
        "21": [
          47,
          50
        ],
        "22": [
          50,
          50
        ]
      },
      "activity_order": [
        1,
        4,
        3,
        7,
        8,
        11,
        6,
        10,
        12,
        14,
        15,
        2,
        17,
        13,
        18,
        9,
        19,
        5,
        16,
        20,
        21,
        22
      ]
    },
    "LFT": {
      "makespan": 57,
      "execution_time": 0.0003445148468017578,
      "schedule": {
        "1": [
          0,
          0
        ],
        "4": [
          0,
          5
        ],
        "3": [
          0,
          9
        ],
        "7": [
          5,
          11
        ],
        "8": [
          11,
          20
        ],
        "6": [
          20,
          22
        ],
        "10": [
          20,
          21
        ],
        "11": [
          21,
          29
        ],
        "12": [
          29,
          36
        ],
        "14": [
          22,
          26
        ],
        "15": [
          36,
          38
        ],
        "2": [
          26,
          27
        ],
        "17": [
          38,
          40
        ],
        "9": [
          9,
          10
        ],
        "13": [
          40,
          45
        ],
        "18": [
          40,
          44
        ],
        "5": [
          27,
          32
        ],
        "16": [
          36,
          41
        ],
        "19": [
          45,
          54
        ],
        "20": [
          45,
          53
        ],
        "21": [
          54,
          57
        ],
        "22": [
          57,
          57
        ]
      },
      "activity_order": [
        1,
        4,
        3,
        7,
        8,
        6,
        10,
        11,
        12,
        14,
        15,
        2,
        17,
        9,
        13,
        18,
        5,
        16,
        19,
        20,
        21,
        22
      ]
    },
    "MTS": {
      "makespan": 57,
      "execution_time": 0.00032639503479003906,
      "schedule": {
        "1": [
          0,
          0
        ],
        "4": [
          0,
          5
        ],
        "3": [
          0,
          9
        ],
        "7": [
          5,
          11
        ],
        "8": [
          11,
          20
        ],
        "6": [
          20,
          22
        ],
        "10": [
          20,
          21
        ],
        "11": [
          21,
          29
        ],
        "14": [
          22,
          26
        ],
        "2": [
          26,
          27
        ],
        "12": [
          29,
          36
        ],
        "15": [
          36,
          38
        ],
        "17": [
          38,
          40
        ],
        "5": [
          27,
          32
        ],
        "9": [
          9,
          10
        ],
        "13": [
          40,
          45
        ],
        "16": [
          36,
          41
        ],
        "18": [
          40,
          44
        ],
        "19": [
          45,
          54
        ],
        "20": [
          45,
          53
        ],
        "21": [
          54,
          57
        ],
        "22": [
          57,
          57
        ]
      },
      "activity_order": [
        1,
        4,
        3,
        7,
        8,
        6,
        10,
        11,
        14,
        2,
        12,
        15,
        17,
        5,
        9,
        13,
        16,
        18,
        19,
        20,
        21,
        22
      ]
    },
    "TIMROS": {
      "makespan": 62,
      "execution_time": 0.0003421306610107422,
      "schedule": {
        "1": [
          0,
          0
        ],
        "4": [
          0,
          5
        ],
        "7": [
          5,
          11
        ],
        "3": [
          0,
          9
        ],
        "11": [
          9,
          17
        ],
        "8": [
          11,
          20
        ],
        "15": [
          17,
          19
        ],
        "9": [
          9,
          10
        ],
        "10": [
          20,
          21
        ],
        "14": [
          20,
          24
        ],
        "19": [
          24,
          33
        ],
        "6": [
          24,
          26
        ],
        "12": [
          33,
          40
        ],
        "2": [
          26,
          27
        ],
        "13": [
          40,
          45
        ],
        "5": [
          27,
          32
        ],
        "16": [
          40,
          45
        ],
        "21": [
          45,
          48
        ],
        "17": [
          48,
          50
        ],
        "18": [
          50,
          54
        ],
        "20": [
          54,
          62
        ],
        "22": [
          62,
          62
        ]
      },
      "activity_order": [
        1,
        4,
        7,
        3,
        11,
        8,
        15,
        9,
        10,
        14,
        19,
        6,
        12,
        2,
        13,
        5,
        16,
        21,
        17,
        18,
        20,
        22
      ]
    },
    "HRU1": {
      "makespan": 66,