{
  "instance": "inst_set1a_sf0.75_nc1.5_n20_m20_01",
  "results": {
    "HRPW*": {
      "makespan": 99,
      "execution_time": 3.743171691894531e-05,
      "schedule": {
        "1": [
          0,
          0
        ],
        "4": [
          0,
          2
        ],
        "5": [
          2,
          12
        ],
        "10": [
          12,
          16
        ],
        "11": [
          16,
          17
        ],
        "9": [
          17,
          26
        ],
        "13": [
          26,
          36
        ],
        "8": [
          36,
          45
        ],
        "3": [
          45,
          48
        ],
        "2": [
          48,
          51
        ],
        "6": [
          51,
          53
        ],
        "14": [
          53,
          60
        ],
        "7": [
          60,
          63
        ],
        "16": [
          63,
          69
        ],
        "12": [
          69,
          71
        ],
        "15": [
          71,
          77
        ],
        "18": [
          77,
          82
        ],
        "20": [
          82,
          90
        ],
        "17": [
          90,
          92
        ],
        "21": [
          92,
          96
        ],
        "19": [
          96,
          99
        ],
        "22": [
          99,
          99
        ]
      },
      "activity_order": [
        1,
        4,
        5,
        10,
        11,
        9,
        13,
        8,
        3,
        2,
        6,
        14,
        7,
        16,
        12,
        15,
        18,
        20,
        17,
        21,
        19,
        22
      ]
    },
    "LST": {
      "makespan": 99,
      "execution_time": 5.650520324707031e-05,
      "schedule": {
        "1": [
          0,
          0
        ],
        "4": [
          0,
          2
        ],
        "5": [
          2,
          12
        ],
        "10": [
          12,
          16
        ],
        "11": [
          16,
          17
        ],
        "9": [
          17,
          26
        ],
        "13": [
          26,
          36
        ],
        "8": [
          36,
          45
        ],
        "3": [
          45,
          48
        ],
        "2": [
          48,
          51
        ],
        "6": [
          51,
          53
        ],
        "14": [
          53,
          60
        ],
        "7": [
          60,
          63
        ],
        "16": [
          63,
          69
        ],
        "12": [
          69,
          71
        ],
        "15": [
          71,
          77
        ],
        "18": [
          77,
          82
        ],
        "20": [
          82,
          90
        ],
        "17": [
          90,
          92
        ],
        "21": [
          92,
          96
        ],
        "19": [
          96,
          99
        ],
        "22": [
          99,
          99
        ]
      },
      "activity_order": [
        1,
        4,
        5,
        10,
        11,
        9,
        13,
        8,
        3,
        2,
        6,
        14,
        7,
        16,
        12,
        15,
        18,
        20,
        17,
        21,
        19,
        22
      ]
    },
    "LFT": {
      "makespan": 99,
      "execution_time": 8.082389831542969e-05,
      "schedule": {
        "1": [
          0,
          0
        ],
        "4": [
          0,
          2
        ],
        "5": [
          2,
          12
        ],
        "10": [
          12,
          16
        ],
        "11": [
          16,
          17
        ],
        "3": [
          17,
          20
        ],
        "9": [
          20,
          29
        ],
        "13": [
          29,
          39
        ],
        "2": [
          39,
          42
        ],
        "6": [
          42,
          44
        ],
        "7": [
          44,
          47
        ],
        "8": [
          47,
          56
        ],
        "12": [
          56,
          58
        ],
        "14": [
          58,
          65
        ],
        "16": [
          65,
          71
        ],
        "18": [
          71,
          76
        ],
        "15": [
          76,
          82
        ],
        "17": [
          82,
          84
        ],
        "19": [
          84,
          87
        ],
        "20": [
          87,
          95
        ],
        "21": [
          95,
          99
        ],
        "22": [
          99,
          99
        ]
      },
      "activity_order": [
        1,
        4,
        5,
        10,
        11,
        3,
        9,
        13,
        2,
        6,
        7,
        8,
        12,
        14,
        16,
        18,
        15,
        17,
        19,
        20,
        21,
        22
      ]
    },
    "MTS": {
      "makespan": 99,
      "execution_time": 6.67572021484375e-05,
      "schedule": {
        "1": [
          0,
          0
        ],
        "4": [
          0,
          2
        ],
        "5": [
          2,
          12
        ],
        "10": [
          12,
          16
        ],
        "3": [
          16,
          19
        ],
        "11": [
          19,
          20
        ],
        "9": [
          20,
          29
        ],
        "13": [
          29,
          39
        ],
        "2": [
          39,
          42
        ],
        "6": [
          42,
          44
        ],
        "14": [
          44,
          51
        ],
        "16": [
          51,
          57
        ],
        "7": [
          57,
          60
        ],
        "8": [
          60,
          69
        ],
        "12": [
          69,
          71
        ],
        "15": [
          71,
          77
        ],
        "17": [
          77,
          79
        ],
        "18": [
          79,
          84
        ],
        "19": [
          84,
          87
        ],
        "20": [
          87,
          95
        ],
        "21": [
          95,
          99
        ],
        "22": [
          99,
          99
        ]
      },
      "activity_order": [
        1,
        4,
        5,
        10,
        3,
        11,
        9,
        13,
        2,
        6,
        14,
        16,
        7,
        8,
        12,
        15,
        17,
        18,
        19,
        20,
        21,
        22
      ]
    },
    "TIMROS": {
      "makespan": 99,
      "execution_time": 6.389617919921875e-05,
      "schedule": {
        "1": [
          0,
          0
        ],
        "4": [
          0,
          2
        ],
        "5": [
          2,
          12
        ],
        "18": [
          12,
          17
        ],
        "8": [
          17,
          26
        ],
        "9": [
          26,
          35
        ],
        "14": [
          35,
          42
        ],
        "15": [
          42,
          48
        ],
        "10": [
          48,
          52
        ],
        "2": [
          52,
          55
        ],
        "3": [
          55,
          58
        ],
        "6": [
          58,
          60
        ],
        "12": [
          60,
          62
        ],
        "7": [
          62,
          65
        ],
        "20": [
          65,
          73
        ],
        "11": [
          73,
          74
        ],
        "13": [
          74,
          84
        ],
        "16": [
          84,
          90
        ],
        "21": [
          90,
          94
        ],
        "17": [
          94,
          96
        ],
        "19": [
          96,
          99
        ],
        "22": [
          99,
          99
        ]
      },
      "activity_order": [
        1,
        4,
        5,
        18,
        8,
        9,
        14,
        15,
        10,
        2,
        3,
        6,
        12,
        7,
        20,
        11,
        13,
        16,
        21,
        17,
        19,
        22
      ]
    },