{
  "instance": "inst_set1a_sf0_nc1.5_n20_m20_04",
  "results": {
    "HRPW*": {
      "makespan": 47,
      "execution_time": 0.0003368854522705078,
      "schedule": {
        "1": [
          0,
          0
        ],
        "2": [
          0,
          3
        ],
        "4": [
          3,
          10
        ],
        "9": [
          10,
          16
        ],
        "3": [
          0,
          3
        ],
        "8": [
          16,
          18
        ],
        "13": [
          16,
          25
        ],
        "10": [
          18,
          22
        ],
        "11": [
          25,
          33
        ],
        "5": [
          22,
          26
        ],
        "16": [
          26,
          31
        ],
        "6": [
          31,
          32
        ],
        "7": [
          10,
          14
        ],
        "12": [
          32,
          37
        ],
        "14": [
          37,
          41
        ],
        "17": [
          33,
          35
        ],
        "19": [
          33,
          40
        ],
        "20": [
          40,
          47
        ],
        "18": [
          35,
          39
        ],
        "15": [
          41,
          44
        ],
        "21": [
          44,
          45
        ],
        "22": [
          47,
          47
        ]
      },
      "activity_order": [
        1,
        2,
        4,
        9,
        3,
        8,
        13,
        10,
        11,
        5,
        16,
        6,
        7,
        12,
        14,
        17,
        19,
        20,
        18,
        15,
        21,
        22
      ]
    },
    "LST": {
      "makespan": 47,
      "execution_time": 0.00034046173095703125,
      "schedule": {
        "1": [
          0,
          0
        ],
        "2": [
          0,
          3
        ],
        "4": [
          3,
          10
        ],
        "9": [
          10,
          16
        ],
        "3": [
          0,
          3
        ],
        "8": [
          16,
          18
        ],
        "13": [
          16,
          25
        ],
        "10": [
          18,
          22
        ],
        "11": [
          25,
          33
        ],
        "5": [
          22,
          26
        ],
        "16": [
          26,
          31
        ],
        "6": [
          31,
          32
        ],
        "7": [
          10,
          14
        ],
        "12": [
          32,
          37
        ],
        "14": [
          37,
          41
        ],
        "17": [
          33,
          35
        ],
        "19": [
          33,
          40
        ],
        "20": [
          40,
          47
        ],
        "18": [
          35,
          39
        ],
        "15": [
          41,
          44
        ],
        "21": [
          44,
          45
        ],
        "22": [
          47,
          47
        ]
      },
      "activity_order": [
        1,
        2,
        4,
        9,
        3,
        8,
        13,
        10,
        11,
        5,
        16,
        6,
        7,
        12,
        14,
        17,
        19,
        20,
        18,
        15,
        21,
        22
      ]
    },
    "LFT": {
      "makespan": 47,
      "execution_time": 0.0003261566162109375,
      "schedule": {
        "1": [
          0,
          0
        ],
        "2": [
          0,
          3
        ],
        "4": [
          3,
          10
        ],
        "9": [
          10,
          16
        ],
        "8": [
          16,
          18
        ],
        "3": [
          0,
          3
        ],
        "10": [
          18,
          22
        ],
        "5": [
          22,
          26
        ],
        "6": [
          26,
          27
        ],
        "13": [
          16,
          25
        ],
        "11": [
          25,
          33
        ],
        "16": [
          27,
          32
        ],
        "7": [
          10,
          14
        ],
        "17": [
          33,
          35
        ],
        "12": [
          27,
          32
        ],
        "14": [
          32,
          36
        ],
        "15": [
          36,
          39
        ],
        "18": [
          39,
          43
        ],
        "19": [
          33,
          40
        ],
        "20": [
          40,
          47
        ],
        "21": [
          43,
          44
        ],
        "22": [
          47,
          47
        ]
      },
      "activity_order": [
        1,
        2,
        4,
        9,
        8,
        3,
        10,
        5,
        6,
        13,
        11,
        16,
        7,
        17,
        12,
        14,
        15,
        18,
        19,
        20,
        21,
        22
      ]
    },
    "MTS": {
      "makespan": 49,
      "execution_time": 0.00033020973205566406,
      "schedule": {
        "1": [
          0,
          0
        ],
        "2": [
          0,
          3
        ],
        "4": [
          3,
          10
        ],
        "9": [
          10,
          16
        ],
        "3": [
          0,
          3
        ],
        "5": [
          16,
          20
        ],
        "13": [
          16,
          25
        ],
        "8": [
          20,
          22
        ],
        "6": [
          22,
          23
        ],
        "7": [
          10,
          14
        ],
        "10": [
          23,
          27
        ],
        "12": [
          23,
          28
        ],
        "14": [
          28,
          32
        ],
        "17": [
          25,
          27
        ],
        "11": [
          27,
          35
        ],
        "15": [
          32,
          35
        ],
        "16": [
          35,
          40
        ],
        "18": [
          40,
          44
        ],
        "19": [
          35,
          42
        ],
        "20": [
          42,
          49
        ],
        "21": [
          44,
          45
        ],
        "22": [
          49,
          49
        ]
      },
      "activity_order": [
        1,
        2,
        4,
        9,
        3,
        5,
        13,
        8,
        6,
        7,
        10,
        12,
        14,
        17,
        11,
        15,
        16,
        18,
        19,
        20,
        21,
        22
      ]
    },
    "TIMROS": {
      "makespan": 67,
      "execution_time": 0.0003390312194824219,
      "schedule": {
        "1": [
          0,
          0
        ],
        "4": [
          0,
          7
        ],
        "2": [
          7,
          10
        ],
        "9": [
          10,
          16
        ],
        "13": [
          16,
          25
        ],
        "7": [
          7,
          11
        ],
        "14": [
          25,
          29
        ],
        "3": [
          29,
          32
        ],
        "11": [
          32,
          40
        ],
        "19": [
          40,
          47
        ],
        "5": [
          16,
          20
        ],
        "17": [
          40,
          42
        ],
        "18": [
          42,
          46
        ],
        "8": [
          46,
          48
        ],
        "10": [
          48,
          52
        ],
        "16": [
          52,
          57
        ],
        "20": [
          57,
          64
        ],
        "6": [
          57,
          58
        ],
        "12": [
          58,
          63
        ],
        "15": [
          63,
          66
        ],
        "21": [
          66,
          67
        ],
        "22": [
          67,
          67
        ]
      },
      "activity_order": [
        1,
        4,
        2,
        9,
        13,
        7,
        14,
        3,
        11,
        19,
        5,
        17,
        18,
        8,
        10,
        16,
        20,
        6,
        12,
        15,
        21,
        22
      ]
    },
    "HRU1": {
      "makespan": 46,