{
  "instance": "inst_set1a_sf0.5_nc1.5_n20_m10_04",
  "results": {
    "HRPW*": {
      "makespan": 113,
      "execution_time": 4.291534423828125e-05,
      "schedule": {
        "1": [
          0,
          0
        ],
        "4": [
          0,
          10
        ],
        "3": [
          10,
          14
        ],
        "5": [
          14,
          24
        ],
        "9": [
          24,
          31
        ],
        "8": [
          31,
          40
        ],
        "6": [
          40,
          47
        ],
        "11": [
          47,
          52
        ],
        "7": [
          52,
          61
        ],
        "13": [
          61,
          63
        ],
        "12": [
          63,
          65
        ],
        "10": [
          65,
          73
        ],
        "17": [
          73,
          79
        ],
        "16": [
          79,
          88
        ],
        "15": [
          88,
          92
        ],
        "2": [
          92,
          96
        ],
        "14": [
          96,
          101
        ],
        "18": [
          101,
          106
        ],
        "19": [
          106,
          110
        ],
        "21": [
          110,
          112
        ],
        "20": [
          112,
          113
        ],
        "22": [
          113,
          113
        ]
      },
      "activity_order": [
        1,
        4,
        3,
        5,
        9,
        8,
        6,
        11,
        7,
        13,
        12,
        10,
        17,
        16,
        15,
        2,
        14,
        18,
        19,
        21,
        20,
        22
      ]
    },
    "LST": {
      "makespan": 113,
      "execution_time": 4.76837158203125e-05,
      "schedule": {
        "1": [
          0,
          0
        ],
        "4": [
          0,
          10
        ],
        "3": [
          10,
          14
        ],
        "5": [
          14,
          24
        ],
        "9": [
          24,
          31
        ],
        "8": [
          31,
          40
        ],
        "6": [
          40,
          47
        ],
        "11": [
          47,
          52
        ],
        "7": [
          52,
          61
        ],
        "13": [
          61,
          63
        ],
        "12": [
          63,
          65
        ],
        "10": [
          65,
          73
        ],
        "17": [
          73,
          79
        ],
        "16": [
          79,
          88
        ],
        "15": [
          88,
          92
        ],
        "2": [
          92,
          96
        ],
        "14": [
          96,
          101
        ],
        "18": [
          101,
          106
        ],
        "19": [
          106,
          110
        ],
        "21": [
          110,
          112
        ],
        "20": [
          112,
          113
        ],
        "22": [
          113,
          113
        ]
      },
      "activity_order": [
        1,
        4,
        3,
        5,
        9,
        8,
        6,
        11,
        7,
        13,
        12,
        10,
        17,
        16,
        15,
        2,
        14,
        18,
        19,
        21,
        20,
        22
      ]
    },
    "LFT": {
      "makespan": 113,
      "execution_time": 4.076957702636719e-05,
      "schedule": {
        "1": [
          0,
          0
        ],
        "3": [
          0,
          4
        ],
        "4": [
          4,
          14
        ],
        "9": [
          14,
          21
        ],
        "5": [
          21,
          31
        ],
        "8": [
          31,
          40
        ],
        "11": [
          40,
          45
        ],
        "6": [
          45,
          52
        ],
        "13": [
          52,
          54
        ],
        "12": [
          54,
          56
        ],
        "7": [
          56,
          65
        ],
        "17": [
          65,
          71
        ],
        "10": [
          71,
          79
        ],
        "15": [
          79,
          83
        ],
        "2": [
          83,
          87
        ],
        "16": [
          87,
          96
        ],
        "14": [
          96,
          101
        ],
        "18": [
          101,
          106
        ],
        "19": [
          106,
          110
        ],
        "20": [
          110,
          111
        ],
        "21": [
          111,
          113
        ],
        "22": [
          113,
          113
        ]
      },
      "activity_order": [
        1,
        3,
        4,
        9,
        5,
        8,
        11,
        6,
        13,
        12,
        7,
        17,
        10,
        15,
        2,
        16,
        14,
        18,
        19,
        20,
        21,
        22
      ]
    },
    "MTS": {
      "makespan": 113,
      "execution_time": 4.0531158447265625e-05,
      "schedule": {
        "1": [
          0,
          0
        ],
        "4": [
          0,
          10
        ],
        "8": [
          10,
          19
        ],
        "3": [
          19,
          23
        ],
        "9": [
          23,
          30
        ],
        "13": [
          30,
          32
        ],
        "5": [
          32,
          42
        ],
        "7": [
          42,
          51
        ],
        "11": [
          51,
          56
        ],
        "17": [
          56,
          62
        ],
        "6": [
          62,
          69
        ],
        "12": [
          69,
          71
        ],
        "15": [
          71,
          75
        ],
        "2": [
          75,
          79
        ],
        "10": [
          79,
          87
        ],
        "14": [
          87,
          92
        ],
        "16": [
          92,
          101
        ],
        "18": [
          101,
          106
        ],
        "19": [
          106,
          110
        ],
        "20": [
          110,
          111
        ],
        "21": [
          111,
          113
        ],
        "22": [
          113,
          113
        ]
      },
      "activity_order": [
        1,
        4,
        8,
        3,
        9,
        13,
        5,
        7,
        11,
        17,
        6,
        12,
        15,
        2,
        10,
        14,
        16,
        18,
        19,
        20,
        21,
        22
      ]
    },
    "TIMROS": {
      "makespan": 113,
      "execution_time": 4.863739013671875e-05,
      "schedule": {
        "1": [
          0,
          0
        ],
        "4": [
          0,
          10
        ],
        "6": [
          10,
          17
        ],
        "10": [
          17,
          25
        ],
        "9": [
          25,
          32
        ],
        "8": [
          32,
          41
        ],
        "11": [
          41,
          46
        ],
        "3": [
          46,
          50
        ],
        "5": [
          50,
          60
        ],
        "7": [
          60,
          69
        ],
        "15": [
          69,
          73
        ],
        "14": [
          73,
          78
        ],
        "2": [
          78,
          82
        ],
        "13": [
          82,
          84
        ],
        "17": [
          84,
          90
        ],
        "18": [
          90,
          95
        ],
        "19": [
          95,
          99
        ],
        "12": [
          99,
          101
        ],
        "16": [
          101,
          110
        ],
        "21": [
          110,
          112
        ],
        "20": [
          112,
          113
        ],
        "22": [
          113,
          113
        ]
      },