{
  "instance": "inst_set1a_sf0.75_nc1.5_n20_m20_03",
  "results": {
    "HRPW*": {
      "makespan": 146,
      "execution_time": 6.4849853515625e-05,
      "schedule": {
        "1": [
          0,
          0
        ],
        "2": [
          0,
          9
        ],
        "5": [
          9,
          18
        ],
        "3": [
          18,
          27
        ],
        "4": [
          27,
          35
        ],
        "9": [
          35,
          44
        ],
        "6": [
          44,
          53
        ],
        "7": [
          53,
          56
        ],
        "10": [
          56,
          66
        ],
        "12": [
          66,
          75
        ],
        "8": [
          75,
          80
        ],
        "18": [
          80,
          89
        ],
        "16": [
          89,
          97
        ],
        "14": [
          97,
          104
        ],
        "11": [
          104,
          108
        ],
        "13": [
          108,
          118
        ],
        "17": [
          118,
          127
        ],
        "19": [
          127,
          137
        ],
        "15": [
          137,
          143
        ],
        "21": [
          143,
          145
        ],
        "20": [
          145,
          146
        ],
        "22": [
          146,
          146
        ]
      },
      "activity_order": [
        1,
        2,
        5,
        3,
        4,
        9,
        6,
        7,
        10,
        12,
        8,
        18,
        16,
        14,
        11,
        13,
        17,
        19,
        15,
        21,
        20,
        22
      ]
    },
    "LST": {
      "makespan": 146,
      "execution_time": 4.792213439941406e-05,
      "schedule": {
        "1": [
          0,
          0
        ],
        "2": [
          0,
          9
        ],
        "5": [
          9,
          18
        ],
        "3": [
          18,
          27
        ],
        "4": [
          27,
          35
        ],
        "9": [
          35,
          44
        ],
        "6": [
          44,
          53
        ],
        "7": [
          53,
          56
        ],
        "10": [
          56,
          66
        ],
        "12": [
          66,
          75
        ],
        "8": [
          75,
          80
        ],
        "18": [
          80,
          89
        ],
        "16": [
          89,
          97
        ],
        "14": [
          97,
          104
        ],
        "11": [
          104,
          108
        ],
        "13": [
          108,
          118
        ],
        "17": [
          118,
          127
        ],
        "19": [
          127,
          137
        ],
        "15": [
          137,
          143
        ],
        "21": [
          143,
          145
        ],
        "20": [
          145,
          146
        ],
        "22": [
          146,
          146
        ]
      },
      "activity_order": [
        1,
        2,
        5,
        3,
        4,
        9,
        6,
        7,
        10,
        12,
        8,
        18,
        16,
        14,
        11,
        13,
        17,
        19,
        15,
        21,
        20,
        22
      ]
    },
    "LFT": {
      "makespan": 146,
      "execution_time": 4.506111145019531e-05,
      "schedule": {
        "1": [
          0,
          0
        ],
        "2": [
          0,
          9
        ],
        "5": [
          9,
          18
        ],
        "3": [
          18,
          27
        ],
        "4": [
          27,
          35
        ],
        "9": [
          35,
          44
        ],
        "7": [
          44,
          47
        ],
        "6": [
          47,
          56
        ],
        "10": [
          56,
          66
        ],
        "12": [
          66,
          75
        ],
        "8": [
          75,
          80
        ],
        "11": [
          80,
          84
        ],
        "14": [
          84,
          91
        ],
        "16": [
          91,
          99
        ],
        "18": [
          99,
          108
        ],
        "15": [
          108,
          114
        ],
        "13": [
          114,
          124
        ],
        "17": [
          124,
          133
        ],
        "19": [
          133,
          143
        ],
        "20": [
          143,
          144
        ],
        "21": [
          144,
          146
        ],
        "22": [
          146,
          146
        ]
      },
      "activity_order": [
        1,
        2,
        5,
        3,
        4,
        9,
        7,
        6,
        10,
        12,
        8,
        11,
        14,
        16,
        18,
        15,
        13,
        17,
        19,
        20,
        21,
        22
      ]
    },
    "MTS": {
      "makespan": 146,
      "execution_time": 4.2438507080078125e-05,
      "schedule": {
        "1": [
          0,
          0
        ],
        "2": [
          0,
          9
        ],
        "4": [
          9,
          17
        ],
        "3": [
          17,
          26
        ],
        "5": [
          26,
          35
        ],
        "9": [
          35,
          44
        ],
        "7": [
          44,
          47
        ],
        "6": [
          47,
          56
        ],
        "12": [
          56,
          65
        ],
        "8": [
          65,
          70
        ],
        "10": [
          70,
          80
        ],
        "11": [
          80,
          84
        ],
        "16": [
          84,
          92
        ],
        "13": [
          92,
          102
        ],
        "14": [
          102,
          109
        ],
        "15": [
          109,
          115
        ],
        "17": [
          115,
          124
        ],
        "18": [
          124,
          133
        ],
        "19": [
          133,
          143
        ],
        "20": [
          143,
          144
        ],
        "21": [
          144,
          146
        ],
        "22": [
          146,
          146
        ]
      },
      "activity_order": [
        1,
        2,
        4,
        3,
        5,
        9,
        7,
        6,
        12,
        8,
        10,
        11,
        16,
        13,
        14,
        15,
        17,
        18,
        19,
        20,
        21,
        22
      ]
    },
    "TIMROS": {
      "makespan": 146,
      "execution_time": 4.482269287109375e-05,
      "schedule": {
        "1": [
          0,
          0
        ],
        "3": [
          0,
          9
        ],
        "2": [
          9,
          18
        ],
        "5": [
          18,
          27
        ],
        "6": [
          27,
          36
        ],
        "9": [
          36,
          45
        ],
        "4": [
          45,
          53
        ],
        "10": [
          53,
          63
        ],
        "15": [
          63,
          69
        ],
        "8": [
          69,
          74
        ],
        "16": [
          74,
          82
        ],
        "14": [
          82,
          89
        ],
        "11": [
          89,
          93
        ],
        "17": [
          93,
          102
        ],
        "7": [
          102,
          105
        ],
        "12": [
          105,
          114
        ],
        "13": [
          114,
          124
        ],
        "18": [
          124,
          133
        ],
        "19": [
          133,
          143
        ],
        "21": [
          143,
          145
        ],
        "20": [
          145,
          146
        ],
        "22": [
          146,
          146
        ]
      },