{
  "instance": "inst_set1a_sf0.75_nc1.5_n20_m25_05",
  "results": {
    "HRPW*": {
      "makespan": 110,
      "execution_time": 4.935264587402344e-05,
      "schedule": {
        "1": [
          0,
          0
        ],
        "4": [
          0,
          10
        ],
        "2": [
          10,
          14
        ],
        "9": [
          14,
          24
        ],
        "5": [
          24,
          28
        ],
        "6": [
          28,
          30
        ],
        "11": [
          30,
          35
        ],
        "3": [
          35,
          42
        ],
        "12": [
          42,
          47
        ],
        "14": [
          47,
          48
        ],
        "17": [
          48,
          55
        ],
        "16": [
          55,
          61
        ],
        "13": [
          61,
          65
        ],
        "15": [
          65,
          70
        ],
        "8": [
          70,
          78
        ],
        "19": [
          78,
          88
        ],
        "7": [
          88,
          89
        ],
        "20": [
          89,
          98
        ],
        "18": [
          98,
          105
        ],
        "10": [
          105,
          109
        ],
        "21": [
          109,
          110
        ],
        "22": [
          110,
          110
        ]
      },
      "activity_order": [
        1,
        4,
        2,
        9,
        5,
        6,
        11,
        3,
        12,
        14,
        17,
        16,
        13,
        15,
        8,
        19,
        7,
        20,
        18,
        10,
        21,
        22
      ]
    },
    "LST": {
      "makespan": 110,
      "execution_time": 3.62396240234375e-05,
      "schedule": {
        "1": [
          0,
          0
        ],
        "4": [
          0,
          10
        ],
        "2": [
          10,
          14
        ],
        "9": [
          14,
          24
        ],
        "5": [
          24,
          28
        ],
        "6": [
          28,
          30
        ],
        "11": [
          30,
          35
        ],
        "3": [
          35,
          42
        ],
        "12": [
          42,
          47
        ],
        "14": [
          47,
          48
        ],
        "17": [
          48,
          55
        ],
        "16": [
          55,
          61
        ],
        "13": [
          61,
          65
        ],
        "15": [
          65,
          70
        ],
        "8": [
          70,
          78
        ],
        "19": [
          78,
          88
        ],
        "7": [
          88,
          89
        ],
        "20": [
          89,
          98
        ],
        "18": [
          98,
          105
        ],
        "10": [
          105,
          109
        ],
        "21": [
          109,
          110
        ],
        "22": [
          110,
          110
        ]
      },
      "activity_order": [
        1,
        4,
        2,
        9,
        5,
        6,
        11,
        3,
        12,
        14,
        17,
        16,
        13,
        15,
        8,
        19,
        7,
        20,
        18,
        10,
        21,
        22
      ]
    },
    "LFT": {
      "makespan": 110,
      "execution_time": 3.504753112792969e-05,
      "schedule": {
        "1": [
          0,
          0
        ],
        "4": [
          0,
          10
        ],
        "2": [
          10,
          14
        ],
        "5": [
          14,
          18
        ],
        "6": [
          18,
          20
        ],
        "9": [
          20,
          30
        ],
        "11": [
          30,
          35
        ],
        "12": [
          35,
          40
        ],
        "14": [
          40,
          41
        ],
        "3": [
          41,
          48
        ],
        "13": [
          48,
          52
        ],
        "15": [
          52,
          57
        ],
        "16": [
          57,
          63
        ],
        "17": [
          63,
          70
        ],
        "7": [
          70,
          71
        ],
        "8": [
          71,
          79
        ],
        "10": [
          79,
          83
        ],
        "18": [
          83,
          90
        ],
        "19": [
          90,
          100
        ],
        "20": [
          100,
          109
        ],
        "21": [
          109,
          110
        ],
        "22": [
          110,
          110
        ]
      },
      "activity_order": [
        1,
        4,
        2,
        5,
        6,
        9,
        11,
        12,
        14,
        3,
        13,
        15,
        16,
        17,
        7,
        8,
        10,
        18,
        19,
        20,
        21,
        22
      ]
    },
    "MTS": {
      "makespan": 110,
      "execution_time": 3.3855438232421875e-05,
      "schedule": {
        "1": [
          0,
          0
        ],
        "2": [
          0,
          4
        ],
        "5": [
          4,
          8
        ],
        "6": [
          8,
          10
        ],
        "4": [
          10,
          20
        ],
        "9": [
          20,
          30
        ],
        "11": [
          30,
          35
        ],
        "12": [
          35,
          40
        ],
        "14": [
          40,
          41
        ],
        "3": [
          41,
          48
        ],
        "7": [
          48,
          49
        ],
        "8": [
          49,
          57
        ],
        "16": [
          57,
          63
        ],
        "10": [
          63,
          67
        ],
        "13": [
          67,
          71
        ],
        "15": [
          71,
          76
        ],
        "17": [
          76,
          83
        ],
        "18": [
          83,
          90
        ],
        "19": [
          90,
          100
        ],
        "20": [
          100,
          109
        ],
        "21": [
          109,
          110
        ],
        "22": [
          110,
          110
        ]
      },
      "activity_order": [
        1,
        2,
        5,
        6,
        4,
        9,
        11,
        12,
        14,
        3,
        7,
        8,
        16,
        10,
        13,
        15,
        17,
        18,
        19,
        20,
        21,
        22
      ]
    },
    "TIMROS": {
      "makespan": 110,
      "execution_time": 3.361701965332031e-05,
      "schedule": {
        "1": [
          0,
          0
        ],
        "3": [
          0,
          7
        ],
        "4": [
          7,
          17
        ],
        "9": [
          17,
          27
        ],
        "2": [
          27,
          31
        ],
        "5": [
          31,
          35
        ],
        "8": [
          35,
          43
        ],
        "6": [
          43,
          45
        ],
        "17": [
          45,
          52
        ],
        "11": [
          52,
          57
        ],
        "10": [
          57,
          61
        ],
        "12": [
          61,
          66
        ],
        "15": [
          66,
          71
        ],
        "13": [
          71,
          75
        ],
        "19": [
          75,
          85
        ],
        "7": [
          85,
          86
        ],
        "18": [
          86,
          93
        ],
        "14": [
          93,
          94
        ],
        "16": [
          94,
          100
        ],
        "20": [
          100,
          109
        ],
        "21": [
          109,
          110
        ],
        "22": [
          110,
          110
        ]
      },