{
  "instance": "inst_set1a_sf0.5_nc1.5_n20_m10_03",
  "results": {
    "HRPW*": {
      "makespan": 99,
      "execution_time": 0.0001957416534423828,
      "schedule": {
        "1": [
          0,
          0
        ],
        "3": [
          0,
          10
        ],
        "5": [
          10,
          17
        ],
        "2": [
          10,
          14
        ],
        "6": [
          17,
          18
        ],
        "10": [
          18,
          27
        ],
        "7": [
          27,
          37
        ],
        "11": [
          37,
          38
        ],
        "14": [
          38,
          47
        ],
        "8": [
          38,
          41
        ],
        "9": [
          41,
          51
        ],
        "4": [
          51,
          59
        ],
        "16": [
          59,
          67
        ],
        "15": [
          67,
          74
        ],
        "12": [
          74,
          78
        ],
        "17": [
          78,
          82
        ],
        "13": [
          82,
          85
        ],
        "18": [
          85,
          87
        ],
        "20": [
          87,
          93
        ],
        "19": [
          93,
          98
        ],
        "21": [
          98,
          99
        ],
        "22": [
          99,
          99
        ]
      },
      "activity_order": [
        1,
        3,
        5,
        2,
        6,
        10,
        7,
        11,
        14,
        8,
        9,
        4,
        16,
        15,
        12,
        17,
        13,
        18,
        20,
        19,
        21,
        22
      ]
    },
    "LST": {
      "makespan": 99,
      "execution_time": 0.00021076202392578125,
      "schedule": {
        "1": [
          0,
          0
        ],
        "3": [
          0,
          10
        ],
        "5": [
          10,
          17
        ],
        "2": [
          10,
          14
        ],
        "6": [
          17,
          18
        ],
        "10": [
          18,
          27
        ],
        "7": [
          27,
          37
        ],
        "11": [
          37,
          38
        ],
        "14": [
          38,
          47
        ],
        "8": [
          38,
          41
        ],
        "9": [
          41,
          51
        ],
        "4": [
          51,
          59
        ],
        "16": [
          59,
          67
        ],
        "15": [
          67,
          74
        ],
        "12": [
          74,
          78
        ],
        "17": [
          78,
          82
        ],
        "13": [
          82,
          85
        ],
        "18": [
          85,
          87
        ],
        "20": [
          87,
          93
        ],
        "19": [
          93,
          98
        ],
        "21": [
          98,
          99
        ],
        "22": [
          99,
          99
        ]
      },
      "activity_order": [
        1,
        3,
        5,
        2,
        6,
        10,
        7,
        11,
        14,
        8,
        9,
        4,
        16,
        15,
        12,
        17,
        13,
        18,
        20,
        19,
        21,
        22
      ]
    },
    "LFT": {
      "makespan": 99,
      "execution_time": 0.0001971721649169922,
      "schedule": {
        "1": [
          0,
          0
        ],
        "3": [
          0,
          10
        ],
        "2": [
          10,
          14
        ],
        "5": [
          10,
          17
        ],
        "6": [
          17,
          18
        ],
        "10": [
          18,
          27
        ],
        "11": [
          27,
          28
        ],
        "7": [
          28,
          38
        ],
        "8": [
          38,
          41
        ],
        "14": [
          28,
          37
        ],
        "4": [
          41,
          49
        ],
        "12": [
          49,
          53
        ],
        "9": [
          53,
          63
        ],
        "16": [
          63,
          71
        ],
        "15": [
          71,
          78
        ],
        "13": [
          78,
          81
        ],
        "17": [
          81,
          85
        ],
        "18": [
          85,
          87
        ],
        "19": [
          87,
          92
        ],
        "20": [
          92,
          98
        ],
        "21": [
          98,
          99
        ],
        "22": [
          99,
          99
        ]
      },
      "activity_order": [
        1,
        3,
        2,
        5,
        6,
        10,
        11,
        7,
        8,
        14,
        4,
        12,
        9,
        16,
        15,
        13,
        17,
        18,
        19,
        20,
        21,
        22
      ]
    },
    "MTS": {
      "makespan": 99,
      "execution_time": 0.0002334117889404297,
      "schedule": {
        "1": [
          0,
          0
        ],
        "3": [
          0,
          10
        ],
        "2": [
          10,
          14
        ],
        "5": [
          10,
          17
        ],
        "6": [
          17,
          18
        ],
        "7": [
          18,
          28
        ],
        "10": [
          28,
          37
        ],
        "11": [
          37,
          38
        ],
        "14": [
          38,
          47
        ],
        "8": [
          38,
          41
        ],
        "4": [
          41,
          49
        ],
        "9": [
          49,
          59
        ],
        "12": [
          59,
          63
        ],
        "16": [
          63,
          71
        ],
        "17": [
          71,
          75
        ],
        "13": [
          75,
          78
        ],
        "15": [
          78,
          85
        ],
        "18": [
          85,
          87
        ],
        "19": [
          87,
          92
        ],
        "20": [
          92,
          98
        ],
        "21": [
          98,
          99
        ],
        "22": [
          99,
          99
        ]
      },
      "activity_order": [
        1,
        3,
        2,
        5,
        6,
        7,
        10,
        11,
        14,
        8,
        4,
        9,
        12,
        16,
        17,
        13,
        15,
        18,
        19,
        20,
        21,
        22
      ]
    },
    "TIMROS": {
      "makespan": 100,
      "execution_time": 0.00019478797912597656,
      "schedule": {
        "1": [
          0,
          0
        ],
        "3": [
          0,
          10
        ],
        "4": [
          0,
          8
        ],
        "2": [
          10,
          14
        ],
        "5": [
          10,
          17
        ],
        "10": [
          17,
          26
        ],
        "12": [
          26,
          30
        ],
        "17": [
          30,
          34
        ],
        "13": [
          34,
          37
        ],
        "6": [
          37,
          38
        ],
        "7": [
          38,
          48
        ],
        "16": [
          48,
          56
        ],
        "8": [
          56,
          59
        ],
        "9": [
          59,
          69
        ],
        "11": [
          69,
          70
        ],
        "14": [
          70,
          79
        ],
        "15": [
          79,
          86
        ],
        "20": [
          86,
          92
        ],
        "18": [
          92,
          94
        ],
        "19": [
          94,
          99
        ],
        "21": [
          99,
          100
        ],
        "22": [
          100,
          100
        ]
      },
      "activity_order": [
        1,
        3,
        4,
        2,
        5,
        10,
        12,
        17,
        13,
        6,
        7,
        16,
        8,
        9,
        11,
        14,
        15,
        20,
        18,
        19,
        21,
        22
      ]
    },