{
  "instance": "inst_set1a_sf0.75_nc1.5_n20_m25_03",
  "results": {
    "HRPW*": {
      "makespan": 67,
      "execution_time": 0.0004858970642089844,
      "schedule": {
        "1": [
          0,
          0
        ],
        "4": [
          0,
          5
        ],
        "5": [
          5,
          13
        ],
        "2": [
          13,
          19
        ],
        "9": [
          13,
          15
        ],
        "10": [
          19,
          29
        ],
        "7": [
          15,
          21
        ],
        "3": [
          0,
          8
        ],
        "13": [
          29,
          37
        ],
        "11": [
          37,
          47
        ],
        "12": [
          29,
          34
        ],
        "18": [
          37,
          46
        ],
        "6": [
          46,
          48
        ],
        "14": [
          47,
          56
        ],
        "16": [
          48,
          57
        ],
        "15": [
          47,
          57
        ],
        "21": [
          56,
          66
        ],
        "8": [
          57,
          63
        ],
        "17": [
          57,
          62
        ],
        "20": [
          63,
          67
        ],
        "19": [
          63,
          64
        ],
        "22": [
          67,
          67
        ]
      },
      "activity_order": [
        1,
        4,
        5,
        2,
        9,
        10,
        7,
        3,
        13,
        11,
        12,
        18,
        6,
        14,
        16,
        15,
        21,
        8,
        17,
        20,
        19,
        22
      ]
    },
    "LST": {
      "makespan": 67,
      "execution_time": 0.0004649162292480469,
      "schedule": {
        "1": [
          0,
          0
        ],
        "4": [
          0,
          5
        ],
        "5": [
          5,
          13
        ],
        "2": [
          13,
          19
        ],
        "9": [
          13,
          15
        ],
        "10": [
          19,
          29
        ],
        "7": [
          15,
          21
        ],
        "3": [
          0,
          8
        ],
        "13": [
          29,
          37
        ],
        "11": [
          37,
          47
        ],
        "12": [
          29,
          34
        ],
        "18": [
          37,
          46
        ],
        "6": [
          46,
          48
        ],
        "14": [
          47,
          56
        ],
        "16": [
          48,
          57
        ],
        "15": [
          47,
          57
        ],
        "21": [
          56,
          66
        ],
        "8": [
          57,
          63
        ],
        "17": [
          57,
          62
        ],
        "20": [
          63,
          67
        ],
        "19": [
          63,
          64
        ],
        "22": [
          67,
          67
        ]
      },
      "activity_order": [
        1,
        4,
        5,
        2,
        9,
        10,
        7,
        3,
        13,
        11,
        12,
        18,
        6,
        14,
        16,
        15,
        21,
        8,
        17,
        20,
        19,
        22
      ]
    },
    "LFT": {
      "makespan": 66,
      "execution_time": 0.00032711029052734375,
      "schedule": {
        "1": [
          0,
          0
        ],
        "4": [
          0,
          5
        ],
        "5": [
          5,
          13
        ],
        "2": [
          13,
          19
        ],
        "9": [
          13,
          15
        ],
        "7": [
          15,
          21
        ],
        "10": [
          19,
          29
        ],
        "3": [
          0,
          8
        ],
        "13": [
          29,
          37
        ],
        "6": [
          8,
          10
        ],
        "11": [
          37,
          47
        ],
        "12": [
          29,
          34
        ],
        "18": [
          37,
          46
        ],
        "14": [
          47,
          56
        ],
        "16": [
          46,
          55
        ],
        "8": [
          55,
          61
        ],
        "15": [
          47,
          57
        ],
        "17": [
          57,
          62
        ],
        "19": [
          62,
          63
        ],
        "20": [
          61,
          65
        ],
        "21": [
          56,
          66
        ],
        "22": [
          66,
          66
        ]
      },
      "activity_order": [
        1,
        4,
        5,
        2,
        9,
        7,
        10,
        3,
        13,
        6,
        11,
        12,
        18,
        14,
        16,
        8,
        15,
        17,
        19,
        20,
        21,
        22
      ]
    },
    "MTS": {
      "makespan": 70,
      "execution_time": 0.0003120899200439453,
      "schedule": {
        "1": [
          0,
          0
        ],
        "4": [
          0,
          5
        ],
        "5": [
          5,
          13
        ],
        "7": [
          13,
          19
        ],
        "9": [
          19,
          21
        ],
        "2": [
          13,
          19
        ],
        "10": [
          21,
          31
        ],
        "3": [
          0,
          8
        ],
        "6": [
          8,
          10
        ],
        "11": [
          31,
          41
        ],
        "12": [
          31,
          36
        ],
        "13": [
          41,
          49
        ],
        "14": [
          41,
          50
        ],
        "16": [
          36,
          45
        ],
        "8": [
          45,
          51
        ],
        "15": [
          49,
          59
        ],
        "17": [
          59,
          64
        ],
        "18": [
          51,
          60
        ],
        "19": [
          64,
          65
        ],
        "20": [
          60,
          64
        ],
        "21": [
          60,
          70
        ],
        "22": [
          70,
          70
        ]
      },
      "activity_order": [
        1,
        4,
        5,
        7,
        9,
        2,
        10,
        3,
        6,
        11,
        12,
        13,
        14,
        16,
        8,
        15,
        17,
        18,
        19,
        20,
        21,
        22
      ]
    },
    "TIMROS": {
      "makespan": 74,
      "execution_time": 0.00040435791015625,
      "schedule": {
        "1": [
          0,
          0
        ],
        "3": [
          0,
          8
        ],
        "2": [
          0,
          6
        ],
        "4": [
          6,
          11
        ],
        "5": [
          11,
          19
        ],
        "7": [
          19,
          25
        ],
        "13": [
          25,
          33
        ],
        "18": [
          33,
          42
        ],
        "21": [
          42,
          52
        ],
        "8": [
          42,
          48
        ],
        "20": [
          48,
          52
        ],
        "9": [
          25,
          27
        ],
        "10": [
          33,
          43
        ],
        "11": [
          43,
          53
        ],
        "15": [
          53,
          63
        ],
        "14": [
          53,
          62
        ],
        "12": [
          52,
          57
        ],
        "6": [
          57,
          59
        ],
        "16": [
          59,
          68
        ],
        "17": [
          68,
          73
        ],
        "19": [
          73,
          74
        ],
        "22": [
          74,
          74
        ]
      },
      "activity_order": [
        1,
        3,
        2,
        4,
        5,
        7,
        13,
        18,
        21,
        8,
        20,
        9,
        10,
        11,
        15,
        14,
        12,
        6,
        16,
        17,
        19,
        22
      ]
    },
    "HRU1": {
      "makespan": 74,