{
  "instance": "inst_set1a_sf0.5_nc1.8_n20_m15_04",
  "results": {
    "HRPW*": {
      "makespan": 105,
      "execution_time": 6.127357482910156e-05,
      "schedule": {
        "1": [
          0,
          0
        ],
        "2": [
          0,
          7
        ],
        "4": [
          7,
          10
        ],
        "3": [
          10,
          16
        ],
        "5": [
          16,
          25
        ],
        "6": [
          25,
          35
        ],
        "8": [
          35,
          40
        ],
        "9": [
          40,
          47
        ],
        "7": [
          47,
          52
        ],
        "14": [
          52,
          61
        ],
        "10": [
          61,
          65
        ],
        "11": [
          65,
          68
        ],
        "15": [
          68,
          69
        ],
        "16": [
          69,
          74
        ],
        "12": [
          74,
          78
        ],
        "17": [
          78,
          85
        ],
        "18": [
          85,
          91
        ],
        "13": [
          91,
          96
        ],
        "19": [
          96,
          100
        ],
        "21": [
          100,
          104
        ],
        "20": [
          104,
          105
        ],
        "22": [
          105,
          105
        ]
      },
      "activity_order": [
        1,
        2,
        4,
        3,
        5,
        6,
        8,
        9,
        7,
        14,
        10,
        11,
        15,
        16,
        12,
        17,
        18,
        13,
        19,
        21,
        20,
        22
      ]
    },
    "LST": {
      "makespan": 105,
      "execution_time": 7.295608520507812e-05,
      "schedule": {
        "1": [
          0,
          0
        ],
        "2": [
          0,
          7
        ],
        "4": [
          7,
          10
        ],
        "3": [
          10,
          16
        ],
        "5": [
          16,
          25
        ],
        "6": [
          25,
          35
        ],
        "8": [
          35,
          40
        ],
        "9": [
          40,
          47
        ],
        "7": [
          47,
          52
        ],
        "14": [
          52,
          61
        ],
        "10": [
          61,
          65
        ],
        "11": [
          65,
          68
        ],
        "15": [
          68,
          69
        ],
        "16": [
          69,
          74
        ],
        "12": [
          74,
          78
        ],
        "17": [
          78,
          85
        ],
        "18": [
          85,
          91
        ],
        "13": [
          91,
          96
        ],
        "19": [
          96,
          100
        ],
        "21": [
          100,
          104
        ],
        "20": [
          104,
          105
        ],
        "22": [
          105,
          105
        ]
      },
      "activity_order": [
        1,
        2,
        4,
        3,
        5,
        6,
        8,
        9,
        7,
        14,
        10,
        11,
        15,
        16,
        12,
        17,
        18,
        13,
        19,
        21,
        20,
        22
      ]
    },
    "LFT": {
      "makespan": 105,
      "execution_time": 7.128715515136719e-05,
      "schedule": {
        "1": [
          0,
          0
        ],
        "2": [
          0,
          7
        ],
        "4": [
          7,
          10
        ],
        "3": [
          10,
          16
        ],
        "5": [
          16,
          25
        ],
        "8": [
          25,
          30
        ],
        "6": [
          30,
          40
        ],
        "7": [
          40,
          45
        ],
        "15": [
          45,
          46
        ],
        "9": [
          46,
          53
        ],
        "11": [
          53,
          56
        ],
        "10": [
          56,
          60
        ],
        "12": [
          60,
          64
        ],
        "14": [
          64,
          73
        ],
        "16": [
          73,
          78
        ],
        "13": [
          78,
          83
        ],
        "17": [
          83,
          90
        ],
        "18": [
          90,
          96
        ],
        "19": [
          96,
          100
        ],
        "20": [
          100,
          101
        ],
        "21": [
          101,
          105
        ],
        "22": [
          105,
          105
        ]
      },
      "activity_order": [
        1,
        2,
        4,
        3,
        5,
        8,
        6,
        7,
        15,
        9,
        11,
        10,
        12,
        14,
        16,
        13,
        17,
        18,
        19,
        20,
        21,
        22
      ]
    },
    "MTS": {
      "makespan": 105,
      "execution_time": 5.817413330078125e-05,
      "schedule": {
        "1": [
          0,
          0
        ],
        "4": [
          0,
          3
        ],
        "2": [
          3,
          10
        ],
        "5": [
          10,
          19
        ],
        "3": [
          19,
          25
        ],
        "6": [
          25,
          35
        ],
        "8": [
          35,
          40
        ],
        "7": [
          40,
          45
        ],
        "11": [
          45,
          48
        ],
        "15": [
          48,
          49
        ],
        "9": [
          49,
          56
        ],
        "10": [
          56,
          60
        ],
        "12": [
          60,
          64
        ],
        "13": [
          64,
          69
        ],
        "14": [
          69,
          78
        ],
        "16": [
          78,
          83
        ],
        "17": [
          83,
          90
        ],
        "18": [
          90,
          96
        ],
        "19": [
          96,
          100
        ],
        "20": [
          100,
          101
        ],
        "21": [
          101,
          105
        ],
        "22": [
          105,
          105
        ]
      },
      "activity_order": [
        1,
        4,
        2,
        5,
        3,
        6,
        8,
        7,
        11,
        15,
        9,
        10,
        12,
        13,
        14,
        16,
        17,
        18,
        19,
        20,
        21,
        22
      ]
    },
    "TIMROS": {
      "makespan": 105,
      "execution_time": 6.914138793945312e-05,
      "schedule": {
        "1": [
          0,
          0
        ],
        "3": [
          0,
          6
        ],
        "6": [
          6,
          16
        ],
        "7": [
          16,
          21
        ],
        "12": [
          21,
          25
        ],
        "4": [
          25,
          28
        ],
        "2": [
          28,
          35
        ],
        "5": [
          35,
          44
        ],
        "16": [
          44,
          49
        ],
        "8": [
          49,
          54
        ],
        "14": [
          54,
          63
        ],
        "9": [
          63,
          70
        ],
        "10": [
          70,
          74
        ],
        "19": [
          74,
          78
        ],
        "11": [
          78,
          81
        ],
        "13": [
          81,
          86
        ],
        "18": [
          86,
          92
        ],
        "15": [
          92,
          93
        ],
        "17": [
          93,
          100
        ],
        "21": [
          100,
          104
        ],
        "20": [
          104,
          105
        ],
        "22": [
          105,
          105
        ]
      },