{
  "instance": "inst_set1a_sf0.5_nc2.1_n20_m15_04",
  "results": {
    "HRPW*": {
      "makespan": 66,
      "execution_time": 0.00022292137145996094,
      "schedule": {
        "1": [
          0,
          0
        ],
        "4": [
          0,
          6
        ],
        "3": [
          0,
          5
        ],
        "5": [
          6,
          15
        ],
        "6": [
          15,
          20
        ],
        "8": [
          20,
          24
        ],
        "10": [
          24,
          28
        ],
        "9": [
          20,
          22
        ],
        "2": [
          28,
          35
        ],
        "13": [
          22,
          26
        ],
        "11": [
          28,
          36
        ],
        "15": [
          36,
          42
        ],
        "7": [
          42,
          46
        ],
        "14": [
          46,
          49
        ],
        "17": [
          46,
          55
        ],
        "18": [
          55,
          56
        ],
        "20": [
          56,
          65
        ],
        "16": [
          35,
          39
        ],
        "12": [
          46,
          47
        ],
        "19": [
          56,
          58
        ],
        "21": [
          65,
          66
        ],
        "22": [
          66,
          66
        ]
      },
      "activity_order": [
        1,
        4,
        3,
        5,
        6,
        8,
        10,
        9,
        2,
        13,
        11,
        15,
        7,
        14,
        17,
        18,
        20,
        16,
        12,
        19,
        21,
        22
      ]
    },
    "LST": {
      "makespan": 66,
      "execution_time": 0.000225067138671875,
      "schedule": {
        "1": [
          0,
          0
        ],
        "4": [
          0,
          6
        ],
        "3": [
          0,
          5
        ],
        "5": [
          6,
          15
        ],
        "6": [
          15,
          20
        ],
        "8": [
          20,
          24
        ],
        "10": [
          24,
          28
        ],
        "9": [
          20,
          22
        ],
        "2": [
          28,
          35
        ],
        "13": [
          22,
          26
        ],
        "11": [
          28,
          36
        ],
        "15": [
          36,
          42
        ],
        "7": [
          42,
          46
        ],
        "14": [
          46,
          49
        ],
        "17": [
          46,
          55
        ],
        "18": [
          55,
          56
        ],
        "20": [
          56,
          65
        ],
        "16": [
          35,
          39
        ],
        "12": [
          46,
          47
        ],
        "19": [
          56,
          58
        ],
        "21": [
          65,
          66
        ],
        "22": [
          66,
          66
        ]
      },
      "activity_order": [
        1,
        4,
        3,
        5,
        6,
        8,
        10,
        9,
        2,
        13,
        11,
        15,
        7,
        14,
        17,
        18,
        20,
        16,
        12,
        19,
        21,
        22
      ]
    },
    "LFT": {
      "makespan": 55,
      "execution_time": 0.0002269744873046875,
      "schedule": {
        "1": [
          0,
          0
        ],
        "3": [
          0,
          5
        ],
        "4": [
          0,
          6
        ],
        "5": [
          6,
          15
        ],
        "6": [
          15,
          20
        ],
        "9": [
          20,
          22
        ],
        "8": [
          20,
          24
        ],
        "10": [
          24,
          28
        ],
        "13": [
          22,
          26
        ],
        "2": [
          28,
          35
        ],
        "7": [
          22,
          26
        ],
        "11": [
          28,
          36
        ],
        "14": [
          36,
          39
        ],
        "15": [
          39,
          45
        ],
        "18": [
          35,
          36
        ],
        "12": [
          26,
          27
        ],
        "16": [
          35,
          39
        ],
        "17": [
          36,
          45
        ],
        "19": [
          45,
          47
        ],
        "20": [
          45,
          54
        ],
        "21": [
          54,
          55
        ],
        "22": [
          55,
          55
        ]
      },
      "activity_order": [
        1,
        3,
        4,
        5,
        6,
        9,
        8,
        10,
        13,
        2,
        7,
        11,
        14,
        15,
        18,
        12,
        16,
        17,
        19,
        20,
        21,
        22
      ]
    },
    "MTS": {
      "makespan": 55,
      "execution_time": 0.0003190040588378906,
      "schedule": {
        "1": [
          0,
          0
        ],
        "3": [
          0,
          5
        ],
        "4": [
          0,
          6
        ],
        "5": [
          6,
          15
        ],
        "6": [
          15,
          20
        ],
        "9": [
          20,
          22
        ],
        "8": [
          20,
          24
        ],
        "10": [
          24,
          28
        ],
        "2": [
          28,
          35
        ],
        "13": [
          22,
          26
        ],
        "7": [
          22,
          26
        ],
        "11": [
          28,
          36
        ],
        "18": [
          35,
          36
        ],
        "12": [
          26,
          27
        ],
        "14": [
          36,
          39
        ],
        "15": [
          39,
          45
        ],
        "16": [
          35,
          39
        ],
        "17": [
          36,
          45
        ],
        "19": [
          45,
          47
        ],
        "20": [
          45,
          54
        ],
        "21": [
          54,
          55
        ],
        "22": [
          55,
          55
        ]
      },
      "activity_order": [
        1,
        3,
        4,
        5,
        6,
        9,
        8,
        10,
        2,
        13,
        7,
        11,
        18,
        12,
        14,
        15,
        16,
        17,
        19,
        20,
        21,
        22
      ]
    },
    "TIMROS": {
      "makespan": 71,
      "execution_time": 0.00025916099548339844,
      "schedule": {
        "1": [
          0,
          0
        ],
        "3": [
          0,
          5
        ],
        "4": [
          0,
          6
        ],
        "5": [
          6,
          15
        ],
        "6": [
          15,
          20
        ],
        "2": [
          15,
          22
        ],
        "14": [
          22,
          25
        ],
        "7": [
          25,
          29
        ],
        "9": [
          29,
          31
        ],
        "13": [
          31,
          35
        ],
        "8": [
          22,
          26
        ],
        "16": [
          35,
          39
        ],
        "10": [
          26,
          30
        ],
        "15": [
          35,
          41
        ],
        "11": [
          41,
          49
        ],
        "17": [
          49,
          58
        ],
        "12": [
          39,
          40
        ],
        "19": [
          58,
          60
        ],
        "18": [
          60,
          61
        ],
        "20": [
          61,
          70
        ],
        "21": [
          70,
          71
        ],
        "22": [
          71,
          71
        ]
      },
      "activity_order": [
        1,
        3,
        4,
        5,
        6,
        2,
        14,
        7,
        9,
        13,
        8,
        16,
        10,
        15,
        11,
        17,
        12,
        19,
        18,
        20,
        21,
        22
      ]
    },
    "HRU1": {
      "makespan": 63,