{
  "instance": "inst_set1a_sf0.5_nc2.1_n20_m15_03",
  "results": {
    "HRPW*": {
      "makespan": 97,
      "execution_time": 6.67572021484375e-05,
      "schedule": {
        "1": [
          0,
          0
        ],
        "4": [
          0,
          4
        ],
        "2": [
          4,
          5
        ],
        "7": [
          5,
          15
        ],
        "12": [
          15,
          21
        ],
        "8": [
          21,
          30
        ],
        "5": [
          30,
          31
        ],
        "3": [
          31,
          34
        ],
        "14": [
          34,
          40
        ],
        "6": [
          40,
          43
        ],
        "9": [
          43,
          47
        ],
        "10": [
          47,
          54
        ],
        "13": [
          54,
          56
        ],
        "16": [
          56,
          62
        ],
        "17": [
          62,
          66
        ],
        "18": [
          66,
          69
        ],
        "11": [
          69,
          70
        ],
        "19": [
          70,
          80
        ],
        "15": [
          80,
          83
        ],
        "20": [
          83,
          91
        ],
        "21": [
          91,
          97
        ],
        "22": [
          97,
          97
        ]
      },
      "activity_order": [
        1,
        4,
        2,
        7,
        12,
        8,
        5,
        3,
        14,
        6,
        9,
        10,
        13,
        16,
        17,
        18,
        11,
        19,
        15,
        20,
        21,
        22
      ]
    },
    "LST": {
      "makespan": 97,
      "execution_time": 3.790855407714844e-05,
      "schedule": {
        "1": [
          0,
          0
        ],
        "4": [
          0,
          4
        ],
        "2": [
          4,
          5
        ],
        "7": [
          5,
          15
        ],
        "12": [
          15,
          21
        ],
        "8": [
          21,
          30
        ],
        "5": [
          30,
          31
        ],
        "3": [
          31,
          34
        ],
        "14": [
          34,
          40
        ],
        "6": [
          40,
          43
        ],
        "9": [
          43,
          47
        ],
        "10": [
          47,
          54
        ],
        "13": [
          54,
          56
        ],
        "16": [
          56,
          62
        ],
        "17": [
          62,
          66
        ],
        "18": [
          66,
          69
        ],
        "11": [
          69,
          70
        ],
        "19": [
          70,
          80
        ],
        "15": [
          80,
          83
        ],
        "20": [
          83,
          91
        ],
        "21": [
          91,
          97
        ],
        "22": [
          97,
          97
        ]
      },
      "activity_order": [
        1,
        4,
        2,
        7,
        12,
        8,
        5,
        3,
        14,
        6,
        9,
        10,
        13,
        16,
        17,
        18,
        11,
        19,
        15,
        20,
        21,
        22
      ]
    },
    "LFT": {
      "makespan": 97,
      "execution_time": 3.647804260253906e-05,
      "schedule": {
        "1": [
          0,
          0
        ],
        "2": [
          0,
          1
        ],
        "4": [
          1,
          5
        ],
        "7": [
          5,
          15
        ],
        "5": [
          15,
          16
        ],
        "12": [
          16,
          22
        ],
        "3": [
          22,
          25
        ],
        "8": [
          25,
          34
        ],
        "6": [
          34,
          37
        ],
        "14": [
          37,
          43
        ],
        "9": [
          43,
          47
        ],
        "13": [
          47,
          49
        ],
        "10": [
          49,
          56
        ],
        "16": [
          56,
          62
        ],
        "17": [
          62,
          66
        ],
        "11": [
          66,
          67
        ],
        "18": [
          67,
          70
        ],
        "15": [
          70,
          73
        ],
        "19": [
          73,
          83
        ],
        "20": [
          83,
          91
        ],
        "21": [
          91,
          97
        ],
        "22": [
          97,
          97
        ]
      },
      "activity_order": [
        1,
        2,
        4,
        7,
        5,
        12,
        3,
        8,
        6,
        14,
        9,
        13,
        10,
        16,
        17,
        11,
        18,
        15,
        19,
        20,
        21,
        22
      ]
    },
    "MTS": {
      "makespan": 97,
      "execution_time": 3.647804260253906e-05,
      "schedule": {
        "1": [
          0,
          0
        ],
        "2": [
          0,
          1
        ],
        "4": [
          1,
          5
        ],
        "5": [
          5,
          6
        ],
        "7": [
          6,
          16
        ],
        "3": [
          16,
          19
        ],
        "8": [
          19,
          28
        ],
        "12": [
          28,
          34
        ],
        "6": [
          34,
          37
        ],
        "9": [
          37,
          41
        ],
        "10": [
          41,
          48
        ],
        "13": [
          48,
          50
        ],
        "14": [
          50,
          56
        ],
        "11": [
          56,
          57
        ],
        "17": [
          57,
          61
        ],
        "15": [
          61,
          64
        ],
        "16": [
          64,
          70
        ],
        "18": [
          70,
          73
        ],
        "19": [
          73,
          83
        ],
        "20": [
          83,
          91
        ],
        "21": [
          91,
          97
        ],
        "22": [
          97,
          97
        ]
      },
      "activity_order": [
        1,
        2,
        4,
        5,
        7,
        3,
        8,
        12,
        6,
        9,
        10,
        13,
        14,
        11,
        17,
        15,
        16,
        18,
        19,
        20,
        21,
        22
      ]
    },
    "TIMROS": {
      "makespan": 97,
      "execution_time": 3.552436828613281e-05,
      "schedule": {
        "1": [
          0,
          0
        ],
        "4": [
          0,
          4
        ],
        "3": [
          4,
          7
        ],
        "6": [
          7,
          10
        ],
        "2": [
          10,
          11
        ],
        "7": [
          11,
          21
        ],
        "8": [
          21,
          30
        ],
        "12": [
          30,
          36
        ],
        "9": [
          36,
          40
        ],
        "5": [
          40,
          41
        ],
        "14": [
          41,
          47
        ],
        "10": [
          47,
          54
        ],
        "16": [
          54,
          60
        ],
        "18": [
          60,
          63
        ],
        "13": [
          63,
          65
        ],
        "17": [
          65,
          69
        ],
        "19": [
          69,
          79
        ],
        "11": [
          79,
          80
        ],
        "20": [
          80,
          88
        ],
        "15": [
          88,
          91
        ],
        "21": [
          91,
          97
        ],
        "22": [
          97,
          97
        ]
      },
      "activity_order": [
        1,
        4,
        3,
        6,
        2,
        7,
        8,
        12,
        9,
        5,
        14,
        10,
        16,
        18,
        13,
        17,
        19,
        11,
        20,
        15,
        21,
        22
      ]
    },
    "HRU1": {
      "makespan": 97,