{
  "instance": "inst_set1a_sf0.5_nc1.8_n20_m13_04",
  "results": {
    "HRPW*": {
      "makespan": 63,
      "execution_time": 0.0002636909484863281,
      "schedule": {
        "1": [
          0,
          0
        ],
        "3": [
          0,
          10
        ],
        "4": [
          10,
          13
        ],
        "5": [
          13,
          15
        ],
        "9": [
          15,
          18
        ],
        "13": [
          15,
          25
        ],
        "16": [
          18,
          24
        ],
        "7": [
          25,
          30
        ],
        "6": [
          30,
          34
        ],
        "8": [
          18,
          25
        ],
        "18": [
          34,
          41
        ],
        "2": [
          34,
          39
        ],
        "10": [
          30,
          35
        ],
        "11": [
          41,
          50
        ],
        "17": [
          50,
          58
        ],
        "21": [
          41,
          49
        ],
        "12": [
          49,
          54
        ],
        "14": [
          50,
          52
        ],
        "20": [
          58,
          61
        ],
        "15": [
          61,
          62
        ],
        "19": [
          62,
          63
        ],
        "22": [
          63,
          63
        ]
      },
      "activity_order": [
        1,
        3,
        4,
        5,
        9,
        13,
        16,
        7,
        6,
        8,
        18,
        2,
        10,
        11,
        17,
        21,
        12,
        14,
        20,
        15,
        19,
        22
      ]
    },
    "LST": {
      "makespan": 63,
      "execution_time": 0.0002422332763671875,
      "schedule": {
        "1": [
          0,
          0
        ],
        "3": [
          0,
          10
        ],
        "4": [
          10,
          13
        ],
        "5": [
          13,
          15
        ],
        "9": [
          15,
          18
        ],
        "13": [
          15,
          25
        ],
        "16": [
          18,
          24
        ],
        "7": [
          25,
          30
        ],
        "6": [
          30,
          34
        ],
        "8": [
          18,
          25
        ],
        "18": [
          34,
          41
        ],
        "2": [
          34,
          39
        ],
        "10": [
          30,
          35
        ],
        "11": [
          41,
          50
        ],
        "17": [
          50,
          58
        ],
        "21": [
          41,
          49
        ],
        "12": [
          49,
          54
        ],
        "14": [
          50,
          52
        ],
        "20": [
          58,
          61
        ],
        "15": [
          61,
          62
        ],
        "19": [
          62,
          63
        ],
        "22": [
          63,
          63
        ]
      },
      "activity_order": [
        1,
        3,
        4,
        5,
        9,
        13,
        16,
        7,
        6,
        8,
        18,
        2,
        10,
        11,
        17,
        21,
        12,
        14,
        20,
        15,
        19,
        22
      ]
    },
    "LFT": {
      "makespan": 56,
      "execution_time": 0.00024175643920898438,
      "schedule": {
        "1": [
          0,
          0
        ],
        "4": [
          0,
          3
        ],
        "5": [
          3,
          5
        ],
        "9": [
          5,
          8
        ],
        "3": [
          3,
          13
        ],
        "6": [
          13,
          17
        ],
        "7": [
          17,
          22
        ],
        "16": [
          8,
          14
        ],
        "8": [
          13,
          20
        ],
        "13": [
          22,
          32
        ],
        "2": [
          32,
          37
        ],
        "10": [
          22,
          27
        ],
        "18": [
          22,
          29
        ],
        "11": [
          29,
          38
        ],
        "17": [
          38,
          46
        ],
        "12": [
          37,
          42
        ],
        "14": [
          38,
          40
        ],
        "15": [
          46,
          47
        ],
        "19": [
          47,
          48
        ],
        "20": [
          47,
          50
        ],
        "21": [
          48,
          56
        ],
        "22": [
          56,
          56
        ]
      },
      "activity_order": [
        1,
        4,
        5,
        9,
        3,
        6,
        7,
        16,
        8,
        13,
        2,
        10,
        18,
        11,
        17,
        12,
        14,
        15,
        19,
        20,
        21,
        22
      ]
    },
    "MTS": {
      "makespan": 61,
      "execution_time": 0.0002524852752685547,
      "schedule": {
        "1": [
          0,
          0
        ],
        "4": [
          0,
          3
        ],
        "5": [
          3,
          5
        ],
        "3": [
          3,
          13
        ],
        "7": [
          13,
          18
        ],
        "9": [
          5,
          8
        ],
        "8": [
          13,
          20
        ],
        "13": [
          18,
          28
        ],
        "16": [
          8,
          14
        ],
        "6": [
          28,
          32
        ],
        "10": [
          20,
          25
        ],
        "11": [
          20,
          29
        ],
        "12": [
          32,
          37
        ],
        "2": [
          37,
          42
        ],
        "14": [
          29,
          31
        ],
        "15": [
          37,
          38
        ],
        "17": [
          38,
          46
        ],
        "18": [
          46,
          53
        ],
        "19": [
          42,
          43
        ],
        "20": [
          53,
          56
        ],
        "21": [
          53,
          61
        ],
        "22": [
          61,
          61
        ]
      },
      "activity_order": [
        1,
        4,
        5,
        3,
        7,
        9,
        8,
        13,
        16,
        6,
        10,
        11,
        12,
        2,
        14,
        15,
        17,
        18,
        19,
        20,
        21,
        22
      ]
    },
    "TIMROS": {
      "makespan": 75,
      "execution_time": 0.00024271011352539062,
      "schedule": {
        "1": [
          0,
          0
        ],
        "3": [
          0,
          10
        ],
        "12": [
          10,
          15
        ],
        "2": [
          15,
          20
        ],
        "4": [
          20,
          23
        ],
        "7": [
          23,
          28
        ],
        "8": [
          23,
          30
        ],
        "10": [
          30,
          35
        ],
        "11": [
          30,
          39
        ],
        "14": [
          39,
          41
        ],
        "5": [
          39,
          41
        ],
        "13": [
          41,
          51
        ],
        "6": [
          51,
          55
        ],
        "9": [
          41,
          44
        ],
        "16": [
          44,
          50
        ],
        "17": [
          51,
          59
        ],
        "18": [
          59,
          66
        ],
        "21": [
          66,
          74
        ],
        "20": [
          66,
          69
        ],
        "15": [
          69,
          70
        ],
        "19": [
          74,
          75
        ],
        "22": [
          75,
          75
        ]
      },
      "activity_order": [
        1,
        3,
        12,
        2,
        4,
        7,
        8,
        10,
        11,
        14,
        5,
        13,
        6,
        9,
        16,
        17,
        18,
        21,
        20,
        15,
        19,
        22
      ]
    },