{
  "instance": "inst_set1a_sf0_nc2.1_n20_m10_02",
  "results": {
    "HRPW*": {
      "makespan": 78,
      "execution_time": 0.00015687942504882812,
      "schedule": {
        "1": [
          0,
          0
        ],
        "4": [
          0,
          5
        ],
        "2": [
          0,
          7
        ],
        "3": [
          0,
          5
        ],
        "7": [
          7,
          16
        ],
        "5": [
          16,
          25
        ],
        "11": [
          16,
          25
        ],
        "10": [
          25,
          35
        ],
        "6": [
          25,
          31
        ],
        "13": [
          35,
          44
        ],
        "12": [
          44,
          48
        ],
        "8": [
          48,
          55
        ],
        "9": [
          25,
          31
        ],
        "15": [
          55,
          59
        ],
        "14": [
          59,
          65
        ],
        "16": [
          44,
          47
        ],
        "18": [
          65,
          71
        ],
        "17": [
          71,
          76
        ],
        "21": [
          65,
          70
        ],
        "19": [
          76,
          78
        ],
        "20": [
          76,
          78
        ],
        "22": [
          78,
          78
        ]
      },
      "activity_order": [
        1,
        4,
        2,
        3,
        7,
        5,
        11,
        10,
        6,
        13,
        12,
        8,
        9,
        15,
        14,
        16,
        18,
        17,
        21,
        19,
        20,
        22
      ]
    },
    "LST": {
      "makespan": 78,
      "execution_time": 0.0001952648162841797,
      "schedule": {
        "1": [
          0,
          0
        ],
        "4": [
          0,
          5
        ],
        "2": [
          0,
          7
        ],
        "3": [
          0,
          5
        ],
        "7": [
          7,
          16
        ],
        "5": [
          16,
          25
        ],
        "11": [
          16,
          25
        ],
        "10": [
          25,
          35
        ],
        "6": [
          25,
          31
        ],
        "13": [
          35,
          44
        ],
        "12": [
          44,
          48
        ],
        "8": [
          48,
          55
        ],
        "9": [
          25,
          31
        ],
        "15": [
          55,
          59
        ],
        "14": [
          59,
          65
        ],
        "16": [
          44,
          47
        ],
        "18": [
          65,
          71
        ],
        "17": [
          71,
          76
        ],
        "21": [
          65,
          70
        ],
        "19": [
          76,
          78
        ],
        "20": [
          76,
          78
        ],
        "22": [
          78,
          78
        ]
      },
      "activity_order": [
        1,
        4,
        2,
        3,
        7,
        5,
        11,
        10,
        6,
        13,
        12,
        8,
        9,
        15,
        14,
        16,
        18,
        17,
        21,
        19,
        20,
        22
      ]
    },
    "LFT": {
      "makespan": 78,
      "execution_time": 0.0001747608184814453,
      "schedule": {
        "1": [
          0,
          0
        ],
        "4": [
          0,
          5
        ],
        "2": [
          0,
          7
        ],
        "3": [
          0,
          5
        ],
        "7": [
          7,
          16
        ],
        "5": [
          16,
          25
        ],
        "11": [
          16,
          25
        ],
        "6": [
          25,
          31
        ],
        "10": [
          25,
          35
        ],
        "12": [
          35,
          39
        ],
        "13": [
          39,
          48
        ],
        "8": [
          48,
          55
        ],
        "9": [
          25,
          31
        ],
        "15": [
          55,
          59
        ],
        "14": [
          59,
          65
        ],
        "16": [
          48,
          51
        ],
        "17": [
          65,
          70
        ],
        "18": [
          70,
          76
        ],
        "19": [
          76,
          78
        ],
        "20": [
          70,
          72
        ],
        "21": [
          65,
          70
        ],
        "22": [
          78,
          78
        ]
      },
      "activity_order": [
        1,
        4,
        2,
        3,
        7,
        5,
        11,
        6,
        10,
        12,
        13,
        8,
        9,
        15,
        14,
        16,
        17,
        18,
        19,
        20,
        21,
        22
      ]
    },
    "MTS": {
      "makespan": 83,
      "execution_time": 0.0001678466796875,
      "schedule": {
        "1": [
          0,
          0
        ],
        "3": [
          0,
          5
        ],
        "2": [
          0,
          7
        ],
        "4": [
          0,
          5
        ],
        "5": [
          7,
          16
        ],
        "7": [
          16,
          25
        ],
        "11": [
          25,
          34
        ],
        "6": [
          34,
          40
        ],
        "10": [
          25,
          35
        ],
        "12": [
          40,
          44
        ],
        "13": [
          44,
          53
        ],
        "8": [
          53,
          60
        ],
        "9": [
          16,
          22
        ],
        "14": [
          60,
          66
        ],
        "15": [
          66,
          70
        ],
        "17": [
          70,
          75
        ],
        "16": [
          53,
          56
        ],
        "18": [
          75,
          81
        ],
        "19": [
          81,
          83
        ],
        "20": [
          75,
          77
        ],
        "21": [
          66,
          71
        ],
        "22": [
          83,
          83
        ]
      },
      "activity_order": [
        1,
        3,
        2,
        4,
        5,
        7,
        11,
        6,
        10,
        12,
        13,
        8,
        9,
        14,
        15,
        17,
        16,
        18,
        19,
        20,
        21,
        22
      ]
    },
    "TIMROS": {
      "makespan": 83,
      "execution_time": 0.0002396106719970703,
      "schedule": {
        "1": [
          0,
          0
        ],
        "2": [
          0,
          7
        ],
        "3": [
          0,
          5
        ],
        "5": [
          7,
          16
        ],
        "9": [
          16,
          22
        ],
        "4": [
          0,
          5
        ],
        "7": [
          16,
          25
        ],
        "8": [
          25,
          32
        ],
        "11": [
          25,
          34
        ],
        "13": [
          34,
          43
        ],
        "17": [
          43,
          48
        ],
        "6": [
          34,
          40
        ],
        "10": [
          48,
          58
        ],
        "12": [
          58,
          62
        ],
        "15": [
          62,
          66
        ],
        "18": [
          66,
          72
        ],
        "14": [
          72,
          78
        ],
        "19": [
          78,
          80
        ],
        "16": [
          58,
          61
        ],
        "21": [
          78,
          83
        ],
        "20": [
          78,
          80
        ],
        "22": [
          83,
          83
        ]
      },
      "activity_order": [
        1,
        2,
        3,
        5,
        9,
        4,
        7,
        8,
        11,
        13,
        17,
        6,
        10,
        12,
        15,
        18,
        14,
        19,
        16,
        21,
        20,
        22
      ]
    },
    "HRU1": {
      "makespan": 83,