{
  "instance": "inst_set1a_sf0_nc2.1_n20_m25_01",
  "results": {
    "HRPW*": {
      "makespan": 92,
      "execution_time": 0.0004227161407470703,
      "schedule": {
        "1": [
          0,
          0
        ],
        "4": [
          0,
          10
        ],
        "2": [
          0,
          10
        ],
        "3": [
          10,
          15
        ],
        "6": [
          15,
          19
        ],
        "8": [
          10,
          16
        ],
        "9": [
          19,
          27
        ],
        "10": [
          27,
          28
        ],
        "11": [
          28,
          32
        ],
        "5": [
          15,
          17
        ],
        "15": [
          32,
          42
        ],
        "7": [
          42,
          51
        ],
        "12": [
          32,
          39
        ],
        "17": [
          51,
          60
        ],
        "16": [
          51,
          58
        ],
        "13": [
          28,
          35
        ],
        "18": [
          60,
          67
        ],
        "14": [
          60,
          64
        ],
        "19": [
          64,
          74
        ],
        "20": [
          74,
          83
        ],
        "21": [
          83,
          92
        ],
        "22": [
          92,
          92
        ]
      },
      "activity_order": [
        1,
        4,
        2,
        3,
        6,
        8,
        9,
        10,
        11,
        5,
        15,
        7,
        12,
        17,
        16,
        13,
        18,
        14,
        19,
        20,
        21,
        22
      ]
    },
    "LST": {
      "makespan": 92,
      "execution_time": 0.0004971027374267578,
      "schedule": {
        "1": [
          0,
          0
        ],
        "4": [
          0,
          10
        ],
        "2": [
          0,
          10
        ],
        "3": [
          10,
          15
        ],
        "6": [
          15,
          19
        ],
        "8": [
          10,
          16
        ],
        "9": [
          19,
          27
        ],
        "10": [
          27,
          28
        ],
        "11": [
          28,
          32
        ],
        "5": [
          15,
          17
        ],
        "15": [
          32,
          42
        ],
        "7": [
          42,
          51
        ],
        "12": [
          32,
          39
        ],
        "17": [
          51,
          60
        ],
        "16": [
          51,
          58
        ],
        "13": [
          28,
          35
        ],
        "18": [
          60,
          67
        ],
        "14": [
          60,
          64
        ],
        "19": [
          64,
          74
        ],
        "20": [
          74,
          83
        ],
        "21": [
          83,
          92
        ],
        "22": [
          92,
          92
        ]
      },
      "activity_order": [
        1,
        4,
        2,
        3,
        6,
        8,
        9,
        10,
        11,
        5,
        15,
        7,
        12,
        17,
        16,
        13,
        18,
        14,
        19,
        20,
        21,
        22
      ]
    },
    "LFT": {
      "makespan": 88,
      "execution_time": 0.0004334449768066406,
      "schedule": {
        "1": [
          0,
          0
        ],
        "4": [
          0,
          10
        ],
        "2": [
          0,
          10
        ],
        "3": [
          10,
          15
        ],
        "6": [
          15,
          19
        ],
        "10": [
          19,
          20
        ],
        "5": [
          15,
          17
        ],
        "8": [
          10,
          16
        ],
        "11": [
          20,
          24
        ],
        "9": [
          20,
          28
        ],
        "7": [
          28,
          37
        ],
        "12": [
          28,
          35
        ],
        "15": [
          37,
          47
        ],
        "16": [
          47,
          54
        ],
        "17": [
          47,
          56
        ],
        "14": [
          56,
          60
        ],
        "13": [
          28,
          35
        ],
        "18": [
          56,
          63
        ],
        "19": [
          60,
          70
        ],
        "20": [
          70,
          79
        ],
        "21": [
          79,
          88
        ],
        "22": [
          88,
          88
        ]
      },
      "activity_order": [
        1,
        4,
        2,
        3,
        6,
        10,
        5,
        8,
        11,
        9,
        7,
        12,
        15,
        16,
        17,
        14,
        13,
        18,
        19,
        20,
        21,
        22
      ]
    },
    "MTS": {
      "makespan": 84,
      "execution_time": 0.00046253204345703125,
      "schedule": {
        "1": [
          0,
          0
        ],
        "4": [
          0,
          10
        ],
        "3": [
          0,
          5
        ],
        "2": [
          5,
          15
        ],
        "6": [
          15,
          19
        ],
        "10": [
          19,
          20
        ],
        "5": [
          5,
          7
        ],
        "8": [
          15,
          21
        ],
        "9": [
          20,
          28
        ],
        "11": [
          21,
          25
        ],
        "7": [
          28,
          37
        ],
        "12": [
          28,
          35
        ],
        "15": [
          37,
          47
        ],
        "16": [
          47,
          54
        ],
        "13": [
          28,
          35
        ],
        "14": [
          35,
          39
        ],
        "17": [
          47,
          56
        ],
        "18": [
          56,
          63
        ],
        "19": [
          56,
          66
        ],
        "20": [
          66,
          75
        ],
        "21": [
          75,
          84
        ],
        "22": [
          84,
          84
        ]
      },
      "activity_order": [
        1,
        4,
        3,
        2,
        6,
        10,
        5,
        8,
        9,
        11,
        7,
        12,
        15,
        16,
        13,
        14,
        17,
        18,
        19,
        20,
        21,
        22
      ]
    },
    "TIMROS": {
      "makespan": 122,
      "execution_time": 0.0004918575286865234,
      "schedule": {
        "1": [
          0,
          0
        ],
        "4": [
          0,
          10
        ],
        "9": [
          10,
          18
        ],
        "6": [
          18,
          22
        ],
        "2": [
          22,
          32
        ],
        "3": [
          32,
          37
        ],
        "7": [
          37,
          46
        ],
        "5": [
          37,
          39
        ],
        "16": [
          46,
          53
        ],
        "10": [
          53,
          54
        ],
        "13": [
          54,
          61
        ],
        "11": [
          54,
          58
        ],
        "21": [
          61,
          70
        ],
        "8": [
          70,
          76
        ],
        "15": [
          76,
          86
        ],
        "12": [
          76,
          83
        ],
        "14": [
          83,
          87
        ],
        "19": [
          87,
          97
        ],
        "17": [
          97,
          106
        ],
        "18": [
          106,
          113
        ],
        "20": [
          113,
          122
        ],
        "22": [
          122,
          122
        ]
      },
      "activity_order": [
        1,
        4,
        9,
        6,
        2,
        3,
        7,
        5,
        16,
        10,
        13,
        11,
        21,
        8,
        15,
        12,
        14,
        19,
        17,
        18,
        20,
        22
      ]
    },