{
  "instance": "inst_set1a_sf0_nc1.8_n20_m10_04",
  "results": {
    "HRPW*": {
      "makespan": 83,
      "execution_time": 3.7670135498046875e-05,
      "schedule": {
        "1": [
          0,
          0
        ],
        "3": [
          0,
          2
        ],
        "6": [
          2,
          7
        ],
        "2": [
          7,
          9
        ],
        "12": [
          9,
          18
        ],
        "8": [
          18,
          21
        ],
        "7": [
          21,
          27
        ],
        "13": [
          27,
          31
        ],
        "5": [
          31,
          32
        ],
        "17": [
          32,
          33
        ],
        "11": [
          33,
          39
        ],
        "18": [
          39,
          45
        ],
        "9": [
          45,
          49
        ],
        "15": [
          49,
          58
        ],
        "4": [
          58,
          59
        ],
        "10": [
          59,
          63
        ],
        "14": [
          63,
          66
        ],
        "20": [
          66,
          74
        ],
        "19": [
          74,
          79
        ],
        "16": [
          79,
          82
        ],
        "21": [
          82,
          83
        ],
        "22": [
          83,
          83
        ]
      },
      "activity_order": [
        1,
        3,
        6,
        2,
        12,
        8,
        7,
        13,
        5,
        17,
        11,
        18,
        9,
        15,
        4,
        10,
        14,
        20,
        19,
        16,
        21,
        22
      ]
    },
    "LST": {
      "makespan": 83,
      "execution_time": 3.647804260253906e-05,
      "schedule": {
        "1": [
          0,
          0
        ],
        "3": [
          0,
          2
        ],
        "6": [
          2,
          7
        ],
        "2": [
          7,
          9
        ],
        "12": [
          9,
          18
        ],
        "8": [
          18,
          21
        ],
        "7": [
          21,
          27
        ],
        "13": [
          27,
          31
        ],
        "5": [
          31,
          32
        ],
        "17": [
          32,
          33
        ],
        "11": [
          33,
          39
        ],
        "18": [
          39,
          45
        ],
        "9": [
          45,
          49
        ],
        "15": [
          49,
          58
        ],
        "4": [
          58,
          59
        ],
        "10": [
          59,
          63
        ],
        "14": [
          63,
          66
        ],
        "20": [
          66,
          74
        ],
        "19": [
          74,
          79
        ],
        "16": [
          79,
          82
        ],
        "21": [
          82,
          83
        ],
        "22": [
          83,
          83
        ]
      },
      "activity_order": [
        1,
        3,
        6,
        2,
        12,
        8,
        7,
        13,
        5,
        17,
        11,
        18,
        9,
        15,
        4,
        10,
        14,
        20,
        19,
        16,
        21,
        22
      ]
    },
    "LFT": {
      "makespan": 83,
      "execution_time": 3.457069396972656e-05,
      "schedule": {
        "1": [
          0,
          0
        ],
        "3": [
          0,
          2
        ],
        "6": [
          2,
          7
        ],
        "2": [
          7,
          9
        ],
        "8": [
          9,
          12
        ],
        "5": [
          12,
          13
        ],
        "7": [
          13,
          19
        ],
        "13": [
          19,
          23
        ],
        "12": [
          23,
          32
        ],
        "17": [
          32,
          33
        ],
        "9": [
          33,
          37
        ],
        "4": [
          37,
          38
        ],
        "11": [
          38,
          44
        ],
        "18": [
          44,
          50
        ],
        "10": [
          50,
          54
        ],
        "14": [
          54,
          57
        ],
        "15": [
          57,
          66
        ],
        "16": [
          66,
          69
        ],
        "19": [
          69,
          74
        ],
        "20": [
          74,
          82
        ],
        "21": [
          82,
          83
        ],
        "22": [
          83,
          83
        ]
      },
      "activity_order": [
        1,
        3,
        6,
        2,
        8,
        5,
        7,
        13,
        12,
        17,
        9,
        4,
        11,
        18,
        10,
        14,
        15,
        16,
        19,
        20,
        21,
        22
      ]
    },
    "MTS": {
      "makespan": 83,
      "execution_time": 3.7670135498046875e-05,
      "schedule": {
        "1": [
          0,
          0
        ],
        "3": [
          0,
          2
        ],
        "2": [
          2,
          4
        ],
        "6": [
          4,
          9
        ],
        "5": [
          9,
          10
        ],
        "8": [
          10,
          13
        ],
        "7": [
          13,
          19
        ],
        "12": [
          19,
          28
        ],
        "13": [
          28,
          32
        ],
        "9": [
          32,
          36
        ],
        "17": [
          36,
          37
        ],
        "4": [
          37,
          38
        ],
        "11": [
          38,
          44
        ],
        "18": [
          44,
          50
        ],
        "10": [
          50,
          54
        ],
        "14": [
          54,
          57
        ],
        "15": [
          57,
          66
        ],
        "16": [
          66,
          69
        ],
        "19": [
          69,
          74
        ],
        "20": [
          74,
          82
        ],
        "21": [
          82,
          83
        ],
        "22": [
          83,
          83
        ]
      },
      "activity_order": [
        1,
        3,
        2,
        6,
        5,
        8,
        7,
        12,
        13,
        9,
        17,
        4,
        11,
        18,
        10,
        14,
        15,
        16,
        19,
        20,
        21,
        22
      ]
    },
    "TIMROS": {
      "makespan": 83,
      "execution_time": 0.0002455711364746094,
      "schedule": {
        "1": [
          0,
          0
        ],
        "2": [
          0,
          2
        ],
        "3": [
          2,
          4
        ],
        "7": [
          4,
          10
        ],
        "6": [
          10,
          15
        ],
        "12": [
          15,
          24
        ],
        "8": [
          24,
          27
        ],
        "15": [
          27,
          36
        ],
        "13": [
          36,
          40
        ],
        "4": [
          40,
          41
        ],
        "5": [
          41,
          42
        ],
        "11": [
          42,
          48
        ],
        "9": [
          48,
          52
        ],
        "10": [
          52,
          56
        ],
        "16": [
          56,
          59
        ],
        "14": [
          59,
          62
        ],
        "17": [
          62,
          63
        ],
        "18": [
          63,
          69
        ],
        "20": [
          69,
          77
        ],
        "19": [
          77,
          82
        ],
        "21": [
          82,
          83
        ],
        "22": [
          83,
          83
        ]
      },
      "activity_order": [
        1,
        2,
        3,
        7,
        6,
        12,
        8,
        15,
        13,
        4,
        5,
        11,
        9,
        10,
        16,
        14,
        17,
        18,
        20,
        19,
        21,
        22
      ]
    },
    "HRU1": {
      "makespan": 83,