{
  "instance": "inst_set1a_sf0.5_nc2.1_n20_m10_00",
  "results": {
    "HRPW*": {
      "makespan": 111,
      "execution_time": 0.00023508071899414062,
      "schedule": {
        "1": [
          0,
          0
        ],
        "4": [
          0,
          1
        ],
        "6": [
          1,
          4
        ],
        "2": [
          4,
          5
        ],
        "7": [
          5,
          15
        ],
        "8": [
          15,
          22
        ],
        "12": [
          22,
          26
        ],
        "5": [
          26,
          29
        ],
        "3": [
          29,
          36
        ],
        "11": [
          36,
          41
        ],
        "13": [
          41,
          50
        ],
        "10": [
          50,
          54
        ],
        "15": [
          54,
          61
        ],
        "16": [
          61,
          71
        ],
        "9": [
          71,
          73
        ],
        "14": [
          73,
          79
        ],
        "17": [
          79,
          86
        ],
        "21": [
          86,
          95
        ],
        "18": [
          95,
          98
        ],
        "19": [
          98,
          106
        ],
        "20": [
          106,
          111
        ],
        "22": [
          111,
          111
        ]
      },
      "activity_order": [
        1,
        4,
        6,
        2,
        7,
        8,
        12,
        5,
        3,
        11,
        13,
        10,
        15,
        16,
        9,
        14,
        17,
        21,
        18,
        19,
        20,
        22
      ]
    },
    "LST": {
      "makespan": 111,
      "execution_time": 4.0531158447265625e-05,
      "schedule": {
        "1": [
          0,
          0
        ],
        "4": [
          0,
          1
        ],
        "6": [
          1,
          4
        ],
        "2": [
          4,
          5
        ],
        "7": [
          5,
          15
        ],
        "8": [
          15,
          22
        ],
        "12": [
          22,
          26
        ],
        "5": [
          26,
          29
        ],
        "3": [
          29,
          36
        ],
        "11": [
          36,
          41
        ],
        "13": [
          41,
          50
        ],
        "10": [
          50,
          54
        ],
        "15": [
          54,
          61
        ],
        "16": [
          61,
          71
        ],
        "9": [
          71,
          73
        ],
        "14": [
          73,
          79
        ],
        "17": [
          79,
          86
        ],
        "21": [
          86,
          95
        ],
        "18": [
          95,
          98
        ],
        "19": [
          98,
          106
        ],
        "20": [
          106,
          111
        ],
        "22": [
          111,
          111
        ]
      },
      "activity_order": [
        1,
        4,
        6,
        2,
        7,
        8,
        12,
        5,
        3,
        11,
        13,
        10,
        15,
        16,
        9,
        14,
        17,
        21,
        18,
        19,
        20,
        22
      ]
    },
    "LFT": {
      "makespan": 111,
      "execution_time": 4.57763671875e-05,
      "schedule": {
        "1": [
          0,
          0
        ],
        "4": [
          0,
          1
        ],
        "2": [
          1,
          2
        ],
        "6": [
          2,
          5
        ],
        "7": [
          5,
          15
        ],
        "5": [
          15,
          18
        ],
        "8": [
          18,
          25
        ],
        "12": [
          25,
          29
        ],
        "11": [
          29,
          34
        ],
        "3": [
          34,
          41
        ],
        "9": [
          41,
          43
        ],
        "10": [
          43,
          47
        ],
        "13": [
          47,
          56
        ],
        "15": [
          56,
          63
        ],
        "14": [
          63,
          69
        ],
        "16": [
          69,
          79
        ],
        "17": [
          79,
          86
        ],
        "18": [
          86,
          89
        ],
        "19": [
          89,
          97
        ],
        "20": [
          97,
          102
        ],
        "21": [
          102,
          111
        ],
        "22": [
          111,
          111
        ]
      },
      "activity_order": [
        1,
        4,
        2,
        6,
        7,
        5,
        8,
        12,
        11,
        3,
        9,
        10,
        13,
        15,
        14,
        16,
        17,
        18,
        19,
        20,
        21,
        22
      ]
    },
    "MTS": {
      "makespan": 111,
      "execution_time": 4.291534423828125e-05,
      "schedule": {
        "1": [
          0,
          0
        ],
        "4": [
          0,
          1
        ],
        "2": [
          1,
          2
        ],
        "6": [
          2,
          5
        ],
        "5": [
          5,
          8
        ],
        "7": [
          8,
          18
        ],
        "8": [
          18,
          25
        ],
        "3": [
          25,
          32
        ],
        "9": [
          32,
          34
        ],
        "11": [
          34,
          39
        ],
        "12": [
          39,
          43
        ],
        "10": [
          43,
          47
        ],
        "13": [
          47,
          56
        ],
        "15": [
          56,
          63
        ],
        "16": [
          63,
          73
        ],
        "14": [
          73,
          79
        ],
        "17": [
          79,
          86
        ],
        "18": [
          86,
          89
        ],
        "19": [
          89,
          97
        ],
        "20": [
          97,
          102
        ],
        "21": [
          102,
          111
        ],
        "22": [
          111,
          111
        ]
      },
      "activity_order": [
        1,
        4,
        2,
        6,
        5,
        7,
        8,
        3,
        9,
        11,
        12,
        10,
        13,
        15,
        16,
        14,
        17,
        18,
        19,
        20,
        21,
        22
      ]
    },
    "TIMROS": {
      "makespan": 111,
      "execution_time": 4.291534423828125e-05,
      "schedule": {
        "1": [
          0,
          0
        ],
        "3": [
          0,
          7
        ],
        "2": [
          7,
          8
        ],
        "5": [
          8,
          11
        ],
        "4": [
          11,
          12
        ],
        "16": [
          12,
          22
        ],
        "12": [
          22,
          26
        ],
        "6": [
          26,
          29
        ],
        "11": [
          29,
          34
        ],
        "7": [
          34,
          44
        ],
        "8": [
          44,
          51
        ],
        "13": [
          51,
          60
        ],
        "15": [
          60,
          67
        ],
        "9": [
          67,
          69
        ],
        "19": [
          69,
          77
        ],
        "10": [
          77,
          81
        ],
        "14": [
          81,
          87
        ],
        "21": [
          87,
          96
        ],
        "18": [
          96,
          99
        ],
        "17": [
          99,
          106
        ],
        "20": [
          106,
          111
        ],
        "22": [
          111,
          111
        ]
      },
      "activity_order": [
        1,
        3,
        2,
        5,
        4,
        16,
        12,
        6,
        11,
        7,
        8,
        13,
        15,
        9,
        19,
        10,
        14,
        21,
        18,
        17,
        20,
        22
      ]
    },