{
  "instance": "inst_set1a_sf0_nc2.1_n20_m25_03",
  "results": {
    "HRPW*": {
      "makespan": 95,
      "execution_time": 0.0004169940948486328,
      "schedule": {
        "1": [
          0,
          0
        ],
        "3": [
          0,
          9
        ],
        "2": [
          0,
          9
        ],
        "7": [
          9,
          14
        ],
        "5": [
          9,
          17
        ],
        "4": [
          17,
          26
        ],
        "9": [
          26,
          34
        ],
        "11": [
          34,
          40
        ],
        "6": [
          40,
          48
        ],
        "15": [
          48,
          51
        ],
        "12": [
          51,
          59
        ],
        "17": [
          59,
          67
        ],
        "16": [
          67,
          73
        ],
        "8": [
          73,
          74
        ],
        "14": [
          74,
          79
        ],
        "13": [
          79,
          84
        ],
        "18": [
          84,
          86
        ],
        "10": [
          74,
          75
        ],
        "20": [
          86,
          92
        ],
        "21": [
          79,
          84
        ],
        "19": [
          92,
          95
        ],
        "22": [
          95,
          95
        ]
      },
      "activity_order": [
        1,
        3,
        2,
        7,
        5,
        4,
        9,
        11,
        6,
        15,
        12,
        17,
        16,
        8,
        14,
        13,
        18,
        10,
        20,
        21,
        19,
        22
      ]
    },
    "LST": {
      "makespan": 95,
      "execution_time": 0.00054168701171875,
      "schedule": {
        "1": [
          0,
          0
        ],
        "3": [
          0,
          9
        ],
        "2": [
          0,
          9
        ],
        "7": [
          9,
          14
        ],
        "5": [
          9,
          17
        ],
        "4": [
          17,
          26
        ],
        "9": [
          26,
          34
        ],
        "11": [
          34,
          40
        ],
        "6": [
          40,
          48
        ],
        "15": [
          48,
          51
        ],
        "12": [
          51,
          59
        ],
        "17": [
          59,
          67
        ],
        "16": [
          67,
          73
        ],
        "8": [
          73,
          74
        ],
        "14": [
          74,
          79
        ],
        "13": [
          79,
          84
        ],
        "18": [
          84,
          86
        ],
        "10": [
          74,
          75
        ],
        "20": [
          86,
          92
        ],
        "21": [
          79,
          84
        ],
        "19": [
          92,
          95
        ],
        "22": [
          95,
          95
        ]
      },
      "activity_order": [
        1,
        3,
        2,
        7,
        5,
        4,
        9,
        11,
        6,
        15,
        12,
        17,
        16,
        8,
        14,
        13,
        18,
        10,
        20,
        21,
        19,
        22
      ]
    },
    "LFT": {
      "makespan": 95,
      "execution_time": 0.0005545616149902344,
      "schedule": {
        "1": [
          0,
          0
        ],
        "3": [
          0,
          9
        ],
        "2": [
          0,
          9
        ],
        "7": [
          9,
          14
        ],
        "5": [
          9,
          17
        ],
        "4": [
          17,
          26
        ],
        "9": [
          26,
          34
        ],
        "11": [
          34,
          40
        ],
        "15": [
          40,
          43
        ],
        "6": [
          43,
          51
        ],
        "8": [
          51,
          52
        ],
        "12": [
          52,
          60
        ],
        "16": [
          60,
          66
        ],
        "17": [
          66,
          74
        ],
        "18": [
          74,
          76
        ],
        "10": [
          52,
          53
        ],
        "14": [
          76,
          81
        ],
        "13": [
          81,
          86
        ],
        "19": [
          86,
          89
        ],
        "20": [
          89,
          95
        ],
        "21": [
          81,
          86
        ],
        "22": [
          95,
          95
        ]
      },
      "activity_order": [
        1,
        3,
        2,
        7,
        5,
        4,
        9,
        11,
        15,
        6,
        8,
        12,
        16,
        17,
        18,
        10,
        14,
        13,
        19,
        20,
        21,
        22
      ]
    },
    "MTS": {
      "makespan": 95,
      "execution_time": 0.0005478858947753906,
      "schedule": {
        "1": [
          0,
          0
        ],
        "2": [
          0,
          9
        ],
        "3": [
          0,
          9
        ],
        "5": [
          9,
          17
        ],
        "7": [
          9,
          14
        ],
        "4": [
          17,
          26
        ],
        "11": [
          26,
          32
        ],
        "6": [
          32,
          40
        ],
        "9": [
          40,
          48
        ],
        "15": [
          48,
          51
        ],
        "8": [
          51,
          52
        ],
        "12": [
          52,
          60
        ],
        "17": [
          60,
          68
        ],
        "16": [
          68,
          74
        ],
        "10": [
          52,
          53
        ],
        "13": [
          74,
          79
        ],
        "14": [
          79,
          84
        ],
        "18": [
          84,
          86
        ],
        "19": [
          86,
          89
        ],
        "20": [
          89,
          95
        ],
        "21": [
          84,
          89
        ],
        "22": [
          95,
          95
        ]
      },
      "activity_order": [
        1,
        2,
        3,
        5,
        7,
        4,
        11,
        6,
        9,
        15,
        8,
        12,
        17,
        16,
        10,
        13,
        14,
        18,
        19,
        20,
        21,
        22
      ]
    },
    "TIMROS": {
      "makespan": 97,
      "execution_time": 0.00045800209045410156,
      "schedule": {
        "1": [
          0,
          0
        ],
        "4": [
          0,
          9
        ],
        "3": [
          0,
          9
        ],
        "12": [
          9,
          17
        ],
        "7": [
          9,
          14
        ],
        "9": [
          17,
          25
        ],
        "2": [
          25,
          34
        ],
        "5": [
          34,
          42
        ],
        "15": [
          42,
          45
        ],
        "11": [
          45,
          51
        ],
        "16": [
          51,
          57
        ],
        "17": [
          57,
          65
        ],
        "18": [
          65,
          67
        ],
        "13": [
          67,
          72
        ],
        "6": [
          72,
          80
        ],
        "20": [
          80,
          86
        ],
        "8": [
          86,
          87
        ],
        "14": [
          87,
          92
        ],
        "19": [
          92,
          95
        ],
        "10": [
          87,
          88
        ],
        "21": [
          92,
          97
        ],
        "22": [
          97,
          97
        ]
      },
      "activity_order": [
        1,
        4,
        3,
        12,
        7,
        9,
        2,
        5,
        15,
        11,
        16,
        17,
        18,
        13,
        6,
        20,
        8,
        14,
        19,
        10,
        21,
        22
      ]
    },
    "HRU1": {
      "makespan": 95,