{
  "instance": "inst_set1a_sf0.5_nc2.1_n20_m13_02",
  "results": {
    "HRPW*": {
      "makespan": 86,
      "execution_time": 0.00020432472229003906,
      "schedule": {
        "1": [
          0,
          0
        ],
        "4": [
          0,
          5
        ],
        "2": [
          0,
          1
        ],
        "5": [
          1,
          6
        ],
        "8": [
          5,
          11
        ],
        "6": [
          11,
          21
        ],
        "9": [
          21,
          31
        ],
        "7": [
          6,
          8
        ],
        "10": [
          11,
          21
        ],
        "12": [
          31,
          41
        ],
        "11": [
          21,
          29
        ],
        "3": [
          29,
          32
        ],
        "14": [
          41,
          47
        ],
        "13": [
          41,
          45
        ],
        "16": [
          47,
          56
        ],
        "18": [
          56,
          65
        ],
        "15": [
          65,
          68
        ],
        "17": [
          47,
          50
        ],
        "19": [
          68,
          76
        ],
        "20": [
          76,
          83
        ],
        "21": [
          83,
          86
        ],
        "22": [
          86,
          86
        ]
      },
      "activity_order": [
        1,
        4,
        2,
        5,
        8,
        6,
        9,
        7,
        10,
        12,
        11,
        3,
        14,
        13,
        16,
        18,
        15,
        17,
        19,
        20,
        21,
        22
      ]
    },
    "LST": {
      "makespan": 86,
      "execution_time": 0.00026535987854003906,
      "schedule": {
        "1": [
          0,
          0
        ],
        "4": [
          0,
          5
        ],
        "2": [
          0,
          1
        ],
        "5": [
          1,
          6
        ],
        "8": [
          5,
          11
        ],
        "6": [
          11,
          21
        ],
        "9": [
          21,
          31
        ],
        "7": [
          6,
          8
        ],
        "10": [
          11,
          21
        ],
        "12": [
          31,
          41
        ],
        "11": [
          21,
          29
        ],
        "3": [
          29,
          32
        ],
        "14": [
          41,
          47
        ],
        "13": [
          41,
          45
        ],
        "16": [
          47,
          56
        ],
        "18": [
          56,
          65
        ],
        "15": [
          65,
          68
        ],
        "17": [
          47,
          50
        ],
        "19": [
          68,
          76
        ],
        "20": [
          76,
          83
        ],
        "21": [
          83,
          86
        ],
        "22": [
          86,
          86
        ]
      },
      "activity_order": [
        1,
        4,
        2,
        5,
        8,
        6,
        9,
        7,
        10,
        12,
        11,
        3,
        14,
        13,
        16,
        18,
        15,
        17,
        19,
        20,
        21,
        22
      ]
    },
    "LFT": {
      "makespan": 86,
      "execution_time": 0.00020503997802734375,
      "schedule": {
        "1": [
          0,
          0
        ],
        "2": [
          0,
          1
        ],
        "4": [
          0,
          5
        ],
        "5": [
          1,
          6
        ],
        "7": [
          6,
          8
        ],
        "8": [
          5,
          11
        ],
        "6": [
          11,
          21
        ],
        "9": [
          21,
          31
        ],
        "3": [
          0,
          3
        ],
        "10": [
          11,
          21
        ],
        "12": [
          31,
          41
        ],
        "14": [
          41,
          47
        ],
        "11": [
          21,
          29
        ],
        "13": [
          41,
          45
        ],
        "15": [
          47,
          50
        ],
        "16": [
          50,
          59
        ],
        "17": [
          47,
          50
        ],
        "18": [
          59,
          68
        ],
        "19": [
          68,
          76
        ],
        "20": [
          76,
          83
        ],
        "21": [
          83,
          86
        ],
        "22": [
          86,
          86
        ]
      },
      "activity_order": [
        1,
        2,
        4,
        5,
        7,
        8,
        6,
        9,
        3,
        10,
        12,
        14,
        11,
        13,
        15,
        16,
        17,
        18,
        19,
        20,
        21,
        22
      ]
    },
    "MTS": {
      "makespan": 86,
      "execution_time": 0.00022673606872558594,
      "schedule": {
        "1": [
          0,
          0
        ],
        "2": [
          0,
          1
        ],
        "4": [
          0,
          5
        ],
        "8": [
          5,
          11
        ],
        "6": [
          11,
          21
        ],
        "7": [
          1,
          3
        ],
        "12": [
          21,
          31
        ],
        "5": [
          3,
          8
        ],
        "3": [
          0,
          3
        ],
        "11": [
          3,
          11
        ],
        "9": [
          31,
          41
        ],
        "10": [
          11,
          21
        ],
        "14": [
          41,
          47
        ],
        "13": [
          31,
          35
        ],
        "15": [
          47,
          50
        ],
        "16": [
          50,
          59
        ],
        "17": [
          47,
          50
        ],
        "18": [
          59,
          68
        ],
        "19": [
          68,
          76
        ],
        "20": [
          76,
          83
        ],
        "21": [
          83,
          86
        ],
        "22": [
          86,
          86
        ]
      },
      "activity_order": [
        1,
        2,
        4,
        8,
        6,
        7,
        12,
        5,
        3,
        11,
        9,
        10,
        14,
        13,
        15,
        16,
        17,
        18,
        19,
        20,
        21,
        22
      ]
    },
    "TIMROS": {
      "makespan": 100,
      "execution_time": 0.00021314620971679688,
      "schedule": {
        "1": [
          0,
          0
        ],
        "3": [
          0,
          3
        ],
        "4": [
          0,
          5
        ],
        "6": [
          5,
          15
        ],
        "8": [
          15,
          21
        ],
        "12": [
          21,
          31
        ],
        "2": [
          0,
          1
        ],
        "11": [
          3,
          11
        ],
        "5": [
          1,
          6
        ],
        "9": [
          31,
          41
        ],
        "14": [
          41,
          47
        ],
        "15": [
          47,
          50
        ],
        "7": [
          6,
          8
        ],
        "16": [
          50,
          59
        ],
        "10": [
          59,
          69
        ],
        "19": [
          69,
          77
        ],
        "13": [
          77,
          81
        ],
        "18": [
          81,
          90
        ],
        "17": [
          81,
          84
        ],
        "20": [
          90,
          97
        ],
        "21": [
          97,
          100
        ],
        "22": [
          100,
          100
        ]
      },
      "activity_order": [
        1,
        3,
        4,
        6,
        8,
        12,
        2,
        11,
        5,
        9,
        14,
        15,
        7,
        16,
        10,
        19,
        13,
        18,
        17,
        20,
        21,
        22
      ]
    },
    "HRU1": {
      "makespan": 86,