{
  "instance": "inst_set1a_sf0.5_nc1.8_n20_m10_00",
  "results": {
    "HRPW*": {
      "makespan": 68,
      "execution_time": 0.0002529621124267578,
      "schedule": {
        "1": [
          0,
          0
        ],
        "3": [
          0,
          9
        ],
        "4": [
          0,
          3
        ],
        "8": [
          9,
          15
        ],
        "5": [
          9,
          12
        ],
        "6": [
          12,
          13
        ],
        "2": [
          15,
          22
        ],
        "7": [
          22,
          29
        ],
        "13": [
          29,
          34
        ],
        "16": [
          34,
          43
        ],
        "10": [
          43,
          51
        ],
        "9": [
          51,
          55
        ],
        "12": [
          55,
          59
        ],
        "17": [
          13,
          21
        ],
        "11": [
          29,
          37
        ],
        "18": [
          59,
          65
        ],
        "15": [
          55,
          56
        ],
        "21": [
          59,
          66
        ],
        "14": [
          56,
          57
        ],
        "19": [
          57,
          61
        ],
        "20": [
          65,
          68
        ],
        "22": [
          68,
          68
        ]
      },
      "activity_order": [
        1,
        3,
        4,
        8,
        5,
        6,
        2,
        7,
        13,
        16,
        10,
        9,
        12,
        17,
        11,
        18,
        15,
        21,
        14,
        19,
        20,
        22
      ]
    },
    "LST": {
      "makespan": 68,
      "execution_time": 0.00020265579223632812,
      "schedule": {
        "1": [
          0,
          0
        ],
        "3": [
          0,
          9
        ],
        "4": [
          0,
          3
        ],
        "8": [
          9,
          15
        ],
        "5": [
          9,
          12
        ],
        "6": [
          12,
          13
        ],
        "2": [
          15,
          22
        ],
        "7": [
          22,
          29
        ],
        "13": [
          29,
          34
        ],
        "16": [
          34,
          43
        ],
        "10": [
          43,
          51
        ],
        "9": [
          51,
          55
        ],
        "12": [
          55,
          59
        ],
        "17": [
          13,
          21
        ],
        "11": [
          29,
          37
        ],
        "18": [
          59,
          65
        ],
        "15": [
          55,
          56
        ],
        "21": [
          59,
          66
        ],
        "14": [
          56,
          57
        ],
        "19": [
          57,
          61
        ],
        "20": [
          65,
          68
        ],
        "22": [
          68,
          68
        ]
      },
      "activity_order": [
        1,
        3,
        4,
        8,
        5,
        6,
        2,
        7,
        13,
        16,
        10,
        9,
        12,
        17,
        11,
        18,
        15,
        21,
        14,
        19,
        20,
        22
      ]
    },
    "LFT": {
      "makespan": 73,
      "execution_time": 0.00017571449279785156,
      "schedule": {
        "1": [
          0,
          0
        ],
        "3": [
          0,
          9
        ],
        "4": [
          0,
          3
        ],
        "5": [
          9,
          12
        ],
        "6": [
          12,
          13
        ],
        "8": [
          9,
          15
        ],
        "13": [
          15,
          20
        ],
        "2": [
          20,
          27
        ],
        "7": [
          27,
          34
        ],
        "9": [
          34,
          38
        ],
        "12": [
          38,
          42
        ],
        "16": [
          42,
          51
        ],
        "10": [
          51,
          59
        ],
        "15": [
          59,
          60
        ],
        "17": [
          60,
          68
        ],
        "11": [
          34,
          42
        ],
        "14": [
          68,
          69
        ],
        "18": [
          51,
          57
        ],
        "19": [
          69,
          73
        ],
        "20": [
          69,
          72
        ],
        "21": [
          60,
          67
        ],
        "22": [
          73,
          73
        ]
      },
      "activity_order": [
        1,
        3,
        4,
        5,
        6,
        8,
        13,
        2,
        7,
        9,
        12,
        16,
        10,
        15,
        17,
        11,
        14,
        18,
        19,
        20,
        21,
        22
      ]
    },
    "MTS": {
      "makespan": 68,
      "execution_time": 0.0001780986785888672,
      "schedule": {
        "1": [
          0,
          0
        ],
        "4": [
          0,
          3
        ],
        "3": [
          0,
          9
        ],
        "5": [
          9,
          12
        ],
        "2": [
          9,
          16
        ],
        "6": [
          12,
          13
        ],
        "7": [
          16,
          23
        ],
        "8": [
          23,
          29
        ],
        "9": [
          29,
          33
        ],
        "10": [
          33,
          41
        ],
        "13": [
          41,
          46
        ],
        "12": [
          46,
          50
        ],
        "15": [
          41,
          42
        ],
        "16": [
          50,
          59
        ],
        "11": [
          23,
          31
        ],
        "14": [
          42,
          43
        ],
        "17": [
          43,
          51
        ],
        "18": [
          59,
          65
        ],
        "19": [
          51,
          55
        ],
        "20": [
          65,
          68
        ],
        "21": [
          59,
          66
        ],
        "22": [
          68,
          68
        ]
      },
      "activity_order": [
        1,
        4,
        3,
        5,
        2,
        6,
        7,
        8,
        9,
        10,
        13,
        12,
        15,
        16,
        11,
        14,
        17,
        18,
        19,
        20,
        21,
        22
      ]
    },
    "TIMROS": {
      "makespan": 67,
      "execution_time": 0.0002512931823730469,
      "schedule": {
        "1": [
          0,
          0
        ],
        "3": [
          0,
          9
        ],
        "2": [
          9,
          16
        ],
        "8": [
          16,
          22
        ],
        "12": [
          22,
          26
        ],
        "4": [
          0,
          3
        ],
        "5": [
          9,
          12
        ],
        "13": [
          26,
          31
        ],
        "16": [
          31,
          40
        ],
        "9": [
          40,
          44
        ],
        "18": [
          44,
          50
        ],
        "6": [
          12,
          13
        ],
        "7": [
          44,
          51
        ],
        "10": [
          51,
          59
        ],
        "17": [
          13,
          21
        ],
        "11": [
          51,
          59
        ],
        "14": [
          44,
          45
        ],
        "20": [
          59,
          62
        ],
        "15": [
          59,
          60
        ],
        "21": [
          60,
          67
        ],
        "19": [
          60,
          64
        ],
        "22": [
          67,
          67
        ]
      },
      "activity_order": [
        1,
        3,
        2,
        8,
        12,
        4,
        5,
        13,
        16,
        9,
        18,
        6,
        7,
        10,
        17,
        11,
        14,
        20,
        15,
        21,
        19,
        22
      ]
    },
    "HRU1": {
      "makespan": 72,