{
  "instance": "inst_set1a_sf0.5_nc2.1_n20_m13_05",
  "results": {
    "HRPW*": {
      "makespan": 68,
      "execution_time": 0.00018548965454101562,
      "schedule": {
        "1": [
          0,
          0
        ],
        "4": [
          0,
          5
        ],
        "2": [
          0,
          1
        ],
        "5": [
          5,
          15
        ],
        "6": [
          5,
          11
        ],
        "9": [
          11,
          16
        ],
        "3": [
          11,
          20
        ],
        "8": [
          15,
          24
        ],
        "10": [
          24,
          29
        ],
        "11": [
          29,
          34
        ],
        "13": [
          34,
          39
        ],
        "14": [
          39,
          47
        ],
        "7": [
          47,
          48
        ],
        "16": [
          48,
          49
        ],
        "17": [
          49,
          58
        ],
        "12": [
          49,
          56
        ],
        "15": [
          48,
          51
        ],
        "18": [
          56,
          60
        ],
        "21": [
          60,
          68
        ],
        "19": [
          60,
          62
        ],
        "20": [
          62,
          64
        ],
        "22": [
          68,
          68
        ]
      },
      "activity_order": [
        1,
        4,
        2,
        5,
        6,
        9,
        3,
        8,
        10,
        11,
        13,
        14,
        7,
        16,
        17,
        12,
        15,
        18,
        21,
        19,
        20,
        22
      ]
    },
    "LST": {
      "makespan": 68,
      "execution_time": 0.00018906593322753906,
      "schedule": {
        "1": [
          0,
          0
        ],
        "4": [
          0,
          5
        ],
        "2": [
          0,
          1
        ],
        "5": [
          5,
          15
        ],
        "6": [
          5,
          11
        ],
        "9": [
          11,
          16
        ],
        "3": [
          11,
          20
        ],
        "8": [
          15,
          24
        ],
        "10": [
          24,
          29
        ],
        "11": [
          29,
          34
        ],
        "13": [
          34,
          39
        ],
        "14": [
          39,
          47
        ],
        "7": [
          47,
          48
        ],
        "16": [
          48,
          49
        ],
        "17": [
          49,
          58
        ],
        "12": [
          49,
          56
        ],
        "15": [
          48,
          51
        ],
        "18": [
          56,
          60
        ],
        "21": [
          60,
          68
        ],
        "19": [
          60,
          62
        ],
        "20": [
          62,
          64
        ],
        "22": [
          68,
          68
        ]
      },
      "activity_order": [
        1,
        4,
        2,
        5,
        6,
        9,
        3,
        8,
        10,
        11,
        13,
        14,
        7,
        16,
        17,
        12,
        15,
        18,
        21,
        19,
        20,
        22
      ]
    },
    "LFT": {
      "makespan": 68,
      "execution_time": 0.00018405914306640625,
      "schedule": {
        "1": [
          0,
          0
        ],
        "2": [
          0,
          1
        ],
        "4": [
          0,
          5
        ],
        "6": [
          5,
          11
        ],
        "5": [
          5,
          15
        ],
        "9": [
          11,
          16
        ],
        "3": [
          11,
          20
        ],
        "10": [
          15,
          20
        ],
        "11": [
          20,
          25
        ],
        "8": [
          25,
          34
        ],
        "7": [
          34,
          35
        ],
        "13": [
          35,
          40
        ],
        "16": [
          40,
          41
        ],
        "14": [
          41,
          49
        ],
        "15": [
          35,
          38
        ],
        "12": [
          49,
          56
        ],
        "17": [
          41,
          50
        ],
        "18": [
          56,
          60
        ],
        "19": [
          60,
          62
        ],
        "20": [
          62,
          64
        ],
        "21": [
          60,
          68
        ],
        "22": [
          68,
          68
        ]
      },
      "activity_order": [
        1,
        2,
        4,
        6,
        5,
        9,
        3,
        10,
        11,
        8,
        7,
        13,
        16,
        14,
        15,
        12,
        17,
        18,
        19,
        20,
        21,
        22
      ]
    },
    "MTS": {
      "makespan": 75,
      "execution_time": 0.00019121170043945312,
      "schedule": {
        "1": [
          0,
          0
        ],
        "4": [
          0,
          5
        ],
        "6": [
          5,
          11
        ],
        "2": [
          11,
          12
        ],
        "3": [
          12,
          21
        ],
        "9": [
          11,
          16
        ],
        "5": [
          12,
          22
        ],
        "7": [
          22,
          23
        ],
        "10": [
          23,
          28
        ],
        "11": [
          28,
          33
        ],
        "8": [
          33,
          42
        ],
        "15": [
          23,
          26
        ],
        "13": [
          42,
          47
        ],
        "16": [
          47,
          48
        ],
        "14": [
          48,
          56
        ],
        "12": [
          56,
          63
        ],
        "17": [
          48,
          57
        ],
        "18": [
          63,
          67
        ],
        "19": [
          67,
          69
        ],
        "20": [
          69,
          71
        ],
        "21": [
          67,
          75
        ],
        "22": [
          75,
          75
        ]
      },
      "activity_order": [
        1,
        4,
        6,
        2,
        3,
        9,
        5,
        7,
        10,
        11,
        8,
        15,
        13,
        16,
        14,
        12,
        17,
        18,
        19,
        20,
        21,
        22
      ]
    },
    "TIMROS": {
      "makespan": 90,
      "execution_time": 0.00020575523376464844,
      "schedule": {
        "1": [
          0,
          0
        ],
        "3": [
          0,
          9
        ],
        "4": [
          0,
          5
        ],
        "6": [
          9,
          15
        ],
        "9": [
          15,
          20
        ],
        "10": [
          15,
          20
        ],
        "11": [
          20,
          25
        ],
        "13": [
          25,
          30
        ],
        "2": [
          15,
          16
        ],
        "12": [
          30,
          37
        ],
        "5": [
          37,
          47
        ],
        "8": [
          47,
          56
        ],
        "14": [
          56,
          64
        ],
        "7": [
          64,
          65
        ],
        "15": [
          65,
          68
        ],
        "18": [
          68,
          72
        ],
        "16": [
          72,
          73
        ],
        "17": [
          73,
          82
        ],
        "21": [
          82,
          90
        ],
        "19": [
          73,
          75
        ],
        "20": [
          75,
          77
        ],
        "22": [
          90,
          90
        ]
      },
      "activity_order": [
        1,
        3,
        4,
        6,
        9,
        10,
        11,
        13,
        2,
        12,
        5,
        8,
        14,
        7,
        15,
        18,
        16,
        17,
        21,
        19,
        20,
        22
      ]
    },
    "HRU1": {
      "makespan": 73,