{
  "instance": "inst_set1a_sf1_nc2.1_n20_m30_03",
  "results": {
    "HRPW*": {
      "makespan": 101,
      "execution_time": 0.00036644935607910156,
      "schedule": {
        "1": [
          0,
          0
        ],
        "2": [
          0,
          8
        ],
        "4": [
          8,
          13
        ],
        "6": [
          13,
          19
        ],
        "3": [
          19,
          26
        ],
        "7": [
          26,
          32
        ],
        "8": [
          32,
          36
        ],
        "5": [
          36,
          37
        ],
        "9": [
          37,
          40
        ],
        "13": [
          40,
          47
        ],
        "11": [
          47,
          56
        ],
        "12": [
          56,
          61
        ],
        "10": [
          61,
          62
        ],
        "16": [
          62,
          67
        ],
        "14": [
          67,
          76
        ],
        "17": [
          76,
          81
        ],
        "15": [
          81,
          83
        ],
        "18": [
          83,
          85
        ],
        "20": [
          85,
          92
        ],
        "19": [
          92,
          97
        ],
        "21": [
          97,
          101
        ],
        "22": [
          101,
          101
        ]
      },
      "activity_order": [
        1,
        2,
        4,
        6,
        3,
        7,
        8,
        5,
        9,
        13,
        11,
        12,
        10,
        16,
        14,
        17,
        15,
        18,
        20,
        19,
        21,
        22
      ]
    },
    "LST": {
      "makespan": 101,
      "execution_time": 0.00041294097900390625,
      "schedule": {
        "1": [
          0,
          0
        ],
        "2": [
          0,
          8
        ],
        "4": [
          8,
          13
        ],
        "6": [
          13,
          19
        ],
        "3": [
          19,
          26
        ],
        "7": [
          26,
          32
        ],
        "8": [
          32,
          36
        ],
        "5": [
          36,
          37
        ],
        "9": [
          37,
          40
        ],
        "13": [
          40,
          47
        ],
        "11": [
          47,
          56
        ],
        "12": [
          56,
          61
        ],
        "10": [
          61,
          62
        ],
        "16": [
          62,
          67
        ],
        "14": [
          67,
          76
        ],
        "17": [
          76,
          81
        ],
        "15": [
          81,
          83
        ],
        "18": [
          83,
          85
        ],
        "20": [
          85,
          92
        ],
        "19": [
          92,
          97
        ],
        "21": [
          97,
          101
        ],
        "22": [
          101,
          101
        ]
      },
      "activity_order": [
        1,
        2,
        4,
        6,
        3,
        7,
        8,
        5,
        9,
        13,
        11,
        12,
        10,
        16,
        14,
        17,
        15,
        18,
        20,
        19,
        21,
        22
      ]
    },
    "LFT": {
      "makespan": 101,
      "execution_time": 0.0003936290740966797,
      "schedule": {
        "1": [
          0,
          0
        ],
        "2": [
          0,
          8
        ],
        "4": [
          8,
          13
        ],
        "6": [
          13,
          19
        ],
        "5": [
          19,
          20
        ],
        "8": [
          20,
          24
        ],
        "3": [
          24,
          31
        ],
        "7": [
          31,
          37
        ],
        "9": [
          37,
          40
        ],
        "10": [
          40,
          41
        ],
        "12": [
          41,
          46
        ],
        "13": [
          46,
          53
        ],
        "11": [
          53,
          62
        ],
        "16": [
          62,
          67
        ],
        "15": [
          67,
          69
        ],
        "17": [
          69,
          74
        ],
        "18": [
          74,
          76
        ],
        "14": [
          76,
          85
        ],
        "19": [
          85,
          90
        ],
        "20": [
          90,
          97
        ],
        "21": [
          97,
          101
        ],
        "22": [
          101,
          101
        ]
      },
      "activity_order": [
        1,
        2,
        4,
        6,
        5,
        8,
        3,
        7,
        9,
        10,
        12,
        13,
        11,
        16,
        15,
        17,
        18,
        14,
        19,
        20,
        21,
        22
      ]
    },
    "MTS": {
      "makespan": 101,
      "execution_time": 0.0003483295440673828,
      "schedule": {
        "1": [
          0,
          0
        ],
        "2": [
          0,
          8
        ],
        "4": [
          8,
          13
        ],
        "6": [
          13,
          19
        ],
        "8": [
          19,
          23
        ],
        "3": [
          23,
          30
        ],
        "7": [
          30,
          36
        ],
        "5": [
          36,
          37
        ],
        "9": [
          37,
          40
        ],
        "10": [
          40,
          41
        ],
        "13": [
          41,
          48
        ],
        "12": [
          48,
          53
        ],
        "11": [
          53,
          62
        ],
        "16": [
          62,
          67
        ],
        "15": [
          67,
          69
        ],
        "14": [
          69,
          78
        ],
        "17": [
          78,
          83
        ],
        "18": [
          83,
          85
        ],
        "19": [
          85,
          90
        ],
        "20": [
          90,
          97
        ],
        "21": [
          97,
          101
        ],
        "22": [
          101,
          101
        ]
      },
      "activity_order": [
        1,
        2,
        4,
        6,
        8,
        3,
        7,
        5,
        9,
        10,
        13,
        12,
        11,
        16,
        15,
        14,
        17,
        18,
        19,
        20,
        21,
        22
      ]
    },
    "TIMROS": {
      "makespan": 101,
      "execution_time": 0.0003514289855957031,
      "schedule": {
        "1": [
          0,
          0
        ],
        "2": [
          0,
          8
        ],
        "3": [
          8,
          15
        ],
        "4": [
          15,
          20
        ],
        "6": [
          20,
          26
        ],
        "7": [
          26,
          32
        ],
        "8": [
          32,
          36
        ],
        "11": [
          36,
          45
        ],
        "13": [
          45,
          52
        ],
        "15": [
          52,
          54
        ],
        "5": [
          54,
          55
        ],
        "9": [
          55,
          58
        ],
        "12": [
          58,
          63
        ],
        "19": [
          63,
          68
        ],
        "10": [
          68,
          69
        ],
        "14": [
          69,
          78
        ],
        "16": [
          78,
          83
        ],
        "17": [
          83,
          88
        ],
        "21": [
          88,
          92
        ],
        "18": [
          92,
          94
        ],
        "20": [
          94,
          101
        ],
        "22": [
          101,
          101
        ]
      },
      "activity_order": [
        1,
        2,
        3,
        4,
        6,
        7,
        8,
        11,
        13,
        15,
        5,
        9,
        12,
        19,
        10,
        14,
        16,
        17,
        21,
        18,
        20,
        22
      ]
    },