{
  "instance": "inst_set1a_sf0.75_nc1.5_n20_m10_05",
  "results": {
    "HRPW*": {
      "makespan": 105,
      "execution_time": 5.316734313964844e-05,
      "schedule": {
        "1": [
          0,
          0
        ],
        "4": [
          0,
          6
        ],
        "6": [
          6,
          10
        ],
        "8": [
          10,
          17
        ],
        "10": [
          17,
          21
        ],
        "13": [
          21,
          24
        ],
        "16": [
          24,
          33
        ],
        "14": [
          33,
          41
        ],
        "3": [
          41,
          44
        ],
        "5": [
          44,
          53
        ],
        "11": [
          53,
          63
        ],
        "17": [
          63,
          72
        ],
        "2": [
          72,
          77
        ],
        "7": [
          77,
          79
        ],
        "12": [
          79,
          80
        ],
        "18": [
          80,
          85
        ],
        "15": [
          85,
          88
        ],
        "21": [
          88,
          95
        ],
        "9": [
          95,
          96
        ],
        "20": [
          96,
          101
        ],
        "19": [
          101,
          105
        ],
        "22": [
          105,
          105
        ]
      },
      "activity_order": [
        1,
        4,
        6,
        8,
        10,
        13,
        16,
        14,
        3,
        5,
        11,
        17,
        2,
        7,
        12,
        18,
        15,
        21,
        9,
        20,
        19,
        22
      ]
    },
    "LST": {
      "makespan": 105,
      "execution_time": 5.14984130859375e-05,
      "schedule": {
        "1": [
          0,
          0
        ],
        "4": [
          0,
          6
        ],
        "6": [
          6,
          10
        ],
        "8": [
          10,
          17
        ],
        "10": [
          17,
          21
        ],
        "13": [
          21,
          24
        ],
        "16": [
          24,
          33
        ],
        "14": [
          33,
          41
        ],
        "3": [
          41,
          44
        ],
        "5": [
          44,
          53
        ],
        "11": [
          53,
          63
        ],
        "17": [
          63,
          72
        ],
        "2": [
          72,
          77
        ],
        "7": [
          77,
          79
        ],
        "12": [
          79,
          80
        ],
        "18": [
          80,
          85
        ],
        "15": [
          85,
          88
        ],
        "21": [
          88,
          95
        ],
        "9": [
          95,
          96
        ],
        "20": [
          96,
          101
        ],
        "19": [
          101,
          105
        ],
        "22": [
          105,
          105
        ]
      },
      "activity_order": [
        1,
        4,
        6,
        8,
        10,
        13,
        16,
        14,
        3,
        5,
        11,
        17,
        2,
        7,
        12,
        18,
        15,
        21,
        9,
        20,
        19,
        22
      ]
    },
    "LFT": {
      "makespan": 105,
      "execution_time": 4.839897155761719e-05,
      "schedule": {
        "1": [
          0,
          0
        ],
        "4": [
          0,
          6
        ],
        "6": [
          6,
          10
        ],
        "8": [
          10,
          17
        ],
        "10": [
          17,
          21
        ],
        "13": [
          21,
          24
        ],
        "3": [
          24,
          27
        ],
        "14": [
          27,
          35
        ],
        "16": [
          35,
          44
        ],
        "5": [
          44,
          53
        ],
        "2": [
          53,
          58
        ],
        "12": [
          58,
          59
        ],
        "7": [
          59,
          61
        ],
        "11": [
          61,
          71
        ],
        "9": [
          71,
          72
        ],
        "15": [
          72,
          75
        ],
        "17": [
          75,
          84
        ],
        "18": [
          84,
          89
        ],
        "19": [
          89,
          93
        ],
        "20": [
          93,
          98
        ],
        "21": [
          98,
          105
        ],
        "22": [
          105,
          105
        ]
      },
      "activity_order": [
        1,
        4,
        6,
        8,
        10,
        13,
        3,
        14,
        16,
        5,
        2,
        12,
        7,
        11,
        9,
        15,
        17,
        18,
        19,
        20,
        21,
        22
      ]
    },
    "MTS": {
      "makespan": 105,
      "execution_time": 6.341934204101562e-05,
      "schedule": {
        "1": [
          0,
          0
        ],
        "4": [
          0,
          6
        ],
        "6": [
          6,
          10
        ],
        "8": [
          10,
          17
        ],
        "2": [
          17,
          22
        ],
        "3": [
          22,
          25
        ],
        "10": [
          25,
          29
        ],
        "13": [
          29,
          32
        ],
        "14": [
          32,
          40
        ],
        "16": [
          40,
          49
        ],
        "5": [
          49,
          58
        ],
        "12": [
          58,
          59
        ],
        "17": [
          59,
          68
        ],
        "7": [
          68,
          70
        ],
        "9": [
          70,
          71
        ],
        "11": [
          71,
          81
        ],
        "15": [
          81,
          84
        ],
        "18": [
          84,
          89
        ],
        "19": [
          89,
          93
        ],
        "20": [
          93,
          98
        ],
        "21": [
          98,
          105
        ],
        "22": [
          105,
          105
        ]
      },
      "activity_order": [
        1,
        4,
        6,
        8,
        2,
        3,
        10,
        13,
        14,
        16,
        5,
        12,
        17,
        7,
        9,
        11,
        15,
        18,
        19,
        20,
        21,
        22
      ]
    },
    "TIMROS": {
      "makespan": 105,
      "execution_time": 4.5299530029296875e-05,
      "schedule": {
        "1": [
          0,
          0
        ],
        "4": [
          0,
          6
        ],
        "2": [
          6,
          11
        ],
        "6": [
          11,
          15
        ],
        "8": [
          15,
          22
        ],
        "18": [
          22,
          27
        ],
        "10": [
          27,
          31
        ],
        "16": [
          31,
          40
        ],
        "3": [
          40,
          43
        ],
        "11": [
          43,
          53
        ],
        "5": [
          53,
          62
        ],
        "13": [
          62,
          65
        ],
        "14": [
          65,
          73
        ],
        "17": [
          73,
          82
        ],
        "19": [
          82,
          86
        ],
        "7": [
          86,
          88
        ],
        "21": [
          88,
          95
        ],
        "9": [
          95,
          96
        ],
        "12": [
          96,
          97
        ],
        "15": [
          97,
          100
        ],
        "20": [
          100,
          105
        ],
        "22": [
          105,
          105
        ]
      },
      "activity_order": [
        1,
        4,
        2,
        6,
        8,
        18,
        10,
        16,
        3,
        11,
        5,
        13,
        14,
        17,
        19,
        7,
        21,
        9,
        12,
        15,
        20,
        22
      ]
    },