{
  "instance": "inst_set1a_sf0_nc1.8_n20_m25_02",
  "results": {
    "HRPW*": {
      "makespan": 114,
      "execution_time": 3.743171691894531e-05,
      "schedule": {
        "1": [
          0,
          0
        ],
        "2": [
          0,
          5
        ],
        "3": [
          5,
          7
        ],
        "7": [
          7,
          9
        ],
        "6": [
          9,
          17
        ],
        "8": [
          17,
          24
        ],
        "10": [
          24,
          29
        ],
        "11": [
          29,
          38
        ],
        "14": [
          38,
          45
        ],
        "4": [
          45,
          51
        ],
        "12": [
          51,
          59
        ],
        "16": [
          59,
          63
        ],
        "5": [
          63,
          66
        ],
        "9": [
          66,
          71
        ],
        "15": [
          71,
          79
        ],
        "17": [
          79,
          86
        ],
        "13": [
          86,
          91
        ],
        "18": [
          91,
          96
        ],
        "19": [
          96,
          103
        ],
        "20": [
          103,
          110
        ],
        "21": [
          110,
          114
        ],
        "22": [
          114,
          114
        ]
      },
      "activity_order": [
        1,
        2,
        3,
        7,
        6,
        8,
        10,
        11,
        14,
        4,
        12,
        16,
        5,
        9,
        15,
        17,
        13,
        18,
        19,
        20,
        21,
        22
      ]
    },
    "LST": {
      "makespan": 114,
      "execution_time": 3.910064697265625e-05,
      "schedule": {
        "1": [
          0,
          0
        ],
        "2": [
          0,
          5
        ],
        "3": [
          5,
          7
        ],
        "7": [
          7,
          9
        ],
        "6": [
          9,
          17
        ],
        "8": [
          17,
          24
        ],
        "10": [
          24,
          29
        ],
        "11": [
          29,
          38
        ],
        "14": [
          38,
          45
        ],
        "4": [
          45,
          51
        ],
        "12": [
          51,
          59
        ],
        "16": [
          59,
          63
        ],
        "5": [
          63,
          66
        ],
        "9": [
          66,
          71
        ],
        "15": [
          71,
          79
        ],
        "17": [
          79,
          86
        ],
        "13": [
          86,
          91
        ],
        "18": [
          91,
          96
        ],
        "19": [
          96,
          103
        ],
        "20": [
          103,
          110
        ],
        "21": [
          110,
          114
        ],
        "22": [
          114,
          114
        ]
      },
      "activity_order": [
        1,
        2,
        3,
        7,
        6,
        8,
        10,
        11,
        14,
        4,
        12,
        16,
        5,
        9,
        15,
        17,
        13,
        18,
        19,
        20,
        21,
        22
      ]
    },
    "LFT": {
      "makespan": 114,
      "execution_time": 3.8623809814453125e-05,
      "schedule": {
        "1": [
          0,
          0
        ],
        "2": [
          0,
          5
        ],
        "3": [
          5,
          7
        ],
        "7": [
          7,
          9
        ],
        "10": [
          9,
          14
        ],
        "6": [
          14,
          22
        ],
        "8": [
          22,
          29
        ],
        "4": [
          29,
          35
        ],
        "11": [
          35,
          44
        ],
        "14": [
          44,
          51
        ],
        "12": [
          51,
          59
        ],
        "5": [
          59,
          62
        ],
        "16": [
          62,
          66
        ],
        "9": [
          66,
          71
        ],
        "13": [
          71,
          76
        ],
        "15": [
          76,
          84
        ],
        "17": [
          84,
          91
        ],
        "18": [
          91,
          96
        ],
        "19": [
          96,
          103
        ],
        "20": [
          103,
          110
        ],
        "21": [
          110,
          114
        ],
        "22": [
          114,
          114
        ]
      },
      "activity_order": [
        1,
        2,
        3,
        7,
        10,
        6,
        8,
        4,
        11,
        14,
        12,
        5,
        16,
        9,
        13,
        15,
        17,
        18,
        19,
        20,
        21,
        22
      ]
    },
    "MTS": {
      "makespan": 114,
      "execution_time": 3.838539123535156e-05,
      "schedule": {
        "1": [
          0,
          0
        ],
        "2": [
          0,
          5
        ],
        "7": [
          5,
          7
        ],
        "3": [
          7,
          9
        ],
        "10": [
          9,
          14
        ],
        "6": [
          14,
          22
        ],
        "11": [
          22,
          31
        ],
        "14": [
          31,
          38
        ],
        "8": [
          38,
          45
        ],
        "4": [
          45,
          51
        ],
        "12": [
          51,
          59
        ],
        "5": [
          59,
          62
        ],
        "9": [
          62,
          67
        ],
        "16": [
          67,
          71
        ],
        "17": [
          71,
          78
        ],
        "13": [
          78,
          83
        ],
        "15": [
          83,
          91
        ],
        "18": [
          91,
          96
        ],
        "19": [
          96,
          103
        ],
        "20": [
          103,
          110
        ],
        "21": [
          110,
          114
        ],
        "22": [
          114,
          114
        ]
      },
      "activity_order": [
        1,
        2,
        7,
        3,
        10,
        6,
        11,
        14,
        8,
        4,
        12,
        5,
        9,
        16,
        17,
        13,
        15,
        18,
        19,
        20,
        21,
        22
      ]
    },
    "TIMROS": {
      "makespan": 114,
      "execution_time": 4.0531158447265625e-05,
      "schedule": {
        "1": [
          0,
          0
        ],
        "4": [
          0,
          6
        ],
        "2": [
          6,
          11
        ],
        "6": [
          11,
          19
        ],
        "5": [
          19,
          22
        ],
        "7": [
          22,
          24
        ],
        "10": [
          24,
          29
        ],
        "14": [
          29,
          36
        ],
        "11": [
          36,
          45
        ],
        "16": [
          45,
          49
        ],
        "17": [
          49,
          56
        ],
        "3": [
          56,
          58
        ],
        "8": [
          58,
          65
        ],
        "12": [
          65,
          73
        ],
        "15": [
          73,
          81
        ],
        "13": [
          81,
          86
        ],
        "9": [
          86,
          91
        ],
        "18": [
          91,
          96
        ],
        "20": [
          96,
          103
        ],
        "21": [
          103,
          107
        ],
        "19": [
          107,
          114
        ],
        "22": [
          114,
          114
        ]
      },
      "activity_order": [
        1,
        4,
        2,
        6,
        5,
        7,
        10,
        14,
        11,
        16,
        17,
        3,
        8,
        12,
        15,
        13,
        9,
        18,
        20,
        21,
        19,
        22
      ]
    },