{
  "instance": "inst_set1a_sf0.75_nc1.5_n20_m10_00",
  "results": {
    "HRPW*": {
      "makespan": 107,
      "execution_time": 4.1961669921875e-05,
      "schedule": {
        "1": [
          0,
          0
        ],
        "3": [
          0,
          1
        ],
        "6": [
          1,
          7
        ],
        "12": [
          7,
          15
        ],
        "2": [
          15,
          20
        ],
        "4": [
          20,
          29
        ],
        "14": [
          29,
          38
        ],
        "9": [
          38,
          46
        ],
        "8": [
          46,
          55
        ],
        "5": [
          55,
          59
        ],
        "16": [
          59,
          64
        ],
        "15": [
          64,
          65
        ],
        "17": [
          65,
          73
        ],
        "7": [
          73,
          81
        ],
        "18": [
          81,
          86
        ],
        "10": [
          86,
          91
        ],
        "19": [
          91,
          99
        ],
        "13": [
          99,
          100
        ],
        "20": [
          100,
          104
        ],
        "11": [
          104,
          105
        ],
        "21": [
          105,
          107
        ],
        "22": [
          107,
          107
        ]
      },
      "activity_order": [
        1,
        3,
        6,
        12,
        2,
        4,
        14,
        9,
        8,
        5,
        16,
        15,
        17,
        7,
        18,
        10,
        19,
        13,
        20,
        11,
        21,
        22
      ]
    },
    "LST": {
      "makespan": 107,
      "execution_time": 6.794929504394531e-05,
      "schedule": {
        "1": [
          0,
          0
        ],
        "3": [
          0,
          1
        ],
        "6": [
          1,
          7
        ],
        "12": [
          7,
          15
        ],
        "2": [
          15,
          20
        ],
        "4": [
          20,
          29
        ],
        "14": [
          29,
          38
        ],
        "9": [
          38,
          46
        ],
        "8": [
          46,
          55
        ],
        "5": [
          55,
          59
        ],
        "16": [
          59,
          64
        ],
        "15": [
          64,
          65
        ],
        "17": [
          65,
          73
        ],
        "7": [
          73,
          81
        ],
        "18": [
          81,
          86
        ],
        "10": [
          86,
          91
        ],
        "19": [
          91,
          99
        ],
        "13": [
          99,
          100
        ],
        "20": [
          100,
          104
        ],
        "11": [
          104,
          105
        ],
        "21": [
          105,
          107
        ],
        "22": [
          107,
          107
        ]
      },
      "activity_order": [
        1,
        3,
        6,
        12,
        2,
        4,
        14,
        9,
        8,
        5,
        16,
        15,
        17,
        7,
        18,
        10,
        19,
        13,
        20,
        11,
        21,
        22
      ]
    },
    "LFT": {
      "makespan": 107,
      "execution_time": 5.507469177246094e-05,
      "schedule": {
        "1": [
          0,
          0
        ],
        "3": [
          0,
          1
        ],
        "6": [
          1,
          7
        ],
        "2": [
          7,
          12
        ],
        "12": [
          12,
          20
        ],
        "4": [
          20,
          29
        ],
        "9": [
          29,
          37
        ],
        "14": [
          37,
          46
        ],
        "5": [
          46,
          50
        ],
        "8": [
          50,
          59
        ],
        "15": [
          59,
          60
        ],
        "16": [
          60,
          65
        ],
        "17": [
          65,
          73
        ],
        "7": [
          73,
          81
        ],
        "13": [
          81,
          82
        ],
        "18": [
          82,
          87
        ],
        "10": [
          87,
          92
        ],
        "11": [
          92,
          93
        ],
        "19": [
          93,
          101
        ],
        "20": [
          101,
          105
        ],
        "21": [
          105,
          107
        ],
        "22": [
          107,
          107
        ]
      },
      "activity_order": [
        1,
        3,
        6,
        2,
        12,
        4,
        9,
        14,
        5,
        8,
        15,
        16,
        17,
        7,
        13,
        18,
        10,
        11,
        19,
        20,
        21,
        22
      ]
    },
    "MTS": {
      "makespan": 107,
      "execution_time": 4.887580871582031e-05,
      "schedule": {
        "1": [
          0,
          0
        ],
        "3": [
          0,
          1
        ],
        "4": [
          1,
          10
        ],
        "6": [
          10,
          16
        ],
        "5": [
          16,
          20
        ],
        "2": [
          20,
          25
        ],
        "8": [
          25,
          34
        ],
        "9": [
          34,
          42
        ],
        "12": [
          42,
          50
        ],
        "14": [
          50,
          59
        ],
        "15": [
          59,
          60
        ],
        "16": [
          60,
          65
        ],
        "10": [
          65,
          70
        ],
        "17": [
          70,
          78
        ],
        "7": [
          78,
          86
        ],
        "11": [
          86,
          87
        ],
        "13": [
          87,
          88
        ],
        "18": [
          88,
          93
        ],
        "19": [
          93,
          101
        ],
        "20": [
          101,
          105
        ],
        "21": [
          105,
          107
        ],
        "22": [
          107,
          107
        ]
      },
      "activity_order": [
        1,
        3,
        4,
        6,
        5,
        2,
        8,
        9,
        12,
        14,
        15,
        16,
        10,
        17,
        7,
        11,
        13,
        18,
        19,
        20,
        21,
        22
      ]
    },
    "TIMROS": {
      "makespan": 107,
      "execution_time": 4.482269287109375e-05,
      "schedule": {
        "1": [
          0,
          0
        ],
        "2": [
          0,
          5
        ],
        "7": [
          5,
          13
        ],
        "4": [
          13,
          22
        ],
        "5": [
          22,
          26
        ],
        "10": [
          26,
          31
        ],
        "3": [
          31,
          32
        ],
        "8": [
          32,
          41
        ],
        "6": [
          41,
          47
        ],
        "12": [
          47,
          55
        ],
        "14": [
          55,
          64
        ],
        "9": [
          64,
          72
        ],
        "16": [
          72,
          77
        ],
        "11": [
          77,
          78
        ],
        "21": [
          78,
          80
        ],
        "13": [
          80,
          81
        ],
        "15": [
          81,
          82
        ],
        "17": [
          82,
          90
        ],
        "19": [
          90,
          98
        ],
        "18": [
          98,
          103
        ],
        "20": [
          103,
          107
        ],
        "22": [
          107,
          107
        ]
      },