{
  "instance": "inst_set1a_sf0_nc2.1_n20_m10_00",
  "results": {
    "HRPW*": {
      "makespan": 68,
      "execution_time": 0.00019502639770507812,
      "schedule": {
        "1": [
          0,
          0
        ],
        "4": [
          0,
          9
        ],
        "5": [
          9,
          17
        ],
        "3": [
          17,
          21
        ],
        "6": [
          21,
          29
        ],
        "9": [
          29,
          38
        ],
        "11": [
          17,
          26
        ],
        "2": [
          0,
          1
        ],
        "10": [
          29,
          38
        ],
        "15": [
          38,
          46
        ],
        "8": [
          29,
          32
        ],
        "12": [
          38,
          41
        ],
        "7": [
          46,
          47
        ],
        "17": [
          47,
          56
        ],
        "18": [
          47,
          55
        ],
        "13": [
          41,
          48
        ],
        "16": [
          46,
          53
        ],
        "14": [
          56,
          60
        ],
        "19": [
          60,
          68
        ],
        "20": [
          56,
          64
        ],
        "21": [
          60,
          61
        ],
        "22": [
          68,
          68
        ]
      },
      "activity_order": [
        1,
        4,
        5,
        3,
        6,
        9,
        11,
        2,
        10,
        15,
        8,
        12,
        7,
        17,
        18,
        13,
        16,
        14,
        19,
        20,
        21,
        22
      ]
    },
    "LST": {
      "makespan": 68,
      "execution_time": 0.0003097057342529297,
      "schedule": {
        "1": [
          0,
          0
        ],
        "4": [
          0,
          9
        ],
        "5": [
          9,
          17
        ],
        "3": [
          17,
          21
        ],
        "6": [
          21,
          29
        ],
        "9": [
          29,
          38
        ],
        "11": [
          17,
          26
        ],
        "2": [
          0,
          1
        ],
        "10": [
          29,
          38
        ],
        "15": [
          38,
          46
        ],
        "8": [
          29,
          32
        ],
        "12": [
          38,
          41
        ],
        "7": [
          46,
          47
        ],
        "17": [
          47,
          56
        ],
        "18": [
          47,
          55
        ],
        "13": [
          41,
          48
        ],
        "16": [
          46,
          53
        ],
        "14": [
          56,
          60
        ],
        "19": [
          60,
          68
        ],
        "20": [
          56,
          64
        ],
        "21": [
          60,
          61
        ],
        "22": [
          68,
          68
        ]
      },
      "activity_order": [
        1,
        4,
        5,
        3,
        6,
        9,
        11,
        2,
        10,
        15,
        8,
        12,
        7,
        17,
        18,
        13,
        16,
        14,
        19,
        20,
        21,
        22
      ]
    },
    "LFT": {
      "makespan": 64,
      "execution_time": 0.000335693359375,
      "schedule": {
        "1": [
          0,
          0
        ],
        "4": [
          0,
          9
        ],
        "3": [
          0,
          4
        ],
        "5": [
          9,
          17
        ],
        "2": [
          0,
          1
        ],
        "6": [
          17,
          25
        ],
        "9": [
          25,
          34
        ],
        "11": [
          17,
          26
        ],
        "8": [
          25,
          28
        ],
        "10": [
          25,
          34
        ],
        "7": [
          34,
          35
        ],
        "12": [
          34,
          37
        ],
        "15": [
          35,
          43
        ],
        "13": [
          37,
          44
        ],
        "14": [
          43,
          47
        ],
        "16": [
          43,
          50
        ],
        "17": [
          47,
          56
        ],
        "18": [
          35,
          43
        ],
        "19": [
          50,
          58
        ],
        "20": [
          56,
          64
        ],
        "21": [
          56,
          57
        ],
        "22": [
          64,
          64
        ]
      },
      "activity_order": [
        1,
        4,
        3,
        5,
        2,
        6,
        9,
        11,
        8,
        10,
        7,
        12,
        15,
        13,
        14,
        16,
        17,
        18,
        19,
        20,
        21,
        22
      ]
    },
    "MTS": {
      "makespan": 64,
      "execution_time": 0.00028586387634277344,
      "schedule": {
        "1": [
          0,
          0
        ],
        "4": [
          0,
          9
        ],
        "3": [
          0,
          4
        ],
        "5": [
          9,
          17
        ],
        "2": [
          0,
          1
        ],
        "6": [
          17,
          25
        ],
        "11": [
          17,
          26
        ],
        "8": [
          25,
          28
        ],
        "9": [
          25,
          34
        ],
        "10": [
          25,
          34
        ],
        "12": [
          34,
          37
        ],
        "15": [
          34,
          42
        ],
        "7": [
          42,
          43
        ],
        "16": [
          42,
          49
        ],
        "17": [
          43,
          52
        ],
        "13": [
          37,
          44
        ],
        "14": [
          52,
          56
        ],
        "18": [
          43,
          51
        ],
        "19": [
          56,
          64
        ],
        "20": [
          52,
          60
        ],
        "21": [
          56,
          57
        ],
        "22": [
          64,
          64
        ]
      },
      "activity_order": [
        1,
        4,
        3,
        5,
        2,
        6,
        11,
        8,
        9,
        10,
        12,
        15,
        7,
        16,
        17,
        13,
        14,
        18,
        19,
        20,
        21,
        22
      ]
    },
    "TIMROS": {
      "makespan": 82,
      "execution_time": 0.00018835067749023438,
      "schedule": {
        "1": [
          0,
          0
        ],
        "4": [
          0,
          9
        ],
        "9": [
          9,
          18
        ],
        "5": [
          18,
          26
        ],
        "11": [
          26,
          35
        ],
        "3": [
          26,
          30
        ],
        "6": [
          30,
          38
        ],
        "15": [
          38,
          46
        ],
        "7": [
          46,
          47
        ],
        "18": [
          47,
          55
        ],
        "2": [
          0,
          1
        ],
        "17": [
          47,
          56
        ],
        "8": [
          38,
          41
        ],
        "10": [
          38,
          47
        ],
        "16": [
          47,
          54
        ],
        "20": [
          56,
          64
        ],
        "12": [
          64,
          67
        ],
        "14": [
          67,
          71
        ],
        "13": [
          67,
          74
        ],
        "19": [
          74,
          82
        ],
        "21": [
          71,
          72
        ],
        "22": [
          82,
          82
        ]
      },
      "activity_order": [
        1,
        4,
        9,
        5,
        11,
        3,
        6,
        15,
        7,
        18,
        2,
        17,
        8,
        10,
        16,
        20,
        12,
        14,
        13,
        19,
        21,
        22
      ]
    },
    "HRU1": {
      "makespan": 73,