{
  "instance": "inst_set1a_sf0.5_nc2.1_n20_m10_01",
  "results": {
    "HRPW*": {
      "makespan": 63,
      "execution_time": 0.0002257823944091797,
      "schedule": {
        "1": [
          0,
          0
        ],
        "3": [
          0,
          10
        ],
        "4": [
          0,
          5
        ],
        "2": [
          0,
          1
        ],
        "7": [
          10,
          15
        ],
        "6": [
          15,
          16
        ],
        "10": [
          16,
          24
        ],
        "15": [
          16,
          25
        ],
        "8": [
          25,
          31
        ],
        "5": [
          24,
          27
        ],
        "11": [
          27,
          29
        ],
        "14": [
          31,
          33
        ],
        "12": [
          33,
          40
        ],
        "16": [
          40,
          47
        ],
        "17": [
          33,
          40
        ],
        "9": [
          47,
          53
        ],
        "13": [
          53,
          60
        ],
        "18": [
          47,
          50
        ],
        "20": [
          53,
          63
        ],
        "19": [
          50,
          57
        ],
        "21": [
          60,
          63
        ],
        "22": [
          63,
          63
        ]
      },
      "activity_order": [
        1,
        3,
        4,
        2,
        7,
        6,
        10,
        15,
        8,
        5,
        11,
        14,
        12,
        16,
        17,
        9,
        13,
        18,
        20,
        19,
        21,
        22
      ]
    },
    "LST": {
      "makespan": 63,
      "execution_time": 0.00024271011352539062,
      "schedule": {
        "1": [
          0,
          0
        ],
        "3": [
          0,
          10
        ],
        "4": [
          0,
          5
        ],
        "2": [
          0,
          1
        ],
        "7": [
          10,
          15
        ],
        "6": [
          15,
          16
        ],
        "10": [
          16,
          24
        ],
        "15": [
          16,
          25
        ],
        "8": [
          25,
          31
        ],
        "5": [
          24,
          27
        ],
        "11": [
          27,
          29
        ],
        "14": [
          31,
          33
        ],
        "12": [
          33,
          40
        ],
        "16": [
          40,
          47
        ],
        "17": [
          33,
          40
        ],
        "9": [
          47,
          53
        ],
        "13": [
          53,
          60
        ],
        "18": [
          47,
          50
        ],
        "20": [
          53,
          63
        ],
        "19": [
          50,
          57
        ],
        "21": [
          60,
          63
        ],
        "22": [
          63,
          63
        ]
      },
      "activity_order": [
        1,
        3,
        4,
        2,
        7,
        6,
        10,
        15,
        8,
        5,
        11,
        14,
        12,
        16,
        17,
        9,
        13,
        18,
        20,
        19,
        21,
        22
      ]
    },
    "LFT": {
      "makespan": 71,
      "execution_time": 0.00021910667419433594,
      "schedule": {
        "1": [
          0,
          0
        ],
        "2": [
          0,
          1
        ],
        "4": [
          0,
          5
        ],
        "6": [
          5,
          6
        ],
        "3": [
          6,
          16
        ],
        "7": [
          16,
          21
        ],
        "5": [
          16,
          19
        ],
        "10": [
          19,
          27
        ],
        "8": [
          21,
          27
        ],
        "11": [
          27,
          29
        ],
        "14": [
          27,
          29
        ],
        "15": [
          29,
          38
        ],
        "9": [
          38,
          44
        ],
        "12": [
          44,
          51
        ],
        "16": [
          51,
          58
        ],
        "17": [
          38,
          45
        ],
        "18": [
          58,
          61
        ],
        "13": [
          58,
          65
        ],
        "19": [
          61,
          68
        ],
        "20": [
          61,
          71
        ],
        "21": [
          68,
          71
        ],
        "22": [
          71,
          71
        ]
      },
      "activity_order": [
        1,
        2,
        4,
        6,
        3,
        7,
        5,
        10,
        8,
        11,
        14,
        15,
        9,
        12,
        16,
        17,
        18,
        13,
        19,
        20,
        21,
        22
      ]
    },
    "MTS": {
      "makespan": 66,
      "execution_time": 0.0002040863037109375,
      "schedule": {
        "1": [
          0,
          0
        ],
        "4": [
          0,
          5
        ],
        "3": [
          0,
          10
        ],
        "2": [
          0,
          1
        ],
        "6": [
          10,
          11
        ],
        "5": [
          10,
          13
        ],
        "7": [
          11,
          16
        ],
        "10": [
          13,
          21
        ],
        "8": [
          16,
          22
        ],
        "11": [
          21,
          23
        ],
        "14": [
          22,
          24
        ],
        "15": [
          24,
          33
        ],
        "12": [
          33,
          40
        ],
        "9": [
          40,
          46
        ],
        "16": [
          46,
          53
        ],
        "17": [
          33,
          40
        ],
        "13": [
          53,
          60
        ],
        "18": [
          53,
          56
        ],
        "19": [
          56,
          63
        ],
        "20": [
          56,
          66
        ],
        "21": [
          63,
          66
        ],
        "22": [
          66,
          66
        ]
      },
      "activity_order": [
        1,
        4,
        3,
        2,
        6,
        5,
        7,
        10,
        8,
        11,
        14,
        15,
        12,
        9,
        16,
        17,
        13,
        18,
        19,
        20,
        21,
        22
      ]
    },
    "TIMROS": {
      "makespan": 87,
      "execution_time": 0.0002484321594238281,
      "schedule": {
        "1": [
          0,
          0
        ],
        "3": [
          0,
          10
        ],
        "4": [
          0,
          5
        ],
        "5": [
          10,
          13
        ],
        "2": [
          13,
          14
        ],
        "8": [
          14,
          20
        ],
        "7": [
          20,
          25
        ],
        "15": [
          25,
          34
        ],
        "9": [
          34,
          40
        ],
        "6": [
          40,
          41
        ],
        "20": [
          41,
          51
        ],
        "10": [
          41,
          49
        ],
        "11": [
          51,
          53
        ],
        "12": [
          53,
          60
        ],
        "13": [
          60,
          67
        ],
        "21": [
          67,
          70
        ],
        "14": [
          67,
          69
        ],
        "16": [
          69,
          76
        ],
        "17": [
          70,
          77
        ],
        "18": [
          77,
          80
        ],
        "19": [
          80,
          87
        ],
        "22": [
          87,
          87
        ]
      },
      "activity_order": [
        1,
        3,
        4,
        5,
        2,
        8,
        7,
        15,
        9,
        6,
        20,
        10,
        11,
        12,
        13,
        21,
        14,
        16,
        17,
        18,
        19,
        22
      ]
    },
    "HRU1": {
      "makespan": 73,