{
  "instance": "inst_set1a_sf0.5_nc1.8_n20_m13_01",
  "results": {
    "HRPW*": {
      "makespan": 106,
      "execution_time": 3.361701965332031e-05,
      "schedule": {
        "1": [
          0,
          0
        ],
        "2": [
          0,
          7
        ],
        "4": [
          7,
          9
        ],
        "5": [
          9,
          12
        ],
        "7": [
          12,
          21
        ],
        "3": [
          21,
          31
        ],
        "14": [
          31,
          41
        ],
        "11": [
          41,
          50
        ],
        "6": [
          50,
          51
        ],
        "8": [
          51,
          55
        ],
        "16": [
          55,
          65
        ],
        "17": [
          65,
          71
        ],
        "9": [
          71,
          78
        ],
        "12": [
          78,
          85
        ],
        "13": [
          85,
          89
        ],
        "15": [
          89,
          93
        ],
        "10": [
          93,
          95
        ],
        "18": [
          95,
          96
        ],
        "20": [
          96,
          100
        ],
        "19": [
          100,
          103
        ],
        "21": [
          103,
          106
        ],
        "22": [
          106,
          106
        ]
      },
      "activity_order": [
        1,
        2,
        4,
        5,
        7,
        3,
        14,
        11,
        6,
        8,
        16,
        17,
        9,
        12,
        13,
        15,
        10,
        18,
        20,
        19,
        21,
        22
      ]
    },
    "LST": {
      "makespan": 106,
      "execution_time": 3.457069396972656e-05,
      "schedule": {
        "1": [
          0,
          0
        ],
        "2": [
          0,
          7
        ],
        "4": [
          7,
          9
        ],
        "5": [
          9,
          12
        ],
        "7": [
          12,
          21
        ],
        "3": [
          21,
          31
        ],
        "14": [
          31,
          41
        ],
        "11": [
          41,
          50
        ],
        "6": [
          50,
          51
        ],
        "8": [
          51,
          55
        ],
        "16": [
          55,
          65
        ],
        "17": [
          65,
          71
        ],
        "9": [
          71,
          78
        ],
        "12": [
          78,
          85
        ],
        "13": [
          85,
          89
        ],
        "15": [
          89,
          93
        ],
        "10": [
          93,
          95
        ],
        "18": [
          95,
          96
        ],
        "20": [
          96,
          100
        ],
        "19": [
          100,
          103
        ],
        "21": [
          103,
          106
        ],
        "22": [
          106,
          106
        ]
      },
      "activity_order": [
        1,
        2,
        4,
        5,
        7,
        3,
        14,
        11,
        6,
        8,
        16,
        17,
        9,
        12,
        13,
        15,
        10,
        18,
        20,
        19,
        21,
        22
      ]
    },
    "LFT": {
      "makespan": 106,
      "execution_time": 3.790855407714844e-05,
      "schedule": {
        "1": [
          0,
          0
        ],
        "2": [
          0,
          7
        ],
        "4": [
          7,
          9
        ],
        "5": [
          9,
          12
        ],
        "7": [
          12,
          21
        ],
        "3": [
          21,
          31
        ],
        "6": [
          31,
          32
        ],
        "14": [
          32,
          42
        ],
        "8": [
          42,
          46
        ],
        "11": [
          46,
          55
        ],
        "13": [
          55,
          59
        ],
        "17": [
          59,
          65
        ],
        "10": [
          65,
          67
        ],
        "16": [
          67,
          77
        ],
        "18": [
          77,
          78
        ],
        "9": [
          78,
          85
        ],
        "12": [
          85,
          92
        ],
        "15": [
          92,
          96
        ],
        "19": [
          96,
          99
        ],
        "20": [
          99,
          103
        ],
        "21": [
          103,
          106
        ],
        "22": [
          106,
          106
        ]
      },
      "activity_order": [
        1,
        2,
        4,
        5,
        7,
        3,
        6,
        14,
        8,
        11,
        13,
        17,
        10,
        16,
        18,
        9,
        12,
        15,
        19,
        20,
        21,
        22
      ]
    },
    "MTS": {
      "makespan": 106,
      "execution_time": 3.790855407714844e-05,
      "schedule": {
        "1": [
          0,
          0
        ],
        "2": [
          0,
          7
        ],
        "4": [
          7,
          9
        ],
        "3": [
          9,
          19
        ],
        "5": [
          19,
          22
        ],
        "7": [
          22,
          31
        ],
        "6": [
          31,
          32
        ],
        "11": [
          32,
          41
        ],
        "8": [
          41,
          45
        ],
        "17": [
          45,
          51
        ],
        "13": [
          51,
          55
        ],
        "14": [
          55,
          65
        ],
        "18": [
          65,
          66
        ],
        "9": [
          66,
          73
        ],
        "10": [
          73,
          75
        ],
        "12": [
          75,
          82
        ],
        "15": [
          82,
          86
        ],
        "16": [
          86,
          96
        ],
        "19": [
          96,
          99
        ],
        "20": [
          99,
          103
        ],
        "21": [
          103,
          106
        ],
        "22": [
          106,
          106
        ]
      },
      "activity_order": [
        1,
        2,
        4,
        3,
        5,
        7,
        6,
        11,
        8,
        17,
        13,
        14,
        18,
        9,
        10,
        12,
        15,
        16,
        19,
        20,
        21,
        22
      ]
    },
    "TIMROS": {
      "makespan": 106,
      "execution_time": 3.838539123535156e-05,
      "schedule": {
        "1": [
          0,
          0
        ],
        "3": [
          0,
          10
        ],
        "2": [
          10,
          17
        ],
        "7": [
          17,
          26
        ],
        "11": [
          26,
          35
        ],
        "17": [
          35,
          41
        ],
        "6": [
          41,
          42
        ],
        "8": [
          42,
          46
        ],
        "9": [
          46,
          53
        ],
        "4": [
          53,
          55
        ],
        "12": [
          55,
          62
        ],
        "15": [
          62,
          66
        ],
        "5": [
          66,
          69
        ],
        "14": [
          69,
          79
        ],
        "13": [
          79,
          83
        ],
        "16": [
          83,
          93
        ],
        "18": [
          93,
          94
        ],
        "21": [
          94,
          97
        ],
        "19": [
          97,
          100
        ],
        "10": [
          100,
          102
        ],
        "20": [
          102,
          106
        ],
        "22": [
          106,
          106
        ]
      },
      "activity_order": [
        1,
        3,
        2,
        7,
        11,
        17,
        6,
        8,
        9,
        4,
        12,
        15,
        5,
        14,
        13,
        16,
        18,
        21,
        19,
        10,
        20,
        22
      ]
    },