{
  "instance": "inst_set1a_sf0_nc1.5_n20_m25_02",
  "results": {
    "HRPW*": {
      "makespan": 84,
      "execution_time": 4.2438507080078125e-05,
      "schedule": {
        "1": [
          0,
          0
        ],
        "2": [
          0,
          4
        ],
        "4": [
          4,
          5
        ],
        "5": [
          5,
          6
        ],
        "7": [
          6,
          14
        ],
        "11": [
          14,
          23
        ],
        "14": [
          23,
          31
        ],
        "9": [
          31,
          35
        ],
        "6": [
          35,
          40
        ],
        "8": [
          40,
          41
        ],
        "15": [
          41,
          45
        ],
        "12": [
          45,
          47
        ],
        "3": [
          47,
          49
        ],
        "17": [
          49,
          57
        ],
        "10": [
          57,
          58
        ],
        "13": [
          58,
          59
        ],
        "18": [
          59,
          65
        ],
        "16": [
          65,
          66
        ],
        "21": [
          66,
          74
        ],
        "20": [
          74,
          81
        ],
        "19": [
          81,
          84
        ],
        "22": [
          84,
          84
        ]
      },
      "activity_order": [
        1,
        2,
        4,
        5,
        7,
        11,
        14,
        9,
        6,
        8,
        15,
        12,
        3,
        17,
        10,
        13,
        18,
        16,
        21,
        20,
        19,
        22
      ]
    },
    "LST": {
      "makespan": 84,
      "execution_time": 4.839897155761719e-05,
      "schedule": {
        "1": [
          0,
          0
        ],
        "2": [
          0,
          4
        ],
        "4": [
          4,
          5
        ],
        "5": [
          5,
          6
        ],
        "7": [
          6,
          14
        ],
        "11": [
          14,
          23
        ],
        "14": [
          23,
          31
        ],
        "9": [
          31,
          35
        ],
        "6": [
          35,
          40
        ],
        "8": [
          40,
          41
        ],
        "15": [
          41,
          45
        ],
        "12": [
          45,
          47
        ],
        "3": [
          47,
          49
        ],
        "17": [
          49,
          57
        ],
        "10": [
          57,
          58
        ],
        "13": [
          58,
          59
        ],
        "18": [
          59,
          65
        ],
        "16": [
          65,
          66
        ],
        "21": [
          66,
          74
        ],
        "20": [
          74,
          81
        ],
        "19": [
          81,
          84
        ],
        "22": [
          84,
          84
        ]
      },
      "activity_order": [
        1,
        2,
        4,
        5,
        7,
        11,
        14,
        9,
        6,
        8,
        15,
        12,
        3,
        17,
        10,
        13,
        18,
        16,
        21,
        20,
        19,
        22
      ]
    },
    "LFT": {
      "makespan": 84,
      "execution_time": 3.790855407714844e-05,
      "schedule": {
        "1": [
          0,
          0
        ],
        "4": [
          0,
          1
        ],
        "5": [
          1,
          2
        ],
        "2": [
          2,
          6
        ],
        "7": [
          6,
          14
        ],
        "8": [
          14,
          15
        ],
        "11": [
          15,
          24
        ],
        "14": [
          24,
          32
        ],
        "9": [
          32,
          36
        ],
        "6": [
          36,
          41
        ],
        "12": [
          41,
          43
        ],
        "15": [
          43,
          47
        ],
        "3": [
          47,
          49
        ],
        "10": [
          49,
          50
        ],
        "13": [
          50,
          51
        ],
        "16": [
          51,
          52
        ],
        "17": [
          52,
          60
        ],
        "18": [
          60,
          66
        ],
        "19": [
          66,
          69
        ],
        "20": [
          69,
          76
        ],
        "21": [
          76,
          84
        ],
        "22": [
          84,
          84
        ]
      },
      "activity_order": [
        1,
        4,
        5,
        2,
        7,
        8,
        11,
        14,
        9,
        6,
        12,
        15,
        3,
        10,
        13,
        16,
        17,
        18,
        19,
        20,
        21,
        22
      ]
    },
    "MTS": {
      "makespan": 84,
      "execution_time": 4.363059997558594e-05,
      "schedule": {
        "1": [
          0,
          0
        ],
        "4": [
          0,
          1
        ],
        "5": [
          1,
          2
        ],
        "2": [
          2,
          6
        ],
        "7": [
          6,
          14
        ],
        "9": [
          14,
          18
        ],
        "8": [
          18,
          19
        ],
        "11": [
          19,
          28
        ],
        "14": [
          28,
          36
        ],
        "15": [
          36,
          40
        ],
        "3": [
          40,
          42
        ],
        "10": [
          42,
          43
        ],
        "13": [
          43,
          44
        ],
        "6": [
          44,
          49
        ],
        "12": [
          49,
          51
        ],
        "18": [
          51,
          57
        ],
        "16": [
          57,
          58
        ],
        "17": [
          58,
          66
        ],
        "19": [
          66,
          69
        ],
        "20": [
          69,
          76
        ],
        "21": [
          76,
          84
        ],
        "22": [
          84,
          84
        ]
      },
      "activity_order": [
        1,
        4,
        5,
        2,
        7,
        9,
        8,
        11,
        14,
        15,
        3,
        10,
        13,
        6,
        12,
        18,
        16,
        17,
        19,
        20,
        21,
        22
      ]
    },
    "TIMROS": {
      "makespan": 84,
      "execution_time": 3.981590270996094e-05,
      "schedule": {
        "1": [
          0,
          0
        ],
        "2": [
          0,
          4
        ],
        "6": [
          4,
          9
        ],
        "4": [
          9,
          10
        ],
        "11": [
          10,
          19
        ],
        "8": [
          19,
          20
        ],
        "5": [
          20,
          21
        ],
        "7": [
          21,
          29
        ],
        "14": [
          29,
          37
        ],
        "9": [
          37,
          41
        ],
        "12": [
          41,
          43
        ],
        "15": [
          43,
          47
        ],
        "17": [
          47,
          55
        ],
        "16": [
          55,
          56
        ],
        "21": [
          56,
          64
        ],
        "3": [
          64,
          66
        ],
        "10": [
          66,
          67
        ],
        "13": [
          67,
          68
        ],
        "18": [
          68,
          74
        ],
        "20": [
          74,
          81
        ],
        "19": [
          81,
          84
        ],
        "22": [
          84,
          84
        ]
      },
      "activity_order": [
        1,
        2,
        6,
        4,
        11,
        8,
        5,
        7,
        14,
        9,
        12,
        15,
        17,
        16,
        21,
        3,
        10,
        13,
        18,
        20,
        19,
        22
      ]
    },
    "HRU1": {
      "makespan": 84,