{
  "instance": "inst_set1a_sf0.75_nc1.8_n20_m20_04",
  "results": {
    "HRPW*": {
      "makespan": 110,
      "execution_time": 5.53131103515625e-05,
      "schedule": {
        "1": [
          0,
          0
        ],
        "4": [
          0,
          1
        ],
        "8": [
          1,
          11
        ],
        "3": [
          11,
          14
        ],
        "9": [
          14,
          15
        ],
        "5": [
          15,
          24
        ],
        "11": [
          24,
          33
        ],
        "7": [
          33,
          41
        ],
        "12": [
          41,
          49
        ],
        "10": [
          49,
          50
        ],
        "17": [
          50,
          57
        ],
        "14": [
          57,
          62
        ],
        "13": [
          62,
          66
        ],
        "18": [
          66,
          75
        ],
        "6": [
          75,
          83
        ],
        "15": [
          83,
          87
        ],
        "16": [
          87,
          94
        ],
        "19": [
          94,
          101
        ],
        "2": [
          101,
          104
        ],
        "20": [
          104,
          107
        ],
        "21": [
          107,
          110
        ],
        "22": [
          110,
          110
        ]
      },
      "activity_order": [
        1,
        4,
        8,
        3,
        9,
        5,
        11,
        7,
        12,
        10,
        17,
        14,
        13,
        18,
        6,
        15,
        16,
        19,
        2,
        20,
        21,
        22
      ]
    },
    "LST": {
      "makespan": 110,
      "execution_time": 5.7220458984375e-05,
      "schedule": {
        "1": [
          0,
          0
        ],
        "4": [
          0,
          1
        ],
        "8": [
          1,
          11
        ],
        "3": [
          11,
          14
        ],
        "9": [
          14,
          15
        ],
        "5": [
          15,
          24
        ],
        "11": [
          24,
          33
        ],
        "7": [
          33,
          41
        ],
        "12": [
          41,
          49
        ],
        "10": [
          49,
          50
        ],
        "17": [
          50,
          57
        ],
        "14": [
          57,
          62
        ],
        "13": [
          62,
          66
        ],
        "18": [
          66,
          75
        ],
        "6": [
          75,
          83
        ],
        "15": [
          83,
          87
        ],
        "16": [
          87,
          94
        ],
        "19": [
          94,
          101
        ],
        "2": [
          101,
          104
        ],
        "20": [
          104,
          107
        ],
        "21": [
          107,
          110
        ],
        "22": [
          110,
          110
        ]
      },
      "activity_order": [
        1,
        4,
        8,
        3,
        9,
        5,
        11,
        7,
        12,
        10,
        17,
        14,
        13,
        18,
        6,
        15,
        16,
        19,
        2,
        20,
        21,
        22
      ]
    },
    "LFT": {
      "makespan": 110,
      "execution_time": 4.935264587402344e-05,
      "schedule": {
        "1": [
          0,
          0
        ],
        "4": [
          0,
          1
        ],
        "3": [
          1,
          4
        ],
        "8": [
          4,
          14
        ],
        "9": [
          14,
          15
        ],
        "5": [
          15,
          24
        ],
        "11": [
          24,
          33
        ],
        "10": [
          33,
          34
        ],
        "7": [
          34,
          42
        ],
        "12": [
          42,
          50
        ],
        "13": [
          50,
          54
        ],
        "14": [
          54,
          59
        ],
        "17": [
          59,
          66
        ],
        "15": [
          66,
          70
        ],
        "18": [
          70,
          79
        ],
        "2": [
          79,
          82
        ],
        "6": [
          82,
          90
        ],
        "16": [
          90,
          97
        ],
        "19": [
          97,
          104
        ],
        "20": [
          104,
          107
        ],
        "21": [
          107,
          110
        ],
        "22": [
          110,
          110
        ]
      },
      "activity_order": [
        1,
        4,
        3,
        8,
        9,
        5,
        11,
        10,
        7,
        12,
        13,
        14,
        17,
        15,
        18,
        2,
        6,
        16,
        19,
        20,
        21,
        22
      ]
    },
    "MTS": {
      "makespan": 110,
      "execution_time": 9.059906005859375e-05,
      "schedule": {
        "1": [
          0,
          0
        ],
        "4": [
          0,
          1
        ],
        "3": [
          1,
          4
        ],
        "8": [
          4,
          14
        ],
        "9": [
          14,
          15
        ],
        "5": [
          15,
          24
        ],
        "11": [
          24,
          33
        ],
        "10": [
          33,
          34
        ],
        "12": [
          34,
          42
        ],
        "7": [
          42,
          50
        ],
        "14": [
          50,
          55
        ],
        "13": [
          55,
          59
        ],
        "17": [
          59,
          66
        ],
        "15": [
          66,
          70
        ],
        "18": [
          70,
          79
        ],
        "2": [
          79,
          82
        ],
        "6": [
          82,
          90
        ],
        "16": [
          90,
          97
        ],
        "19": [
          97,
          104
        ],
        "20": [
          104,
          107
        ],
        "21": [
          107,
          110
        ],
        "22": [
          110,
          110
        ]
      },
      "activity_order": [
        1,
        4,
        3,
        8,
        9,
        5,
        11,
        10,
        12,
        7,
        14,
        13,
        17,
        15,
        18,
        2,
        6,
        16,
        19,
        20,
        21,
        22
      ]
    },
    "TIMROS": {
      "makespan": 110,
      "execution_time": 6.699562072753906e-05,
      "schedule": {
        "1": [
          0,
          0
        ],
        "2": [
          0,
          3
        ],
        "3": [
          3,
          6
        ],
        "7": [
          6,
          14
        ],
        "4": [
          14,
          15
        ],
        "8": [
          15,
          25
        ],
        "5": [
          25,
          34
        ],
        "6": [
          34,
          42
        ],
        "9": [
          42,
          43
        ],
        "11": [
          43,
          52
        ],
        "12": [
          52,
          60
        ],
        "13": [
          60,
          64
        ],
        "10": [
          64,
          65
        ],
        "14": [
          65,
          70
        ],
        "16": [
          70,
          77
        ],
        "17": [
          77,
          84
        ],
        "18": [
          84,
          93
        ],
        "15": [
          93,
          97
        ],
        "19": [
          97,
          104
        ],
        "20": [
          104,
          107
        ],
        "21": [
          107,
          110
        ],
        "22": [
          110,
          110
        ]
      },