{
  "instance": "inst_set1a_sf0.5_nc1.5_n20_m15_02",
  "results": {
    "HRPW*": {
      "makespan": 107,
      "execution_time": 4.410743713378906e-05,
      "schedule": {
        "1": [
          0,
          0
        ],
        "2": [
          0,
          9
        ],
        "10": [
          9,
          17
        ],
        "3": [
          17,
          24
        ],
        "4": [
          24,
          30
        ],
        "11": [
          30,
          35
        ],
        "12": [
          35,
          45
        ],
        "16": [
          45,
          55
        ],
        "8": [
          55,
          57
        ],
        "5": [
          57,
          65
        ],
        "9": [
          65,
          67
        ],
        "6": [
          67,
          69
        ],
        "13": [
          69,
          71
        ],
        "14": [
          71,
          80
        ],
        "17": [
          80,
          89
        ],
        "15": [
          89,
          90
        ],
        "7": [
          90,
          93
        ],
        "18": [
          93,
          99
        ],
        "19": [
          99,
          104
        ],
        "21": [
          104,
          106
        ],
        "20": [
          106,
          107
        ],
        "22": [
          107,
          107
        ]
      },
      "activity_order": [
        1,
        2,
        10,
        3,
        4,
        11,
        12,
        16,
        8,
        5,
        9,
        6,
        13,
        14,
        17,
        15,
        7,
        18,
        19,
        21,
        20,
        22
      ]
    },
    "LST": {
      "makespan": 107,
      "execution_time": 5.125999450683594e-05,
      "schedule": {
        "1": [
          0,
          0
        ],
        "2": [
          0,
          9
        ],
        "10": [
          9,
          17
        ],
        "3": [
          17,
          24
        ],
        "4": [
          24,
          30
        ],
        "11": [
          30,
          35
        ],
        "12": [
          35,
          45
        ],
        "16": [
          45,
          55
        ],
        "8": [
          55,
          57
        ],
        "5": [
          57,
          65
        ],
        "9": [
          65,
          67
        ],
        "6": [
          67,
          69
        ],
        "13": [
          69,
          71
        ],
        "14": [
          71,
          80
        ],
        "17": [
          80,
          89
        ],
        "15": [
          89,
          90
        ],
        "7": [
          90,
          93
        ],
        "18": [
          93,
          99
        ],
        "19": [
          99,
          104
        ],
        "21": [
          104,
          106
        ],
        "20": [
          106,
          107
        ],
        "22": [
          107,
          107
        ]
      },
      "activity_order": [
        1,
        2,
        10,
        3,
        4,
        11,
        12,
        16,
        8,
        5,
        9,
        6,
        13,
        14,
        17,
        15,
        7,
        18,
        19,
        21,
        20,
        22
      ]
    },
    "LFT": {
      "makespan": 107,
      "execution_time": 5.555152893066406e-05,
      "schedule": {
        "1": [
          0,
          0
        ],
        "2": [
          0,
          9
        ],
        "3": [
          9,
          16
        ],
        "10": [
          16,
          24
        ],
        "4": [
          24,
          30
        ],
        "11": [
          30,
          35
        ],
        "8": [
          35,
          37
        ],
        "9": [
          37,
          39
        ],
        "6": [
          39,
          41
        ],
        "13": [
          41,
          43
        ],
        "12": [
          43,
          53
        ],
        "5": [
          53,
          61
        ],
        "15": [
          61,
          62
        ],
        "16": [
          62,
          72
        ],
        "7": [
          72,
          75
        ],
        "14": [
          75,
          84
        ],
        "17": [
          84,
          93
        ],
        "18": [
          93,
          99
        ],
        "19": [
          99,
          104
        ],
        "20": [
          104,
          105
        ],
        "21": [
          105,
          107
        ],
        "22": [
          107,
          107
        ]
      },
      "activity_order": [
        1,
        2,
        3,
        10,
        4,
        11,
        8,
        9,
        6,
        13,
        12,
        5,
        15,
        16,
        7,
        14,
        17,
        18,
        19,
        20,
        21,
        22
      ]
    },
    "MTS": {
      "makespan": 107,
      "execution_time": 3.7670135498046875e-05,
      "schedule": {
        "1": [
          0,
          0
        ],
        "4": [
          0,
          6
        ],
        "2": [
          6,
          15
        ],
        "3": [
          15,
          22
        ],
        "8": [
          22,
          24
        ],
        "10": [
          24,
          32
        ],
        "11": [
          32,
          37
        ],
        "9": [
          37,
          39
        ],
        "12": [
          39,
          49
        ],
        "5": [
          49,
          57
        ],
        "6": [
          57,
          59
        ],
        "13": [
          59,
          61
        ],
        "15": [
          61,
          62
        ],
        "16": [
          62,
          72
        ],
        "7": [
          72,
          75
        ],
        "14": [
          75,
          84
        ],
        "17": [
          84,
          93
        ],
        "18": [
          93,
          99
        ],
        "19": [
          99,
          104
        ],
        "20": [
          104,
          105
        ],
        "21": [
          105,
          107
        ],
        "22": [
          107,
          107
        ]
      },
      "activity_order": [
        1,
        4,
        2,
        3,
        8,
        10,
        11,
        9,
        12,
        5,
        6,
        13,
        15,
        16,
        7,
        14,
        17,
        18,
        19,
        20,
        21,
        22
      ]
    },
    "TIMROS": {
      "makespan": 107,
      "execution_time": 3.504753112792969e-05,
      "schedule": {
        "1": [
          0,
          0
        ],
        "2": [
          0,
          9
        ],
        "10": [
          9,
          17
        ],
        "4": [
          17,
          23
        ],
        "12": [
          23,
          33
        ],
        "3": [
          33,
          40
        ],
        "11": [
          40,
          45
        ],
        "16": [
          45,
          55
        ],
        "5": [
          55,
          63
        ],
        "6": [
          63,
          65
        ],
        "17": [
          65,
          74
        ],
        "7": [
          74,
          77
        ],
        "19": [
          77,
          82
        ],
        "8": [
          82,
          84
        ],
        "9": [
          84,
          86
        ],
        "15": [
          86,
          87
        ],
        "18": [
          87,
          93
        ],
        "13": [
          93,
          95
        ],
        "14": [
          95,
          104
        ],
        "21": [
          104,
          106
        ],
        "20": [
          106,
          107
        ],
        "22": [
          107,
          107
        ]
      },