{
  "instance": "inst_set1a_sf0.75_nc1.8_n20_m20_00",
  "results": {
    "HRPW*": {
      "makespan": 119,
      "execution_time": 4.076957702636719e-05,
      "schedule": {
        "1": [
          0,
          0
        ],
        "2": [
          0,
          6
        ],
        "6": [
          6,
          13
        ],
        "7": [
          13,
          22
        ],
        "3": [
          22,
          30
        ],
        "8": [
          30,
          36
        ],
        "12": [
          36,
          43
        ],
        "4": [
          43,
          50
        ],
        "10": [
          50,
          58
        ],
        "11": [
          58,
          64
        ],
        "5": [
          64,
          72
        ],
        "13": [
          72,
          76
        ],
        "14": [
          76,
          78
        ],
        "15": [
          78,
          85
        ],
        "17": [
          85,
          90
        ],
        "18": [
          90,
          96
        ],
        "21": [
          96,
          104
        ],
        "20": [
          104,
          111
        ],
        "9": [
          111,
          114
        ],
        "16": [
          114,
          116
        ],
        "19": [
          116,
          119
        ],
        "22": [
          119,
          119
        ]
      },
      "activity_order": [
        1,
        2,
        6,
        7,
        3,
        8,
        12,
        4,
        10,
        11,
        5,
        13,
        14,
        15,
        17,
        18,
        21,
        20,
        9,
        16,
        19,
        22
      ]
    },
    "LST": {
      "makespan": 119,
      "execution_time": 3.910064697265625e-05,
      "schedule": {
        "1": [
          0,
          0
        ],
        "2": [
          0,
          6
        ],
        "6": [
          6,
          13
        ],
        "7": [
          13,
          22
        ],
        "3": [
          22,
          30
        ],
        "8": [
          30,
          36
        ],
        "12": [
          36,
          43
        ],
        "4": [
          43,
          50
        ],
        "10": [
          50,
          58
        ],
        "11": [
          58,
          64
        ],
        "5": [
          64,
          72
        ],
        "13": [
          72,
          76
        ],
        "14": [
          76,
          78
        ],
        "15": [
          78,
          85
        ],
        "17": [
          85,
          90
        ],
        "18": [
          90,
          96
        ],
        "21": [
          96,
          104
        ],
        "20": [
          104,
          111
        ],
        "9": [
          111,
          114
        ],
        "16": [
          114,
          116
        ],
        "19": [
          116,
          119
        ],
        "22": [
          119,
          119
        ]
      },
      "activity_order": [
        1,
        2,
        6,
        7,
        3,
        8,
        12,
        4,
        10,
        11,
        5,
        13,
        14,
        15,
        17,
        18,
        21,
        20,
        9,
        16,
        19,
        22
      ]
    },
    "LFT": {
      "makespan": 119,
      "execution_time": 3.743171691894531e-05,
      "schedule": {
        "1": [
          0,
          0
        ],
        "2": [
          0,
          6
        ],
        "6": [
          6,
          13
        ],
        "7": [
          13,
          22
        ],
        "3": [
          22,
          30
        ],
        "8": [
          30,
          36
        ],
        "12": [
          36,
          43
        ],
        "4": [
          43,
          50
        ],
        "11": [
          50,
          56
        ],
        "10": [
          56,
          64
        ],
        "13": [
          64,
          68
        ],
        "14": [
          68,
          70
        ],
        "5": [
          70,
          78
        ],
        "15": [
          78,
          85
        ],
        "17": [
          85,
          90
        ],
        "9": [
          90,
          93
        ],
        "16": [
          93,
          95
        ],
        "18": [
          95,
          101
        ],
        "19": [
          101,
          104
        ],
        "20": [
          104,
          111
        ],
        "21": [
          111,
          119
        ],
        "22": [
          119,
          119
        ]
      },
      "activity_order": [
        1,
        2,
        6,
        7,
        3,
        8,
        12,
        4,
        11,
        10,
        13,
        14,
        5,
        15,
        17,
        9,
        16,
        18,
        19,
        20,
        21,
        22
      ]
    },
    "MTS": {
      "makespan": 119,
      "execution_time": 5.078315734863281e-05,
      "schedule": {
        "1": [
          0,
          0
        ],
        "2": [
          0,
          6
        ],
        "6": [
          6,
          13
        ],
        "3": [
          13,
          21
        ],
        "8": [
          21,
          27
        ],
        "4": [
          27,
          34
        ],
        "5": [
          34,
          42
        ],
        "7": [
          42,
          51
        ],
        "10": [
          51,
          59
        ],
        "12": [
          59,
          66
        ],
        "11": [
          66,
          72
        ],
        "13": [
          72,
          76
        ],
        "14": [
          76,
          78
        ],
        "17": [
          78,
          83
        ],
        "15": [
          83,
          90
        ],
        "9": [
          90,
          93
        ],
        "16": [
          93,
          95
        ],
        "18": [
          95,
          101
        ],
        "19": [
          101,
          104
        ],
        "20": [
          104,
          111
        ],
        "21": [
          111,
          119
        ],
        "22": [
          119,
          119
        ]
      },
      "activity_order": [
        1,
        2,
        6,
        3,
        8,
        4,
        5,
        7,
        10,
        12,
        11,
        13,
        14,
        17,
        15,
        9,
        16,
        18,
        19,
        20,
        21,
        22
      ]
    },
    "TIMROS": {
      "makespan": 119,
      "execution_time": 6.628036499023438e-05,
      "schedule": {
        "1": [
          0,
          0
        ],
        "2": [
          0,
          6
        ],
        "6": [
          6,
          13
        ],
        "7": [
          13,
          22
        ],
        "12": [
          22,
          29
        ],
        "8": [
          29,
          35
        ],
        "11": [
          35,
          41
        ],
        "3": [
          41,
          49
        ],
        "5": [
          49,
          57
        ],
        "10": [
          57,
          65
        ],
        "16": [
          65,
          67
        ],
        "21": [
          67,
          75
        ],
        "4": [
          75,
          82
        ],
        "9": [
          82,
          85
        ],
        "17": [
          85,
          90
        ],
        "13": [
          90,
          94
        ],
        "20": [
          94,
          101
        ],
        "14": [
          101,
          103
        ],
        "15": [
          103,
          110
        ],
        "18": [
          110,
          116
        ],
        "19": [
          116,
          119
        ],
        "22": [
          119,
          119
        ]
      },