{
  "instance": "inst_set1a_sf0_nc1.8_n20_m20_02",
  "results": {
    "HRPW*": {
      "makespan": 98,
      "execution_time": 5.984306335449219e-05,
      "schedule": {
        "1": [
          0,
          0
        ],
        "2": [
          0,
          7
        ],
        "6": [
          7,
          17
        ],
        "3": [
          17,
          22
        ],
        "4": [
          22,
          29
        ],
        "5": [
          29,
          37
        ],
        "14": [
          37,
          41
        ],
        "9": [
          41,
          46
        ],
        "11": [
          46,
          51
        ],
        "8": [
          51,
          53
        ],
        "15": [
          53,
          59
        ],
        "7": [
          59,
          65
        ],
        "13": [
          65,
          69
        ],
        "12": [
          69,
          72
        ],
        "18": [
          72,
          78
        ],
        "16": [
          78,
          82
        ],
        "17": [
          82,
          84
        ],
        "10": [
          84,
          85
        ],
        "19": [
          85,
          91
        ],
        "20": [
          91,
          95
        ],
        "21": [
          95,
          98
        ],
        "22": [
          98,
          98
        ]
      },
      "activity_order": [
        1,
        2,
        6,
        3,
        4,
        5,
        14,
        9,
        11,
        8,
        15,
        7,
        13,
        12,
        18,
        16,
        17,
        10,
        19,
        20,
        21,
        22
      ]
    },
    "LST": {
      "makespan": 98,
      "execution_time": 4.673004150390625e-05,
      "schedule": {
        "1": [
          0,
          0
        ],
        "2": [
          0,
          7
        ],
        "6": [
          7,
          17
        ],
        "3": [
          17,
          22
        ],
        "4": [
          22,
          29
        ],
        "5": [
          29,
          37
        ],
        "14": [
          37,
          41
        ],
        "9": [
          41,
          46
        ],
        "11": [
          46,
          51
        ],
        "8": [
          51,
          53
        ],
        "15": [
          53,
          59
        ],
        "7": [
          59,
          65
        ],
        "13": [
          65,
          69
        ],
        "12": [
          69,
          72
        ],
        "18": [
          72,
          78
        ],
        "16": [
          78,
          82
        ],
        "17": [
          82,
          84
        ],
        "10": [
          84,
          85
        ],
        "19": [
          85,
          91
        ],
        "20": [
          91,
          95
        ],
        "21": [
          95,
          98
        ],
        "22": [
          98,
          98
        ]
      },
      "activity_order": [
        1,
        2,
        6,
        3,
        4,
        5,
        14,
        9,
        11,
        8,
        15,
        7,
        13,
        12,
        18,
        16,
        17,
        10,
        19,
        20,
        21,
        22
      ]
    },
    "LFT": {
      "makespan": 98,
      "execution_time": 4.363059997558594e-05,
      "schedule": {
        "1": [
          0,
          0
        ],
        "2": [
          0,
          7
        ],
        "3": [
          7,
          12
        ],
        "6": [
          12,
          22
        ],
        "4": [
          22,
          29
        ],
        "8": [
          29,
          31
        ],
        "14": [
          31,
          35
        ],
        "5": [
          35,
          43
        ],
        "9": [
          43,
          48
        ],
        "11": [
          48,
          53
        ],
        "12": [
          53,
          56
        ],
        "13": [
          56,
          60
        ],
        "15": [
          60,
          66
        ],
        "7": [
          66,
          72
        ],
        "10": [
          72,
          73
        ],
        "17": [
          73,
          75
        ],
        "16": [
          75,
          79
        ],
        "18": [
          79,
          85
        ],
        "19": [
          85,
          91
        ],
        "20": [
          91,
          95
        ],
        "21": [
          95,
          98
        ],
        "22": [
          98,
          98
        ]
      },
      "activity_order": [
        1,
        2,
        3,
        6,
        4,
        8,
        14,
        5,
        9,
        11,
        12,
        13,
        15,
        7,
        10,
        17,
        16,
        18,
        19,
        20,
        21,
        22
      ]
    },
    "MTS": {
      "makespan": 98,
      "execution_time": 5.1975250244140625e-05,
      "schedule": {
        "1": [
          0,
          0
        ],
        "2": [
          0,
          7
        ],
        "3": [
          7,
          12
        ],
        "6": [
          12,
          22
        ],
        "5": [
          22,
          30
        ],
        "9": [
          30,
          35
        ],
        "8": [
          35,
          37
        ],
        "4": [
          37,
          44
        ],
        "14": [
          44,
          48
        ],
        "7": [
          48,
          54
        ],
        "11": [
          54,
          59
        ],
        "15": [
          59,
          65
        ],
        "12": [
          65,
          68
        ],
        "13": [
          68,
          72
        ],
        "18": [
          72,
          78
        ],
        "10": [
          78,
          79
        ],
        "16": [
          79,
          83
        ],
        "17": [
          83,
          85
        ],
        "19": [
          85,
          91
        ],
        "20": [
          91,
          95
        ],
        "21": [
          95,
          98
        ],
        "22": [
          98,
          98
        ]
      },
      "activity_order": [
        1,
        2,
        3,
        6,
        5,
        9,
        8,
        4,
        14,
        7,
        11,
        15,
        12,
        13,
        18,
        10,
        16,
        17,
        19,
        20,
        21,
        22
      ]
    },
    "TIMROS": {
      "makespan": 98,
      "execution_time": 4.792213439941406e-05,
      "schedule": {
        "1": [
          0,
          0
        ],
        "2": [
          0,
          7
        ],
        "6": [
          7,
          17
        ],
        "4": [
          17,
          24
        ],
        "3": [
          24,
          29
        ],
        "5": [
          29,
          37
        ],
        "11": [
          37,
          42
        ],
        "14": [
          42,
          46
        ],
        "7": [
          46,
          52
        ],
        "9": [
          52,
          57
        ],
        "8": [
          57,
          59
        ],
        "12": [
          59,
          62
        ],
        "15": [
          62,
          68
        ],
        "17": [
          68,
          70
        ],
        "13": [
          70,
          74
        ],
        "10": [
          74,
          75
        ],
        "19": [
          75,
          81
        ],
        "18": [
          81,
          87
        ],
        "21": [
          87,
          90
        ],
        "16": [
          90,
          94
        ],
        "20": [
          94,
          98
        ],
        "22": [
          98,
          98
        ]
      },
      "activity_order": [
        1,
        2,
        6,
        4,
        3,
        5,
        11,
        14,
        7,
        9,
        8,
        12,
        15,
        17,
        13,
        10,
        19,
        18,
        21,
        16,
        20,
        22
      ]
    },