{
  "instance": "inst_set1a_sf1_nc1.5_n20_m25_00",
  "results": {
    "HRPW*": {
      "makespan": 120,
      "execution_time": 0.00031447410583496094,
      "schedule": {
        "1": [
          0,
          0
        ],
        "3": [
          0,
          2
        ],
        "8": [
          2,
          6
        ],
        "11": [
          6,
          15
        ],
        "2": [
          15,
          19
        ],
        "4": [
          19,
          26
        ],
        "7": [
          26,
          30
        ],
        "15": [
          30,
          37
        ],
        "13": [
          37,
          41
        ],
        "9": [
          41,
          48
        ],
        "5": [
          48,
          52
        ],
        "12": [
          52,
          61
        ],
        "16": [
          61,
          70
        ],
        "10": [
          70,
          78
        ],
        "17": [
          78,
          87
        ],
        "6": [
          87,
          89
        ],
        "14": [
          89,
          90
        ],
        "18": [
          90,
          94
        ],
        "19": [
          94,
          103
        ],
        "20": [
          103,
          112
        ],
        "21": [
          112,
          120
        ],
        "22": [
          120,
          120
        ]
      },
      "activity_order": [
        1,
        3,
        8,
        11,
        2,
        4,
        7,
        15,
        13,
        9,
        5,
        12,
        16,
        10,
        17,
        6,
        14,
        18,
        19,
        20,
        21,
        22
      ]
    },
    "LST": {
      "makespan": 120,
      "execution_time": 0.0003192424774169922,
      "schedule": {
        "1": [
          0,
          0
        ],
        "3": [
          0,
          2
        ],
        "8": [
          2,
          6
        ],
        "11": [
          6,
          15
        ],
        "2": [
          15,
          19
        ],
        "4": [
          19,
          26
        ],
        "7": [
          26,
          30
        ],
        "15": [
          30,
          37
        ],
        "13": [
          37,
          41
        ],
        "9": [
          41,
          48
        ],
        "5": [
          48,
          52
        ],
        "12": [
          52,
          61
        ],
        "16": [
          61,
          70
        ],
        "10": [
          70,
          78
        ],
        "17": [
          78,
          87
        ],
        "6": [
          87,
          89
        ],
        "14": [
          89,
          90
        ],
        "18": [
          90,
          94
        ],
        "19": [
          94,
          103
        ],
        "20": [
          103,
          112
        ],
        "21": [
          112,
          120
        ],
        "22": [
          120,
          120
        ]
      },
      "activity_order": [
        1,
        3,
        8,
        11,
        2,
        4,
        7,
        15,
        13,
        9,
        5,
        12,
        16,
        10,
        17,
        6,
        14,
        18,
        19,
        20,
        21,
        22
      ]
    },
    "LFT": {
      "makespan": 120,
      "execution_time": 0.0003032684326171875,
      "schedule": {
        "1": [
          0,
          0
        ],
        "3": [
          0,
          2
        ],
        "8": [
          2,
          6
        ],
        "2": [
          6,
          10
        ],
        "11": [
          10,
          19
        ],
        "7": [
          19,
          23
        ],
        "4": [
          23,
          30
        ],
        "13": [
          30,
          34
        ],
        "15": [
          34,
          41
        ],
        "5": [
          41,
          45
        ],
        "6": [
          45,
          47
        ],
        "9": [
          47,
          54
        ],
        "14": [
          54,
          55
        ],
        "10": [
          55,
          63
        ],
        "12": [
          63,
          72
        ],
        "16": [
          72,
          81
        ],
        "17": [
          81,
          90
        ],
        "18": [
          90,
          94
        ],
        "19": [
          94,
          103
        ],
        "20": [
          103,
          112
        ],
        "21": [
          112,
          120
        ],
        "22": [
          120,
          120
        ]
      },
      "activity_order": [
        1,
        3,
        8,
        2,
        11,
        7,
        4,
        13,
        15,
        5,
        6,
        9,
        14,
        10,
        12,
        16,
        17,
        18,
        19,
        20,
        21,
        22
      ]
    },
    "MTS": {
      "makespan": 120,
      "execution_time": 0.0003135204315185547,
      "schedule": {
        "1": [
          0,
          0
        ],
        "3": [
          0,
          2
        ],
        "2": [
          2,
          6
        ],
        "8": [
          6,
          10
        ],
        "4": [
          10,
          17
        ],
        "5": [
          17,
          21
        ],
        "7": [
          21,
          25
        ],
        "6": [
          25,
          27
        ],
        "9": [
          27,
          34
        ],
        "11": [
          34,
          43
        ],
        "13": [
          43,
          47
        ],
        "14": [
          47,
          48
        ],
        "15": [
          48,
          55
        ],
        "10": [
          55,
          63
        ],
        "12": [
          63,
          72
        ],
        "16": [
          72,
          81
        ],
        "17": [
          81,
          90
        ],
        "18": [
          90,
          94
        ],
        "19": [
          94,
          103
        ],
        "20": [
          103,
          112
        ],
        "21": [
          112,
          120
        ],
        "22": [
          120,
          120
        ]
      },
      "activity_order": [
        1,
        3,
        2,
        8,
        4,
        5,
        7,
        6,
        9,
        11,
        13,
        14,
        15,
        10,
        12,
        16,
        17,
        18,
        19,
        20,
        21,
        22
      ]
    },
    "TIMROS": {
      "makespan": 120,
      "execution_time": 0.00029778480529785156,
      "schedule": {
        "1": [
          0,
          0
        ],
        "4": [
          0,
          7
        ],
        "12": [
          7,
          16
        ],
        "10": [
          16,
          24
        ],
        "2": [
          24,
          28
        ],
        "3": [
          28,
          30
        ],
        "5": [
          30,
          34
        ],
        "7": [
          34,
          38
        ],
        "9": [
          38,
          45
        ],
        "8": [
          45,
          49
        ],
        "11": [
          49,
          58
        ],
        "20": [
          58,
          67
        ],
        "15": [
          67,
          74
        ],
        "17": [
          74,
          83
        ],
        "13": [
          83,
          87
        ],
        "16": [
          87,
          96
        ],
        "19": [
          96,
          105
        ],
        "6": [
          105,
          107
        ],
        "14": [
          107,
          108
        ],
        "18": [
          108,
          112
        ],
        "21": [
          112,
          120
        ],
        "22": [
          120,
          120
        ]
      },