{
  "instance": "inst_set1a_sf0.5_nc1.8_n20_m10_03",
  "results": {
    "HRPW*": {
      "makespan": 95,
      "execution_time": 5.555152893066406e-05,
      "schedule": {
        "1": [
          0,
          0
        ],
        "3": [
          0,
          9
        ],
        "2": [
          9,
          16
        ],
        "4": [
          16,
          20
        ],
        "5": [
          20,
          22
        ],
        "7": [
          22,
          29
        ],
        "6": [
          29,
          36
        ],
        "11": [
          36,
          44
        ],
        "10": [
          44,
          53
        ],
        "13": [
          53,
          57
        ],
        "12": [
          57,
          60
        ],
        "9": [
          60,
          64
        ],
        "8": [
          64,
          65
        ],
        "15": [
          65,
          66
        ],
        "16": [
          66,
          72
        ],
        "18": [
          72,
          78
        ],
        "14": [
          78,
          81
        ],
        "21": [
          81,
          88
        ],
        "17": [
          88,
          89
        ],
        "19": [
          89,
          92
        ],
        "20": [
          92,
          95
        ],
        "22": [
          95,
          95
        ]
      },
      "activity_order": [
        1,
        3,
        2,
        4,
        5,
        7,
        6,
        11,
        10,
        13,
        12,
        9,
        8,
        15,
        16,
        18,
        14,
        21,
        17,
        19,
        20,
        22
      ]
    },
    "LST": {
      "makespan": 95,
      "execution_time": 5.221366882324219e-05,
      "schedule": {
        "1": [
          0,
          0
        ],
        "3": [
          0,
          9
        ],
        "2": [
          9,
          16
        ],
        "4": [
          16,
          20
        ],
        "5": [
          20,
          22
        ],
        "7": [
          22,
          29
        ],
        "6": [
          29,
          36
        ],
        "11": [
          36,
          44
        ],
        "10": [
          44,
          53
        ],
        "13": [
          53,
          57
        ],
        "12": [
          57,
          60
        ],
        "9": [
          60,
          64
        ],
        "8": [
          64,
          65
        ],
        "15": [
          65,
          66
        ],
        "16": [
          66,
          72
        ],
        "18": [
          72,
          78
        ],
        "14": [
          78,
          81
        ],
        "21": [
          81,
          88
        ],
        "17": [
          88,
          89
        ],
        "19": [
          89,
          92
        ],
        "20": [
          92,
          95
        ],
        "22": [
          95,
          95
        ]
      },
      "activity_order": [
        1,
        3,
        2,
        4,
        5,
        7,
        6,
        11,
        10,
        13,
        12,
        9,
        8,
        15,
        16,
        18,
        14,
        21,
        17,
        19,
        20,
        22
      ]
    },
    "LFT": {
      "makespan": 95,
      "execution_time": 4.9114227294921875e-05,
      "schedule": {
        "1": [
          0,
          0
        ],
        "3": [
          0,
          9
        ],
        "5": [
          9,
          11
        ],
        "2": [
          11,
          18
        ],
        "4": [
          18,
          22
        ],
        "7": [
          22,
          29
        ],
        "6": [
          29,
          36
        ],
        "11": [
          36,
          44
        ],
        "12": [
          44,
          47
        ],
        "13": [
          47,
          51
        ],
        "8": [
          51,
          52
        ],
        "15": [
          52,
          53
        ],
        "9": [
          53,
          57
        ],
        "10": [
          57,
          66
        ],
        "14": [
          66,
          69
        ],
        "16": [
          69,
          75
        ],
        "17": [
          75,
          76
        ],
        "18": [
          76,
          82
        ],
        "19": [
          82,
          85
        ],
        "20": [
          85,
          88
        ],
        "21": [
          88,
          95
        ],
        "22": [
          95,
          95
        ]
      },
      "activity_order": [
        1,
        3,
        5,
        2,
        4,
        7,
        6,
        11,
        12,
        13,
        8,
        15,
        9,
        10,
        14,
        16,
        17,
        18,
        19,
        20,
        21,
        22
      ]
    },
    "MTS": {
      "makespan": 95,
      "execution_time": 7.343292236328125e-05,
      "schedule": {
        "1": [
          0,
          0
        ],
        "3": [
          0,
          9
        ],
        "5": [
          9,
          11
        ],
        "2": [
          11,
          18
        ],
        "4": [
          18,
          22
        ],
        "7": [
          22,
          29
        ],
        "12": [
          29,
          32
        ],
        "10": [
          32,
          41
        ],
        "6": [
          41,
          48
        ],
        "8": [
          48,
          49
        ],
        "11": [
          49,
          57
        ],
        "13": [
          57,
          61
        ],
        "15": [
          61,
          62
        ],
        "9": [
          62,
          66
        ],
        "14": [
          66,
          69
        ],
        "16": [
          69,
          75
        ],
        "18": [
          75,
          81
        ],
        "17": [
          81,
          82
        ],
        "19": [
          82,
          85
        ],
        "20": [
          85,
          88
        ],
        "21": [
          88,
          95
        ],
        "22": [
          95,
          95
        ]
      },
      "activity_order": [
        1,
        3,
        5,
        2,
        4,
        7,
        12,
        10,
        6,
        8,
        11,
        13,
        15,
        9,
        14,
        16,
        18,
        17,
        19,
        20,
        21,
        22
      ]
    },
    "TIMROS": {
      "makespan": 95,
      "execution_time": 5.125999450683594e-05,
      "schedule": {
        "1": [
          0,
          0
        ],
        "3": [
          0,
          9
        ],
        "2": [
          9,
          16
        ],
        "11": [
          16,
          24
        ],
        "10": [
          24,
          33
        ],
        "4": [
          33,
          37
        ],
        "6": [
          37,
          44
        ],
        "9": [
          44,
          48
        ],
        "21": [
          48,
          55
        ],
        "5": [
          55,
          57
        ],
        "13": [
          57,
          61
        ],
        "7": [
          61,
          68
        ],
        "12": [
          68,
          71
        ],
        "16": [
          71,
          77
        ],
        "14": [
          77,
          80
        ],
        "8": [
          80,
          81
        ],
        "15": [
          81,
          82
        ],
        "18": [
          82,
          88
        ],
        "19": [
          88,
          91
        ],
        "17": [
          91,
          92
        ],
        "20": [
          92,
          95
        ],
        "22": [
          95,
          95
        ]
      },
      "activity_order": [
        1,
        3,
        2,
        11,
        10,
        4,
        6,
        9,
        21,
        5,
        13,
        7,
        12,
        16,
        14,
        8,
        15,
        18,
        19,
        17,
        20,
        22
      ]
    },