{
  "instance": "inst_set1a_sf1_nc1.8_n20_m20_05",
  "results": {
    "HRPW*": {
      "makespan": 107,
      "execution_time": 0.0002639293670654297,
      "schedule": {
        "1": [
          0,
          0
        ],
        "2": [
          0,
          7
        ],
        "5": [
          7,
          8
        ],
        "7": [
          8,
          13
        ],
        "3": [
          13,
          19
        ],
        "4": [
          19,
          22
        ],
        "8": [
          22,
          29
        ],
        "12": [
          29,
          33
        ],
        "9": [
          33,
          35
        ],
        "11": [
          35,
          36
        ],
        "14": [
          36,
          45
        ],
        "15": [
          45,
          54
        ],
        "10": [
          54,
          58
        ],
        "6": [
          58,
          60
        ],
        "17": [
          60,
          70
        ],
        "13": [
          70,
          78
        ],
        "16": [
          78,
          82
        ],
        "18": [
          82,
          92
        ],
        "19": [
          92,
          101
        ],
        "20": [
          101,
          104
        ],
        "21": [
          104,
          107
        ],
        "22": [
          107,
          107
        ]
      },
      "activity_order": [
        1,
        2,
        5,
        7,
        3,
        4,
        8,
        12,
        9,
        11,
        14,
        15,
        10,
        6,
        17,
        13,
        16,
        18,
        19,
        20,
        21,
        22
      ]
    },
    "LST": {
      "makespan": 107,
      "execution_time": 0.00024437904357910156,
      "schedule": {
        "1": [
          0,
          0
        ],
        "2": [
          0,
          7
        ],
        "5": [
          7,
          8
        ],
        "7": [
          8,
          13
        ],
        "3": [
          13,
          19
        ],
        "4": [
          19,
          22
        ],
        "8": [
          22,
          29
        ],
        "12": [
          29,
          33
        ],
        "9": [
          33,
          35
        ],
        "11": [
          35,
          36
        ],
        "14": [
          36,
          45
        ],
        "15": [
          45,
          54
        ],
        "10": [
          54,
          58
        ],
        "6": [
          58,
          60
        ],
        "17": [
          60,
          70
        ],
        "13": [
          70,
          78
        ],
        "16": [
          78,
          82
        ],
        "18": [
          82,
          92
        ],
        "19": [
          92,
          101
        ],
        "20": [
          101,
          104
        ],
        "21": [
          104,
          107
        ],
        "22": [
          107,
          107
        ]
      },
      "activity_order": [
        1,
        2,
        5,
        7,
        3,
        4,
        8,
        12,
        9,
        11,
        14,
        15,
        10,
        6,
        17,
        13,
        16,
        18,
        19,
        20,
        21,
        22
      ]
    },
    "LFT": {
      "makespan": 107,
      "execution_time": 0.0002410411834716797,
      "schedule": {
        "1": [
          0,
          0
        ],
        "2": [
          0,
          7
        ],
        "5": [
          7,
          8
        ],
        "7": [
          8,
          13
        ],
        "4": [
          13,
          16
        ],
        "3": [
          16,
          22
        ],
        "9": [
          22,
          24
        ],
        "8": [
          24,
          31
        ],
        "11": [
          31,
          32
        ],
        "12": [
          32,
          36
        ],
        "10": [
          36,
          40
        ],
        "14": [
          40,
          49
        ],
        "15": [
          49,
          58
        ],
        "6": [
          58,
          60
        ],
        "13": [
          60,
          68
        ],
        "16": [
          68,
          72
        ],
        "17": [
          72,
          82
        ],
        "18": [
          82,
          92
        ],
        "19": [
          92,
          101
        ],
        "20": [
          101,
          104
        ],
        "21": [
          104,
          107
        ],
        "22": [
          107,
          107
        ]
      },
      "activity_order": [
        1,
        2,
        5,
        7,
        4,
        3,
        9,
        8,
        11,
        12,
        10,
        14,
        15,
        6,
        13,
        16,
        17,
        18,
        19,
        20,
        21,
        22
      ]
    },
    "MTS": {
      "makespan": 107,
      "execution_time": 0.00027489662170410156,
      "schedule": {
        "1": [
          0,
          0
        ],
        "2": [
          0,
          7
        ],
        "5": [
          7,
          8
        ],
        "7": [
          8,
          13
        ],
        "4": [
          13,
          16
        ],
        "3": [
          16,
          22
        ],
        "12": [
          22,
          26
        ],
        "8": [
          26,
          33
        ],
        "9": [
          33,
          35
        ],
        "10": [
          35,
          39
        ],
        "11": [
          39,
          40
        ],
        "14": [
          40,
          49
        ],
        "6": [
          49,
          51
        ],
        "15": [
          51,
          60
        ],
        "18": [
          60,
          70
        ],
        "13": [
          70,
          78
        ],
        "16": [
          78,
          82
        ],
        "17": [
          82,
          92
        ],
        "19": [
          92,
          101
        ],
        "20": [
          101,
          104
        ],
        "21": [
          104,
          107
        ],
        "22": [
          107,
          107
        ]
      },
      "activity_order": [
        1,
        2,
        5,
        7,
        4,
        3,
        12,
        8,
        9,
        10,
        11,
        14,
        6,
        15,
        18,
        13,
        16,
        17,
        19,
        20,
        21,
        22
      ]
    },
    "TIMROS": {
      "makespan": 107,
      "execution_time": 0.0004944801330566406,
      "schedule": {
        "1": [
          0,
          0
        ],
        "2": [
          0,
          7
        ],
        "3": [
          7,
          13
        ],
        "4": [
          13,
          16
        ],
        "12": [
          16,
          20
        ],
        "18": [
          20,
          30
        ],
        "21": [
          30,
          33
        ],
        "5": [
          33,
          34
        ],
        "7": [
          34,
          39
        ],
        "8": [
          39,
          46
        ],
        "14": [
          46,
          55
        ],
        "10": [
          55,
          59
        ],
        "6": [
          59,
          61
        ],
        "13": [
          61,
          69
        ],
        "20": [
          69,
          72
        ],
        "9": [
          72,
          74
        ],
        "11": [
          74,
          75
        ],
        "15": [
          75,
          84
        ],
        "17": [
          84,
          94
        ],
        "16": [
          94,
          98
        ],
        "19": [
          98,
          107
        ],
        "22": [
          107,
          107
        ]
      },
      "activity_order": [
        1,
        2,
        3,
        4,
        12,
        18,
        21,
        5,
        7,
        8,
        14,
        10,
        6,
        13,
        20,
        9,
        11,
        15,
        17,
        16,
        19,
        22
      ]
    },