{
  "instance": "inst_set1a_sf0.5_nc1.5_n20_m10_02",
  "results": {
    "HRPW*": {
      "makespan": 61,
      "execution_time": 0.0002028942108154297,
      "schedule": {
        "1": [
          0,
          0
        ],
        "3": [
          0,
          6
        ],
        "2": [
          0,
          5
        ],
        "4": [
          5,
          9
        ],
        "6": [
          9,
          12
        ],
        "8": [
          12,
          20
        ],
        "12": [
          20,
          29
        ],
        "14": [
          12,
          18
        ],
        "9": [
          29,
          39
        ],
        "13": [
          20,
          27
        ],
        "16": [
          29,
          35
        ],
        "18": [
          27,
          31
        ],
        "7": [
          35,
          37
        ],
        "10": [
          39,
          41
        ],
        "11": [
          41,
          43
        ],
        "20": [
          43,
          53
        ],
        "15": [
          53,
          55
        ],
        "19": [
          43,
          51
        ],
        "17": [
          55,
          60
        ],
        "5": [
          55,
          58
        ],
        "21": [
          60,
          61
        ],
        "22": [
          61,
          61
        ]
      },
      "activity_order": [
        1,
        3,
        2,
        4,
        6,
        8,
        12,
        14,
        9,
        13,
        16,
        18,
        7,
        10,
        11,
        20,
        15,
        19,
        17,
        5,
        21,
        22
      ]
    },
    "LST": {
      "makespan": 61,
      "execution_time": 0.00022029876708984375,
      "schedule": {
        "1": [
          0,
          0
        ],
        "3": [
          0,
          6
        ],
        "2": [
          0,
          5
        ],
        "4": [
          5,
          9
        ],
        "6": [
          9,
          12
        ],
        "8": [
          12,
          20
        ],
        "12": [
          20,
          29
        ],
        "14": [
          12,
          18
        ],
        "9": [
          29,
          39
        ],
        "13": [
          20,
          27
        ],
        "16": [
          29,
          35
        ],
        "18": [
          27,
          31
        ],
        "7": [
          35,
          37
        ],
        "10": [
          39,
          41
        ],
        "11": [
          41,
          43
        ],
        "20": [
          43,
          53
        ],
        "15": [
          53,
          55
        ],
        "19": [
          43,
          51
        ],
        "17": [
          55,
          60
        ],
        "5": [
          55,
          58
        ],
        "21": [
          60,
          61
        ],
        "22": [
          61,
          61
        ]
      },
      "activity_order": [
        1,
        3,
        2,
        4,
        6,
        8,
        12,
        14,
        9,
        13,
        16,
        18,
        7,
        10,
        11,
        20,
        15,
        19,
        17,
        5,
        21,
        22
      ]
    },
    "LFT": {
      "makespan": 59,
      "execution_time": 0.00020170211791992188,
      "schedule": {
        "1": [
          0,
          0
        ],
        "3": [
          0,
          6
        ],
        "2": [
          0,
          5
        ],
        "4": [
          5,
          9
        ],
        "6": [
          9,
          12
        ],
        "8": [
          12,
          20
        ],
        "12": [
          20,
          29
        ],
        "14": [
          12,
          18
        ],
        "7": [
          18,
          20
        ],
        "18": [
          18,
          22
        ],
        "10": [
          29,
          31
        ],
        "11": [
          31,
          33
        ],
        "13": [
          22,
          29
        ],
        "16": [
          29,
          35
        ],
        "9": [
          33,
          43
        ],
        "15": [
          43,
          45
        ],
        "5": [
          45,
          48
        ],
        "17": [
          45,
          50
        ],
        "19": [
          50,
          58
        ],
        "20": [
          48,
          58
        ],
        "21": [
          58,
          59
        ],
        "22": [
          59,
          59
        ]
      },
      "activity_order": [
        1,
        3,
        2,
        4,
        6,
        8,
        12,
        14,
        7,
        18,
        10,
        11,
        13,
        16,
        9,
        15,
        5,
        17,
        19,
        20,
        21,
        22
      ]
    },
    "MTS": {
      "makespan": 56,
      "execution_time": 0.000202178955078125,
      "schedule": {
        "1": [
          0,
          0
        ],
        "2": [
          0,
          5
        ],
        "3": [
          0,
          6
        ],
        "6": [
          6,
          9
        ],
        "8": [
          9,
          17
        ],
        "4": [
          9,
          13
        ],
        "14": [
          13,
          19
        ],
        "13": [
          17,
          24
        ],
        "9": [
          17,
          27
        ],
        "12": [
          27,
          36
        ],
        "15": [
          36,
          38
        ],
        "5": [
          38,
          41
        ],
        "7": [
          19,
          21
        ],
        "10": [
          41,
          43
        ],
        "11": [
          43,
          45
        ],
        "16": [
          36,
          42
        ],
        "17": [
          42,
          47
        ],
        "18": [
          24,
          28
        ],
        "19": [
          47,
          55
        ],
        "20": [
          45,
          55
        ],
        "21": [
          55,
          56
        ],
        "22": [
          56,
          56
        ]
      },
      "activity_order": [
        1,
        2,
        3,
        6,
        8,
        4,
        14,
        13,
        9,
        12,
        15,
        5,
        7,
        10,
        11,
        16,
        17,
        18,
        19,
        20,
        21,
        22
      ]
    },
    "TIMROS": {
      "makespan": 72,
      "execution_time": 0.0001995563507080078,
      "schedule": {
        "1": [
          0,
          0
        ],
        "3": [
          0,
          6
        ],
        "5": [
          6,
          9
        ],
        "2": [
          0,
          5
        ],
        "9": [
          9,
          19
        ],
        "4": [
          5,
          9
        ],
        "12": [
          19,
          28
        ],
        "10": [
          28,
          30
        ],
        "14": [
          9,
          15
        ],
        "18": [
          15,
          19
        ],
        "16": [
          28,
          34
        ],
        "6": [
          34,
          37
        ],
        "8": [
          37,
          45
        ],
        "13": [
          45,
          52
        ],
        "11": [
          45,
          47
        ],
        "19": [
          47,
          55
        ],
        "15": [
          52,
          54
        ],
        "17": [
          55,
          60
        ],
        "7": [
          60,
          62
        ],
        "20": [
          62,
          72
        ],
        "21": [
          62,
          63
        ],
        "22": [
          72,
          72
        ]
      },
      "activity_order": [
        1,
        3,
        5,
        2,
        9,
        4,
        12,
        10,
        14,
        18,
        16,
        6,
        8,
        13,
        11,
        19,
        15,
        17,
        7,
        20,
        21,
        22
      ]
    },
    "HRU1": {
      "makespan": 63,