{
  "instance": "inst_set1a_sf1_nc1.8_n20_m30_05",
  "results": {
    "HRPW*": {
      "makespan": 86,
      "execution_time": 0.0003066062927246094,
      "schedule": {
        "1": [
          0,
          0
        ],
        "4": [
          0,
          8
        ],
        "3": [
          8,
          16
        ],
        "5": [
          16,
          22
        ],
        "2": [
          22,
          23
        ],
        "6": [
          23,
          25
        ],
        "11": [
          25,
          30
        ],
        "7": [
          30,
          38
        ],
        "14": [
          38,
          48
        ],
        "8": [
          48,
          51
        ],
        "9": [
          51,
          55
        ],
        "12": [
          55,
          57
        ],
        "10": [
          57,
          59
        ],
        "17": [
          59,
          64
        ],
        "13": [
          64,
          65
        ],
        "15": [
          65,
          66
        ],
        "18": [
          66,
          67
        ],
        "16": [
          67,
          70
        ],
        "21": [
          70,
          77
        ],
        "20": [
          77,
          82
        ],
        "19": [
          82,
          86
        ],
        "22": [
          86,
          86
        ]
      },
      "activity_order": [
        1,
        4,
        3,
        5,
        2,
        6,
        11,
        7,
        14,
        8,
        9,
        12,
        10,
        17,
        13,
        15,
        18,
        16,
        21,
        20,
        19,
        22
      ]
    },
    "LST": {
      "makespan": 86,
      "execution_time": 0.00040793418884277344,
      "schedule": {
        "1": [
          0,
          0
        ],
        "4": [
          0,
          8
        ],
        "3": [
          8,
          16
        ],
        "5": [
          16,
          22
        ],
        "2": [
          22,
          23
        ],
        "6": [
          23,
          25
        ],
        "11": [
          25,
          30
        ],
        "7": [
          30,
          38
        ],
        "14": [
          38,
          48
        ],
        "8": [
          48,
          51
        ],
        "9": [
          51,
          55
        ],
        "12": [
          55,
          57
        ],
        "10": [
          57,
          59
        ],
        "17": [
          59,
          64
        ],
        "13": [
          64,
          65
        ],
        "15": [
          65,
          66
        ],
        "18": [
          66,
          67
        ],
        "16": [
          67,
          70
        ],
        "21": [
          70,
          77
        ],
        "20": [
          77,
          82
        ],
        "19": [
          82,
          86
        ],
        "22": [
          86,
          86
        ]
      },
      "activity_order": [
        1,
        4,
        3,
        5,
        2,
        6,
        11,
        7,
        14,
        8,
        9,
        12,
        10,
        17,
        13,
        15,
        18,
        16,
        21,
        20,
        19,
        22
      ]
    },
    "LFT": {
      "makespan": 86,
      "execution_time": 0.00038433074951171875,
      "schedule": {
        "1": [
          0,
          0
        ],
        "4": [
          0,
          8
        ],
        "2": [
          8,
          9
        ],
        "3": [
          9,
          17
        ],
        "6": [
          17,
          19
        ],
        "5": [
          19,
          25
        ],
        "11": [
          25,
          30
        ],
        "7": [
          30,
          38
        ],
        "8": [
          38,
          41
        ],
        "12": [
          41,
          43
        ],
        "9": [
          43,
          47
        ],
        "10": [
          47,
          49
        ],
        "13": [
          49,
          50
        ],
        "14": [
          50,
          60
        ],
        "15": [
          60,
          61
        ],
        "18": [
          61,
          62
        ],
        "17": [
          62,
          67
        ],
        "16": [
          67,
          70
        ],
        "19": [
          70,
          74
        ],
        "20": [
          74,
          79
        ],
        "21": [
          79,
          86
        ],
        "22": [
          86,
          86
        ]
      },
      "activity_order": [
        1,
        4,
        2,
        3,
        6,
        5,
        11,
        7,
        8,
        12,
        9,
        10,
        13,
        14,
        15,
        18,
        17,
        16,
        19,
        20,
        21,
        22
      ]
    },
    "MTS": {
      "makespan": 86,
      "execution_time": 0.0004172325134277344,
      "schedule": {
        "1": [
          0,
          0
        ],
        "3": [
          0,
          8
        ],
        "4": [
          8,
          16
        ],
        "2": [
          16,
          17
        ],
        "5": [
          17,
          23
        ],
        "6": [
          23,
          25
        ],
        "8": [
          25,
          28
        ],
        "7": [
          28,
          36
        ],
        "11": [
          36,
          41
        ],
        "10": [
          41,
          43
        ],
        "12": [
          43,
          45
        ],
        "9": [
          45,
          49
        ],
        "13": [
          49,
          50
        ],
        "14": [
          50,
          60
        ],
        "15": [
          60,
          61
        ],
        "17": [
          61,
          66
        ],
        "16": [
          66,
          69
        ],
        "18": [
          69,
          70
        ],
        "19": [
          70,
          74
        ],
        "20": [
          74,
          79
        ],
        "21": [
          79,
          86
        ],
        "22": [
          86,
          86
        ]
      },
      "activity_order": [
        1,
        3,
        4,
        2,
        5,
        6,
        8,
        7,
        11,
        10,
        12,
        9,
        13,
        14,
        15,
        17,
        16,
        18,
        19,
        20,
        21,
        22
      ]
    },
    "TIMROS": {
      "makespan": 86,
      "execution_time": 0.0009784698486328125,
      "schedule": {
        "1": [
          0,
          0
        ],
        "3": [
          0,
          8
        ],
        "4": [
          8,
          16
        ],
        "5": [
          16,
          22
        ],
        "8": [
          22,
          25
        ],
        "9": [
          25,
          29
        ],
        "10": [
          29,
          31
        ],
        "2": [
          31,
          32
        ],
        "7": [
          32,
          40
        ],
        "6": [
          40,
          42
        ],
        "11": [
          42,
          47
        ],
        "14": [
          47,
          57
        ],
        "12": [
          57,
          59
        ],
        "17": [
          59,
          64
        ],
        "20": [
          64,
          69
        ],
        "13": [
          69,
          70
        ],
        "15": [
          70,
          71
        ],
        "16": [
          71,
          74
        ],
        "19": [
          74,
          78
        ],
        "18": [
          78,
          79
        ],
        "21": [
          79,
          86
        ],
        "22": [
          86,
          86
        ]
      },
      "activity_order": [
        1,
        3,
        4,
        5,
        8,
        9,
        10,
        2,
        7,
        6,
        11,
        14,
        12,
        17,
        20,
        13,
        15,
        16,
        19,
        18,
        21,
        22
      ]
    },