{
  "instance": "inst_set1a_sf0.5_nc2.1_n20_m10_04",
  "results": {
    "HRPW*": {
      "makespan": 147,
      "execution_time": 4.363059997558594e-05,
      "schedule": {
        "1": [
          0,
          0
        ],
        "4": [
          0,
          10
        ],
        "3": [
          10,
          16
        ],
        "2": [
          16,
          21
        ],
        "5": [
          21,
          30
        ],
        "8": [
          30,
          38
        ],
        "10": [
          38,
          47
        ],
        "6": [
          47,
          56
        ],
        "9": [
          56,
          61
        ],
        "11": [
          61,
          68
        ],
        "15": [
          68,
          76
        ],
        "14": [
          76,
          81
        ],
        "13": [
          81,
          83
        ],
        "7": [
          83,
          93
        ],
        "16": [
          93,
          103
        ],
        "12": [
          103,
          113
        ],
        "17": [
          113,
          121
        ],
        "18": [
          121,
          124
        ],
        "20": [
          124,
          134
        ],
        "19": [
          134,
          143
        ],
        "21": [
          143,
          147
        ],
        "22": [
          147,
          147
        ]
      },
      "activity_order": [
        1,
        4,
        3,
        2,
        5,
        8,
        10,
        6,
        9,
        11,
        15,
        14,
        13,
        7,
        16,
        12,
        17,
        18,
        20,
        19,
        21,
        22
      ]
    },
    "LST": {
      "makespan": 147,
      "execution_time": 0.0001010894775390625,
      "schedule": {
        "1": [
          0,
          0
        ],
        "4": [
          0,
          10
        ],
        "3": [
          10,
          16
        ],
        "2": [
          16,
          21
        ],
        "5": [
          21,
          30
        ],
        "8": [
          30,
          38
        ],
        "10": [
          38,
          47
        ],
        "6": [
          47,
          56
        ],
        "9": [
          56,
          61
        ],
        "11": [
          61,
          68
        ],
        "15": [
          68,
          76
        ],
        "14": [
          76,
          81
        ],
        "13": [
          81,
          83
        ],
        "7": [
          83,
          93
        ],
        "16": [
          93,
          103
        ],
        "12": [
          103,
          113
        ],
        "17": [
          113,
          121
        ],
        "18": [
          121,
          124
        ],
        "20": [
          124,
          134
        ],
        "19": [
          134,
          143
        ],
        "21": [
          143,
          147
        ],
        "22": [
          147,
          147
        ]
      },
      "activity_order": [
        1,
        4,
        3,
        2,
        5,
        8,
        10,
        6,
        9,
        11,
        15,
        14,
        13,
        7,
        16,
        12,
        17,
        18,
        20,
        19,
        21,
        22
      ]
    },
    "LFT": {
      "makespan": 147,
      "execution_time": 7.390975952148438e-05,
      "schedule": {
        "1": [
          0,
          0
        ],
        "4": [
          0,
          10
        ],
        "2": [
          10,
          15
        ],
        "3": [
          15,
          21
        ],
        "5": [
          21,
          30
        ],
        "8": [
          30,
          38
        ],
        "10": [
          38,
          47
        ],
        "6": [
          47,
          56
        ],
        "9": [
          56,
          61
        ],
        "11": [
          61,
          68
        ],
        "13": [
          68,
          70
        ],
        "14": [
          70,
          75
        ],
        "15": [
          75,
          83
        ],
        "7": [
          83,
          93
        ],
        "16": [
          93,
          103
        ],
        "18": [
          103,
          106
        ],
        "12": [
          106,
          116
        ],
        "17": [
          116,
          124
        ],
        "19": [
          124,
          133
        ],
        "20": [
          133,
          143
        ],
        "21": [
          143,
          147
        ],
        "22": [
          147,
          147
        ]
      },
      "activity_order": [
        1,
        4,
        2,
        3,
        5,
        8,
        10,
        6,
        9,
        11,
        13,
        14,
        15,
        7,
        16,
        18,
        12,
        17,
        19,
        20,
        21,
        22
      ]
    },
    "MTS": {
      "makespan": 147,
      "execution_time": 6.103515625e-05,
      "schedule": {
        "1": [
          0,
          0
        ],
        "3": [
          0,
          6
        ],
        "4": [
          6,
          16
        ],
        "2": [
          16,
          21
        ],
        "5": [
          21,
          30
        ],
        "10": [
          30,
          39
        ],
        "8": [
          39,
          47
        ],
        "6": [
          47,
          56
        ],
        "11": [
          56,
          63
        ],
        "15": [
          63,
          71
        ],
        "9": [
          71,
          76
        ],
        "13": [
          76,
          78
        ],
        "14": [
          78,
          83
        ],
        "12": [
          83,
          93
        ],
        "16": [
          93,
          103
        ],
        "18": [
          103,
          106
        ],
        "7": [
          106,
          116
        ],
        "17": [
          116,
          124
        ],
        "19": [
          124,
          133
        ],
        "20": [
          133,
          143
        ],
        "21": [
          143,
          147
        ],
        "22": [
          147,
          147
        ]
      },
      "activity_order": [
        1,
        3,
        4,
        2,
        5,
        10,
        8,
        6,
        11,
        15,
        9,
        13,
        14,
        12,
        16,
        18,
        7,
        17,
        19,
        20,
        21,
        22
      ]
    },
    "TIMROS": {
      "makespan": 147,
      "execution_time": 5.173683166503906e-05,
      "schedule": {
        "1": [
          0,
          0
        ],
        "4": [
          0,
          10
        ],
        "5": [
          10,
          19
        ],
        "6": [
          19,
          28
        ],
        "3": [
          28,
          34
        ],
        "15": [
          34,
          42
        ],
        "8": [
          42,
          50
        ],
        "2": [
          50,
          55
        ],
        "7": [
          55,
          65
        ],
        "10": [
          65,
          74
        ],
        "11": [
          74,
          81
        ],
        "12": [
          81,
          91
        ],
        "13": [
          91,
          93
        ],
        "17": [
          93,
          101
        ],
        "9": [
          101,
          106
        ],
        "14": [
          106,
          111
        ],
        "19": [
          111,
          120
        ],
        "16": [
          120,
          130
        ],
        "18": [
          130,
          133
        ],
        "20": [
          133,
          143
        ],
        "21": [
          143,
          147
        ],
        "22": [
          147,
          147
        ]
      },