{
  "instance": "inst_set1a_sf0_nc2.1_n20_m10_01",
  "results": {
    "HRPW*": {
      "makespan": 87,
      "execution_time": 4.5299530029296875e-05,
      "schedule": {
        "1": [
          0,
          0
        ],
        "2": [
          0,
          8
        ],
        "3": [
          8,
          15
        ],
        "4": [
          15,
          20
        ],
        "9": [
          20,
          26
        ],
        "6": [
          26,
          27
        ],
        "7": [
          27,
          31
        ],
        "11": [
          31,
          35
        ],
        "5": [
          35,
          44
        ],
        "8": [
          44,
          48
        ],
        "13": [
          48,
          52
        ],
        "14": [
          52,
          56
        ],
        "17": [
          56,
          57
        ],
        "16": [
          57,
          64
        ],
        "18": [
          64,
          67
        ],
        "10": [
          67,
          68
        ],
        "20": [
          68,
          76
        ],
        "12": [
          76,
          78
        ],
        "15": [
          78,
          81
        ],
        "21": [
          81,
          85
        ],
        "19": [
          85,
          87
        ],
        "22": [
          87,
          87
        ]
      },
      "activity_order": [
        1,
        2,
        3,
        4,
        9,
        6,
        7,
        11,
        5,
        8,
        13,
        14,
        17,
        16,
        18,
        10,
        20,
        12,
        15,
        21,
        19,
        22
      ]
    },
    "LST": {
      "makespan": 87,
      "execution_time": 4.363059997558594e-05,
      "schedule": {
        "1": [
          0,
          0
        ],
        "2": [
          0,
          8
        ],
        "3": [
          8,
          15
        ],
        "4": [
          15,
          20
        ],
        "9": [
          20,
          26
        ],
        "6": [
          26,
          27
        ],
        "7": [
          27,
          31
        ],
        "11": [
          31,
          35
        ],
        "5": [
          35,
          44
        ],
        "8": [
          44,
          48
        ],
        "13": [
          48,
          52
        ],
        "14": [
          52,
          56
        ],
        "17": [
          56,
          57
        ],
        "16": [
          57,
          64
        ],
        "18": [
          64,
          67
        ],
        "10": [
          67,
          68
        ],
        "20": [
          68,
          76
        ],
        "12": [
          76,
          78
        ],
        "15": [
          78,
          81
        ],
        "21": [
          81,
          85
        ],
        "19": [
          85,
          87
        ],
        "22": [
          87,
          87
        ]
      },
      "activity_order": [
        1,
        2,
        3,
        4,
        9,
        6,
        7,
        11,
        5,
        8,
        13,
        14,
        17,
        16,
        18,
        10,
        20,
        12,
        15,
        21,
        19,
        22
      ]
    },
    "LFT": {
      "makespan": 87,
      "execution_time": 4.100799560546875e-05,
      "schedule": {
        "1": [
          0,
          0
        ],
        "2": [
          0,
          8
        ],
        "3": [
          8,
          15
        ],
        "6": [
          15,
          16
        ],
        "4": [
          16,
          21
        ],
        "7": [
          21,
          25
        ],
        "9": [
          25,
          31
        ],
        "11": [
          31,
          35
        ],
        "8": [
          35,
          39
        ],
        "13": [
          39,
          43
        ],
        "14": [
          43,
          47
        ],
        "17": [
          47,
          48
        ],
        "5": [
          48,
          57
        ],
        "10": [
          57,
          58
        ],
        "18": [
          58,
          61
        ],
        "12": [
          61,
          63
        ],
        "16": [
          63,
          70
        ],
        "15": [
          70,
          73
        ],
        "19": [
          73,
          75
        ],
        "20": [
          75,
          83
        ],
        "21": [
          83,
          87
        ],
        "22": [
          87,
          87
        ]
      },
      "activity_order": [
        1,
        2,
        3,
        6,
        4,
        7,
        9,
        11,
        8,
        13,
        14,
        17,
        5,
        10,
        18,
        12,
        16,
        15,
        19,
        20,
        21,
        22
      ]
    },
    "MTS": {
      "makespan": 87,
      "execution_time": 4.482269287109375e-05,
      "schedule": {
        "1": [
          0,
          0
        ],
        "2": [
          0,
          8
        ],
        "6": [
          8,
          9
        ],
        "3": [
          9,
          16
        ],
        "9": [
          16,
          22
        ],
        "11": [
          22,
          26
        ],
        "4": [
          26,
          31
        ],
        "7": [
          31,
          35
        ],
        "14": [
          35,
          39
        ],
        "5": [
          39,
          48
        ],
        "17": [
          48,
          49
        ],
        "8": [
          49,
          53
        ],
        "10": [
          53,
          54
        ],
        "13": [
          54,
          58
        ],
        "12": [
          58,
          60
        ],
        "18": [
          60,
          63
        ],
        "15": [
          63,
          66
        ],
        "16": [
          66,
          73
        ],
        "19": [
          73,
          75
        ],
        "20": [
          75,
          83
        ],
        "21": [
          83,
          87
        ],
        "22": [
          87,
          87
        ]
      },
      "activity_order": [
        1,
        2,
        6,
        3,
        9,
        11,
        4,
        7,
        14,
        5,
        17,
        8,
        10,
        13,
        12,
        18,
        15,
        16,
        19,
        20,
        21,
        22
      ]
    },
    "TIMROS": {
      "makespan": 87,
      "execution_time": 4.100799560546875e-05,
      "schedule": {
        "1": [
          0,
          0
        ],
        "4": [
          0,
          5
        ],
        "5": [
          5,
          14
        ],
        "2": [
          14,
          22
        ],
        "9": [
          22,
          28
        ],
        "3": [
          28,
          35
        ],
        "12": [
          35,
          37
        ],
        "6": [
          37,
          38
        ],
        "11": [
          38,
          42
        ],
        "7": [
          42,
          46
        ],
        "14": [
          46,
          50
        ],
        "8": [
          50,
          54
        ],
        "13": [
          54,
          58
        ],
        "16": [
          58,
          65
        ],
        "10": [
          65,
          66
        ],
        "15": [
          66,
          69
        ],
        "17": [
          69,
          70
        ],
        "18": [
          70,
          73
        ],
        "20": [
          73,
          81
        ],
        "19": [
          81,
          83
        ],
        "21": [
          83,
          87
        ],
        "22": [
          87,
          87
        ]
      },
      "activity_order": [
        1,
        4,
        5,
        2,
        9,
        3,
        12,
        6,
        11,
        7,
        14,
        8,
        13,
        16,
        10,
        15,
        17,
        18,
        20,
        19,
        21,
        22
      ]
    },
    "HRU1": {
      "makespan": 87,