{
  "instance": "inst_set1a_sf1_nc1.5_n20_m20_04",
  "results": {
    "HRPW*": {
      "makespan": 103,
      "execution_time": 4.4345855712890625e-05,
      "schedule": {
        "1": [
          0,
          0
        ],
        "4": [
          0,
          4
        ],
        "5": [
          4,
          5
        ],
        "6": [
          5,
          13
        ],
        "9": [
          13,
          21
        ],
        "2": [
          21,
          28
        ],
        "7": [
          28,
          36
        ],
        "10": [
          36,
          46
        ],
        "14": [
          46,
          54
        ],
        "3": [
          54,
          57
        ],
        "11": [
          57,
          64
        ],
        "17": [
          64,
          70
        ],
        "8": [
          70,
          78
        ],
        "13": [
          78,
          83
        ],
        "16": [
          83,
          87
        ],
        "12": [
          87,
          88
        ],
        "15": [
          88,
          91
        ],
        "19": [
          91,
          96
        ],
        "18": [
          96,
          98
        ],
        "21": [
          98,
          101
        ],
        "20": [
          101,
          103
        ],
        "22": [
          103,
          103
        ]
      },
      "activity_order": [
        1,
        4,
        5,
        6,
        9,
        2,
        7,
        10,
        14,
        3,
        11,
        17,
        8,
        13,
        16,
        12,
        15,
        19,
        18,
        21,
        20,
        22
      ]
    },
    "LST": {
      "makespan": 103,
      "execution_time": 3.8623809814453125e-05,
      "schedule": {
        "1": [
          0,
          0
        ],
        "4": [
          0,
          4
        ],
        "5": [
          4,
          5
        ],
        "6": [
          5,
          13
        ],
        "9": [
          13,
          21
        ],
        "2": [
          21,
          28
        ],
        "7": [
          28,
          36
        ],
        "10": [
          36,
          46
        ],
        "14": [
          46,
          54
        ],
        "3": [
          54,
          57
        ],
        "11": [
          57,
          64
        ],
        "17": [
          64,
          70
        ],
        "8": [
          70,
          78
        ],
        "13": [
          78,
          83
        ],
        "16": [
          83,
          87
        ],
        "12": [
          87,
          88
        ],
        "15": [
          88,
          91
        ],
        "19": [
          91,
          96
        ],
        "18": [
          96,
          98
        ],
        "21": [
          98,
          101
        ],
        "20": [
          101,
          103
        ],
        "22": [
          103,
          103
        ]
      },
      "activity_order": [
        1,
        4,
        5,
        6,
        9,
        2,
        7,
        10,
        14,
        3,
        11,
        17,
        8,
        13,
        16,
        12,
        15,
        19,
        18,
        21,
        20,
        22
      ]
    },
    "LFT": {
      "makespan": 103,
      "execution_time": 3.600120544433594e-05,
      "schedule": {
        "1": [
          0,
          0
        ],
        "4": [
          0,
          4
        ],
        "5": [
          4,
          5
        ],
        "6": [
          5,
          13
        ],
        "2": [
          13,
          20
        ],
        "9": [
          20,
          28
        ],
        "3": [
          28,
          31
        ],
        "7": [
          31,
          39
        ],
        "12": [
          39,
          40
        ],
        "14": [
          40,
          48
        ],
        "17": [
          48,
          54
        ],
        "11": [
          54,
          61
        ],
        "13": [
          61,
          66
        ],
        "16": [
          66,
          70
        ],
        "10": [
          70,
          80
        ],
        "15": [
          80,
          83
        ],
        "8": [
          83,
          91
        ],
        "18": [
          91,
          93
        ],
        "19": [
          93,
          98
        ],
        "20": [
          98,
          100
        ],
        "21": [
          100,
          103
        ],
        "22": [
          103,
          103
        ]
      },
      "activity_order": [
        1,
        4,
        5,
        6,
        2,
        9,
        3,
        7,
        12,
        14,
        17,
        11,
        13,
        16,
        10,
        15,
        8,
        18,
        19,
        20,
        21,
        22
      ]
    },
    "MTS": {
      "makespan": 103,
      "execution_time": 3.266334533691406e-05,
      "schedule": {
        "1": [
          0,
          0
        ],
        "4": [
          0,
          4
        ],
        "5": [
          4,
          5
        ],
        "6": [
          5,
          13
        ],
        "7": [
          13,
          21
        ],
        "2": [
          21,
          28
        ],
        "9": [
          28,
          36
        ],
        "3": [
          36,
          39
        ],
        "11": [
          39,
          46
        ],
        "13": [
          46,
          51
        ],
        "16": [
          51,
          55
        ],
        "8": [
          55,
          63
        ],
        "10": [
          63,
          73
        ],
        "12": [
          73,
          74
        ],
        "14": [
          74,
          82
        ],
        "15": [
          82,
          85
        ],
        "17": [
          85,
          91
        ],
        "18": [
          91,
          93
        ],
        "19": [
          93,
          98
        ],
        "20": [
          98,
          100
        ],
        "21": [
          100,
          103
        ],
        "22": [
          103,
          103
        ]
      },
      "activity_order": [
        1,
        4,
        5,
        6,
        7,
        2,
        9,
        3,
        11,
        13,
        16,
        8,
        10,
        12,
        14,
        15,
        17,
        18,
        19,
        20,
        21,
        22
      ]
    },
    "TIMROS": {
      "makespan": 103,
      "execution_time": 3.743171691894531e-05,
      "schedule": {
        "1": [
          0,
          0
        ],
        "2": [
          0,
          7
        ],
        "17": [
          7,
          13
        ],
        "4": [
          13,
          17
        ],
        "14": [
          17,
          25
        ],
        "3": [
          25,
          28
        ],
        "13": [
          28,
          33
        ],
        "15": [
          33,
          36
        ],
        "5": [
          36,
          37
        ],
        "6": [
          37,
          45
        ],
        "10": [
          45,
          55
        ],
        "7": [
          55,
          63
        ],
        "8": [
          63,
          71
        ],
        "9": [
          71,
          79
        ],
        "11": [
          79,
          86
        ],
        "16": [
          86,
          90
        ],
        "21": [
          90,
          93
        ],
        "18": [
          93,
          95
        ],
        "20": [
          95,
          97
        ],
        "12": [
          97,
          98
        ],
        "19": [
          98,
          103
        ],
        "22": [
          103,
          103
        ]
      },
      "activity_order": [
        1,
        2,
        17,
        4,
        14,
        3,
        13,
        15,
        5,
        6,
        10,
        7,
        8,
        9,
        11,
        16,
        21,
        18,
        20,
        12,
        19,
        22
      ]
    },