{
  "instance": "inst_set1a_sf0_nc1.5_n20_m25_01",
  "results": {
    "HRPW*": {
      "makespan": 92,
      "execution_time": 0.0003223419189453125,
      "schedule": {
        "1": [
          0,
          0
        ],
        "2": [
          0,
          9
        ],
        "3": [
          9,
          18
        ],
        "4": [
          18,
          23
        ],
        "9": [
          23,
          30
        ],
        "5": [
          30,
          34
        ],
        "10": [
          34,
          43
        ],
        "11": [
          43,
          44
        ],
        "12": [
          44,
          50
        ],
        "7": [
          9,
          19
        ],
        "13": [
          50,
          51
        ],
        "14": [
          51,
          61
        ],
        "15": [
          61,
          71
        ],
        "6": [
          71,
          74
        ],
        "8": [
          74,
          82
        ],
        "16": [
          74,
          76
        ],
        "17": [
          71,
          77
        ],
        "18": [
          76,
          79
        ],
        "20": [
          82,
          92
        ],
        "21": [
          77,
          85
        ],
        "19": [
          79,
          82
        ],
        "22": [
          92,
          92
        ]
      },
      "activity_order": [
        1,
        2,
        3,
        4,
        9,
        5,
        10,
        11,
        12,
        7,
        13,
        14,
        15,
        6,
        8,
        16,
        17,
        18,
        20,
        21,
        19,
        22
      ]
    },
    "LST": {
      "makespan": 92,
      "execution_time": 0.00031876564025878906,
      "schedule": {
        "1": [
          0,
          0
        ],
        "2": [
          0,
          9
        ],
        "3": [
          9,
          18
        ],
        "4": [
          18,
          23
        ],
        "9": [
          23,
          30
        ],
        "5": [
          30,
          34
        ],
        "10": [
          34,
          43
        ],
        "11": [
          43,
          44
        ],
        "12": [
          44,
          50
        ],
        "7": [
          9,
          19
        ],
        "13": [
          50,
          51
        ],
        "14": [
          51,
          61
        ],
        "15": [
          61,
          71
        ],
        "6": [
          71,
          74
        ],
        "8": [
          74,
          82
        ],
        "16": [
          74,
          76
        ],
        "17": [
          71,
          77
        ],
        "18": [
          76,
          79
        ],
        "20": [
          82,
          92
        ],
        "21": [
          77,
          85
        ],
        "19": [
          79,
          82
        ],
        "22": [
          92,
          92
        ]
      },
      "activity_order": [
        1,
        2,
        3,
        4,
        9,
        5,
        10,
        11,
        12,
        7,
        13,
        14,
        15,
        6,
        8,
        16,
        17,
        18,
        20,
        21,
        19,
        22
      ]
    },
    "LFT": {
      "makespan": 89,
      "execution_time": 0.0003154277801513672,
      "schedule": {
        "1": [
          0,
          0
        ],
        "2": [
          0,
          9
        ],
        "3": [
          9,
          18
        ],
        "4": [
          18,
          23
        ],
        "5": [
          23,
          27
        ],
        "9": [
          27,
          34
        ],
        "10": [
          34,
          43
        ],
        "11": [
          43,
          44
        ],
        "12": [
          44,
          50
        ],
        "13": [
          50,
          51
        ],
        "6": [
          51,
          54
        ],
        "7": [
          9,
          19
        ],
        "14": [
          54,
          64
        ],
        "15": [
          64,
          74
        ],
        "16": [
          74,
          76
        ],
        "8": [
          54,
          62
        ],
        "18": [
          76,
          79
        ],
        "17": [
          74,
          80
        ],
        "19": [
          79,
          82
        ],
        "20": [
          79,
          89
        ],
        "21": [
          80,
          88
        ],
        "22": [
          89,
          89
        ]
      },
      "activity_order": [
        1,
        2,
        3,
        4,
        5,
        9,
        10,
        11,
        12,
        13,
        6,
        7,
        14,
        15,
        16,
        8,
        18,
        17,
        19,
        20,
        21,
        22
      ]
    },
    "MTS": {
      "makespan": 90,
      "execution_time": 0.0003256797790527344,
      "schedule": {
        "1": [
          0,
          0
        ],
        "2": [
          0,
          9
        ],
        "3": [
          9,
          18
        ],
        "4": [
          18,
          23
        ],
        "5": [
          23,
          27
        ],
        "9": [
          27,
          34
        ],
        "10": [
          34,
          43
        ],
        "11": [
          43,
          44
        ],
        "7": [
          9,
          19
        ],
        "12": [
          44,
          50
        ],
        "13": [
          50,
          51
        ],
        "6": [
          51,
          54
        ],
        "14": [
          54,
          64
        ],
        "16": [
          64,
          66
        ],
        "15": [
          66,
          76
        ],
        "18": [
          76,
          79
        ],
        "8": [
          54,
          62
        ],
        "17": [
          76,
          82
        ],
        "19": [
          79,
          82
        ],
        "20": [
          79,
          89
        ],
        "21": [
          82,
          90
        ],
        "22": [
          90,
          90
        ]
      },
      "activity_order": [
        1,
        2,
        3,
        4,
        5,
        9,
        10,
        11,
        7,
        12,
        13,
        6,
        14,
        16,
        15,
        18,
        8,
        17,
        19,
        20,
        21,
        22
      ]
    },
    "TIMROS": {
      "makespan": 80,
      "execution_time": 0.00031685829162597656,
      "schedule": {
        "1": [
          0,
          0
        ],
        "3": [
          0,
          9
        ],
        "6": [
          9,
          12
        ],
        "2": [
          12,
          21
        ],
        "7": [
          21,
          31
        ],
        "8": [
          12,
          20
        ],
        "9": [
          21,
          28
        ],
        "4": [
          28,
          33
        ],
        "5": [
          33,
          37
        ],
        "15": [
          37,
          47
        ],
        "10": [
          37,
          46
        ],
        "11": [
          47,
          48
        ],
        "12": [
          48,
          54
        ],
        "13": [
          54,
          55
        ],
        "14": [
          55,
          65
        ],
        "17": [
          65,
          71
        ],
        "21": [
          71,
          79
        ],
        "16": [
          65,
          67
        ],
        "18": [
          67,
          70
        ],
        "20": [
          70,
          80
        ],
        "19": [
          70,
          73
        ],
        "22": [
          80,
          80
        ]
      },
      "activity_order": [
        1,
        3,
        6,
        2,
        7,
        8,
        9,
        4,
        5,
        15,
        10,
        11,
        12,
        13,
        14,
        17,
        21,
        16,
        18,
        20,
        19,
        22
      ]
    },
    "HRU1": {
      "makespan": 89,