{
  "instance": "inst_set1a_sf0.5_nc2.1_n20_m15_00",
  "results": {
    "HRPW*": {
      "makespan": 80,
      "execution_time": 0.0002694129943847656,
      "schedule": {
        "1": [
          0,
          0
        ],
        "3": [
          0,
          5
        ],
        "4": [
          0,
          5
        ],
        "5": [
          5,
          14
        ],
        "2": [
          14,
          20
        ],
        "10": [
          5,
          10
        ],
        "7": [
          20,
          29
        ],
        "6": [
          20,
          21
        ],
        "9": [
          21,
          31
        ],
        "11": [
          29,
          33
        ],
        "13": [
          33,
          37
        ],
        "14": [
          37,
          44
        ],
        "8": [
          37,
          41
        ],
        "12": [
          44,
          48
        ],
        "16": [
          48,
          51
        ],
        "17": [
          51,
          52
        ],
        "18": [
          52,
          62
        ],
        "15": [
          62,
          64
        ],
        "19": [
          64,
          73
        ],
        "20": [
          64,
          72
        ],
        "21": [
          72,
          80
        ],
        "22": [
          80,
          80
        ]
      },
      "activity_order": [
        1,
        3,
        4,
        5,
        2,
        10,
        7,
        6,
        9,
        11,
        13,
        14,
        8,
        12,
        16,
        17,
        18,
        15,
        19,
        20,
        21,
        22
      ]
    },
    "LST": {
      "makespan": 80,
      "execution_time": 0.00026106834411621094,
      "schedule": {
        "1": [
          0,
          0
        ],
        "3": [
          0,
          5
        ],
        "4": [
          0,
          5
        ],
        "5": [
          5,
          14
        ],
        "2": [
          14,
          20
        ],
        "10": [
          5,
          10
        ],
        "7": [
          20,
          29
        ],
        "6": [
          20,
          21
        ],
        "9": [
          21,
          31
        ],
        "11": [
          29,
          33
        ],
        "13": [
          33,
          37
        ],
        "14": [
          37,
          44
        ],
        "8": [
          37,
          41
        ],
        "12": [
          44,
          48
        ],
        "16": [
          48,
          51
        ],
        "17": [
          51,
          52
        ],
        "18": [
          52,
          62
        ],
        "15": [
          62,
          64
        ],
        "19": [
          64,
          73
        ],
        "20": [
          64,
          72
        ],
        "21": [
          72,
          80
        ],
        "22": [
          80,
          80
        ]
      },
      "activity_order": [
        1,
        3,
        4,
        5,
        2,
        10,
        7,
        6,
        9,
        11,
        13,
        14,
        8,
        12,
        16,
        17,
        18,
        15,
        19,
        20,
        21,
        22
      ]
    },
    "LFT": {
      "makespan": 78,
      "execution_time": 0.0003368854522705078,
      "schedule": {
        "1": [
          0,
          0
        ],
        "3": [
          0,
          5
        ],
        "4": [
          0,
          5
        ],
        "2": [
          5,
          11
        ],
        "5": [
          11,
          20
        ],
        "6": [
          20,
          21
        ],
        "10": [
          5,
          10
        ],
        "11": [
          21,
          25
        ],
        "13": [
          25,
          29
        ],
        "7": [
          29,
          38
        ],
        "8": [
          38,
          42
        ],
        "9": [
          21,
          31
        ],
        "14": [
          31,
          38
        ],
        "12": [
          42,
          46
        ],
        "16": [
          46,
          49
        ],
        "17": [
          49,
          50
        ],
        "15": [
          50,
          52
        ],
        "18": [
          52,
          62
        ],
        "19": [
          52,
          61
        ],
        "20": [
          62,
          70
        ],
        "21": [
          70,
          78
        ],
        "22": [
          78,
          78
        ]
      },
      "activity_order": [
        1,
        3,
        4,
        2,
        5,
        6,
        10,
        11,
        13,
        7,
        8,
        9,
        14,
        12,
        16,
        17,
        15,
        18,
        19,
        20,
        21,
        22
      ]
    },
    "MTS": {
      "makespan": 77,
      "execution_time": 0.0002727508544921875,
      "schedule": {
        "1": [
          0,
          0
        ],
        "3": [
          0,
          5
        ],
        "4": [
          0,
          5
        ],
        "2": [
          5,
          11
        ],
        "10": [
          5,
          10
        ],
        "6": [
          11,
          12
        ],
        "5": [
          12,
          21
        ],
        "9": [
          21,
          31
        ],
        "11": [
          12,
          16
        ],
        "7": [
          21,
          30
        ],
        "13": [
          30,
          34
        ],
        "8": [
          34,
          38
        ],
        "14": [
          34,
          41
        ],
        "12": [
          41,
          45
        ],
        "15": [
          45,
          47
        ],
        "16": [
          47,
          50
        ],
        "17": [
          50,
          51
        ],
        "18": [
          51,
          61
        ],
        "19": [
          50,
          59
        ],
        "20": [
          61,
          69
        ],
        "21": [
          69,
          77
        ],
        "22": [
          77,
          77
        ]
      },
      "activity_order": [
        1,
        3,
        4,
        2,
        10,
        6,
        5,
        9,
        11,
        7,
        13,
        8,
        14,
        12,
        15,
        16,
        17,
        18,
        19,
        20,
        21,
        22
      ]
    },
    "TIMROS": {
      "makespan": 100,
      "execution_time": 0.0002703666687011719,
      "schedule": {
        "1": [
          0,
          0
        ],
        "2": [
          0,
          6
        ],
        "3": [
          6,
          11
        ],
        "4": [
          0,
          5
        ],
        "9": [
          11,
          21
        ],
        "5": [
          21,
          30
        ],
        "7": [
          30,
          39
        ],
        "8": [
          39,
          43
        ],
        "10": [
          43,
          48
        ],
        "12": [
          48,
          52
        ],
        "6": [
          52,
          53
        ],
        "13": [
          53,
          57
        ],
        "11": [
          57,
          61
        ],
        "14": [
          61,
          68
        ],
        "16": [
          68,
          71
        ],
        "15": [
          71,
          73
        ],
        "19": [
          73,
          82
        ],
        "21": [
          73,
          81
        ],
        "17": [
          81,
          82
        ],
        "18": [
          82,
          92
        ],
        "20": [
          92,
          100
        ],
        "22": [
          100,
          100
        ]
      },
      "activity_order": [
        1,
        2,
        3,
        4,
        9,
        5,
        7,
        8,
        10,
        12,
        6,
        13,
        11,
        14,
        16,
        15,
        19,
        21,
        17,
        18,
        20,
        22
      ]
    },
    "HRU1": {
      "makespan": 85,