{
  "instance": "inst_set1a_sf1_nc1.5_n20_m30_00",
  "results": {
    "HRPW*": {
      "makespan": 106,
      "execution_time": 0.00037670135498046875,
      "schedule": {
        "1": [
          0,
          0
        ],
        "4": [
          0,
          4
        ],
        "5": [
          4,
          7
        ],
        "6": [
          7,
          10
        ],
        "7": [
          10,
          17
        ],
        "11": [
          17,
          26
        ],
        "2": [
          26,
          31
        ],
        "10": [
          31,
          32
        ],
        "13": [
          32,
          37
        ],
        "12": [
          37,
          41
        ],
        "3": [
          41,
          49
        ],
        "9": [
          49,
          53
        ],
        "15": [
          53,
          60
        ],
        "18": [
          60,
          70
        ],
        "14": [
          70,
          74
        ],
        "8": [
          74,
          77
        ],
        "16": [
          77,
          84
        ],
        "17": [
          84,
          91
        ],
        "20": [
          91,
          100
        ],
        "21": [
          100,
          105
        ],
        "19": [
          105,
          106
        ],
        "22": [
          106,
          106
        ]
      },
      "activity_order": [
        1,
        4,
        5,
        6,
        7,
        11,
        2,
        10,
        13,
        12,
        3,
        9,
        15,
        18,
        14,
        8,
        16,
        17,
        20,
        21,
        19,
        22
      ]
    },
    "LST": {
      "makespan": 106,
      "execution_time": 0.0004050731658935547,
      "schedule": {
        "1": [
          0,
          0
        ],
        "4": [
          0,
          4
        ],
        "5": [
          4,
          7
        ],
        "6": [
          7,
          10
        ],
        "7": [
          10,
          17
        ],
        "11": [
          17,
          26
        ],
        "2": [
          26,
          31
        ],
        "10": [
          31,
          32
        ],
        "13": [
          32,
          37
        ],
        "12": [
          37,
          41
        ],
        "3": [
          41,
          49
        ],
        "9": [
          49,
          53
        ],
        "15": [
          53,
          60
        ],
        "18": [
          60,
          70
        ],
        "14": [
          70,
          74
        ],
        "8": [
          74,
          77
        ],
        "16": [
          77,
          84
        ],
        "17": [
          84,
          91
        ],
        "20": [
          91,
          100
        ],
        "21": [
          100,
          105
        ],
        "19": [
          105,
          106
        ],
        "22": [
          106,
          106
        ]
      },
      "activity_order": [
        1,
        4,
        5,
        6,
        7,
        11,
        2,
        10,
        13,
        12,
        3,
        9,
        15,
        18,
        14,
        8,
        16,
        17,
        20,
        21,
        19,
        22
      ]
    },
    "LFT": {
      "makespan": 106,
      "execution_time": 0.0004360675811767578,
      "schedule": {
        "1": [
          0,
          0
        ],
        "4": [
          0,
          4
        ],
        "5": [
          4,
          7
        ],
        "6": [
          7,
          10
        ],
        "7": [
          10,
          17
        ],
        "2": [
          17,
          22
        ],
        "10": [
          22,
          23
        ],
        "11": [
          23,
          32
        ],
        "12": [
          32,
          36
        ],
        "13": [
          36,
          41
        ],
        "9": [
          41,
          45
        ],
        "3": [
          45,
          53
        ],
        "14": [
          53,
          57
        ],
        "15": [
          57,
          64
        ],
        "8": [
          64,
          67
        ],
        "18": [
          67,
          77
        ],
        "16": [
          77,
          84
        ],
        "17": [
          84,
          91
        ],
        "19": [
          91,
          92
        ],
        "20": [
          92,
          101
        ],
        "21": [
          101,
          106
        ],
        "22": [
          106,
          106
        ]
      },
      "activity_order": [
        1,
        4,
        5,
        6,
        7,
        2,
        10,
        11,
        12,
        13,
        9,
        3,
        14,
        15,
        8,
        18,
        16,
        17,
        19,
        20,
        21,
        22
      ]
    },
    "MTS": {
      "makespan": 106,
      "execution_time": 0.0005412101745605469,
      "schedule": {
        "1": [
          0,
          0
        ],
        "4": [
          0,
          4
        ],
        "5": [
          4,
          7
        ],
        "2": [
          7,
          12
        ],
        "6": [
          12,
          15
        ],
        "7": [
          15,
          22
        ],
        "10": [
          22,
          23
        ],
        "9": [
          23,
          27
        ],
        "11": [
          27,
          36
        ],
        "13": [
          36,
          41
        ],
        "12": [
          41,
          45
        ],
        "14": [
          45,
          49
        ],
        "3": [
          49,
          57
        ],
        "15": [
          57,
          64
        ],
        "8": [
          64,
          67
        ],
        "16": [
          67,
          74
        ],
        "17": [
          74,
          81
        ],
        "18": [
          81,
          91
        ],
        "19": [
          91,
          92
        ],
        "20": [
          92,
          101
        ],
        "21": [
          101,
          106
        ],
        "22": [
          106,
          106
        ]
      },
      "activity_order": [
        1,
        4,
        5,
        2,
        6,
        7,
        10,
        9,
        11,
        13,
        12,
        14,
        3,
        15,
        8,
        16,
        17,
        18,
        19,
        20,
        21,
        22
      ]
    },
    "TIMROS": {
      "makespan": 106,
      "execution_time": 0.00044226646423339844,
      "schedule": {
        "1": [
          0,
          0
        ],
        "3": [
          0,
          8
        ],
        "2": [
          8,
          13
        ],
        "13": [
          13,
          18
        ],
        "4": [
          18,
          22
        ],
        "9": [
          22,
          26
        ],
        "14": [
          26,
          30
        ],
        "17": [
          30,
          37
        ],
        "5": [
          37,
          40
        ],
        "6": [
          40,
          43
        ],
        "7": [
          43,
          50
        ],
        "11": [
          50,
          59
        ],
        "8": [
          59,
          62
        ],
        "10": [
          62,
          63
        ],
        "18": [
          63,
          73
        ],
        "20": [
          73,
          82
        ],
        "12": [
          82,
          86
        ],
        "15": [
          86,
          93
        ],
        "16": [
          93,
          100
        ],
        "21": [
          100,
          105
        ],
        "19": [
          105,
          106
        ],
        "22": [
          106,
          106
        ]
      },
      "activity_order": [
        1,
        3,
        2,
        13,
        4,
        9,
        14,
        17,
        5,
        6,
        7,
        11,
        8,
        10,
        18,
        20,
        12,
        15,
        16,
        21,
        19,
        22
      ]
    },