{
  "instance": "inst_set1a_sf0_nc1.5_n20_m10_00",
  "results": {
    "HRPW*": {
      "makespan": 102,
      "execution_time": 3.4809112548828125e-05,
      "schedule": {
        "1": [
          0,
          0
        ],
        "4": [
          0,
          4
        ],
        "8": [
          4,
          5
        ],
        "9": [
          5,
          15
        ],
        "11": [
          15,
          25
        ],
        "7": [
          25,
          32
        ],
        "2": [
          32,
          37
        ],
        "3": [
          37,
          38
        ],
        "16": [
          38,
          48
        ],
        "5": [
          48,
          51
        ],
        "6": [
          51,
          55
        ],
        "10": [
          55,
          57
        ],
        "12": [
          57,
          62
        ],
        "17": [
          62,
          65
        ],
        "15": [
          65,
          70
        ],
        "18": [
          70,
          76
        ],
        "14": [
          76,
          81
        ],
        "21": [
          81,
          90
        ],
        "20": [
          90,
          97
        ],
        "13": [
          97,
          98
        ],
        "19": [
          98,
          102
        ],
        "22": [
          102,
          102
        ]
      },
      "activity_order": [
        1,
        4,
        8,
        9,
        11,
        7,
        2,
        3,
        16,
        5,
        6,
        10,
        12,
        17,
        15,
        18,
        14,
        21,
        20,
        13,
        19,
        22
      ]
    },
    "LST": {
      "makespan": 102,
      "execution_time": 3.1948089599609375e-05,
      "schedule": {
        "1": [
          0,
          0
        ],
        "4": [
          0,
          4
        ],
        "8": [
          4,
          5
        ],
        "9": [
          5,
          15
        ],
        "11": [
          15,
          25
        ],
        "7": [
          25,
          32
        ],
        "2": [
          32,
          37
        ],
        "3": [
          37,
          38
        ],
        "16": [
          38,
          48
        ],
        "5": [
          48,
          51
        ],
        "6": [
          51,
          55
        ],
        "10": [
          55,
          57
        ],
        "12": [
          57,
          62
        ],
        "17": [
          62,
          65
        ],
        "15": [
          65,
          70
        ],
        "18": [
          70,
          76
        ],
        "14": [
          76,
          81
        ],
        "21": [
          81,
          90
        ],
        "20": [
          90,
          97
        ],
        "13": [
          97,
          98
        ],
        "19": [
          98,
          102
        ],
        "22": [
          102,
          102
        ]
      },
      "activity_order": [
        1,
        4,
        8,
        9,
        11,
        7,
        2,
        3,
        16,
        5,
        6,
        10,
        12,
        17,
        15,
        18,
        14,
        21,
        20,
        13,
        19,
        22
      ]
    },
    "LFT": {
      "makespan": 102,
      "execution_time": 3.24249267578125e-05,
      "schedule": {
        "1": [
          0,
          0
        ],
        "4": [
          0,
          4
        ],
        "8": [
          4,
          5
        ],
        "9": [
          5,
          15
        ],
        "11": [
          15,
          25
        ],
        "2": [
          25,
          30
        ],
        "3": [
          30,
          31
        ],
        "7": [
          31,
          38
        ],
        "10": [
          38,
          40
        ],
        "5": [
          40,
          43
        ],
        "6": [
          43,
          47
        ],
        "17": [
          47,
          50
        ],
        "12": [
          50,
          55
        ],
        "15": [
          55,
          60
        ],
        "16": [
          60,
          70
        ],
        "13": [
          70,
          71
        ],
        "14": [
          71,
          76
        ],
        "18": [
          76,
          82
        ],
        "19": [
          82,
          86
        ],
        "20": [
          86,
          93
        ],
        "21": [
          93,
          102
        ],
        "22": [
          102,
          102
        ]
      },
      "activity_order": [
        1,
        4,
        8,
        9,
        11,
        2,
        3,
        7,
        10,
        5,
        6,
        17,
        12,
        15,
        16,
        13,
        14,
        18,
        19,
        20,
        21,
        22
      ]
    },
    "MTS": {
      "makespan": 102,
      "execution_time": 3.0994415283203125e-05,
      "schedule": {
        "1": [
          0,
          0
        ],
        "4": [
          0,
          4
        ],
        "8": [
          4,
          5
        ],
        "3": [
          5,
          6
        ],
        "2": [
          6,
          11
        ],
        "7": [
          11,
          18
        ],
        "11": [
          18,
          28
        ],
        "6": [
          28,
          32
        ],
        "10": [
          32,
          34
        ],
        "5": [
          34,
          37
        ],
        "12": [
          37,
          42
        ],
        "9": [
          42,
          52
        ],
        "17": [
          52,
          55
        ],
        "13": [
          55,
          56
        ],
        "14": [
          56,
          61
        ],
        "15": [
          61,
          66
        ],
        "16": [
          66,
          76
        ],
        "18": [
          76,
          82
        ],
        "19": [
          82,
          86
        ],
        "20": [
          86,
          93
        ],
        "21": [
          93,
          102
        ],
        "22": [
          102,
          102
        ]
      },
      "activity_order": [
        1,
        4,
        8,
        3,
        2,
        7,
        11,
        6,
        10,
        5,
        12,
        9,
        17,
        13,
        14,
        15,
        16,
        18,
        19,
        20,
        21,
        22
      ]
    },
    "TIMROS": {
      "makespan": 102,
      "execution_time": 3.147125244140625e-05,
      "schedule": {
        "1": [
          0,
          0
        ],
        "2": [
          0,
          5
        ],
        "5": [
          5,
          8
        ],
        "4": [
          8,
          12
        ],
        "7": [
          12,
          19
        ],
        "8": [
          19,
          20
        ],
        "9": [
          20,
          30
        ],
        "11": [
          30,
          40
        ],
        "16": [
          40,
          50
        ],
        "17": [
          50,
          53
        ],
        "21": [
          53,
          62
        ],
        "3": [
          62,
          63
        ],
        "6": [
          63,
          67
        ],
        "15": [
          67,
          72
        ],
        "18": [
          72,
          78
        ],
        "13": [
          78,
          79
        ],
        "10": [
          79,
          81
        ],
        "12": [
          81,
          86
        ],
        "20": [
          86,
          93
        ],
        "14": [
          93,
          98
        ],
        "19": [
          98,
          102
        ],
        "22": [
          102,
          102
        ]
      },
      "activity_order": [
        1,
        2,
        5,
        4,
        7,
        8,
        9,
        11,
        16,
        17,
        21,
        3,
        6,
        15,
        18,
        13,
        10,
        12,
        20,
        14,
        19,
        22
      ]
    },