{
  "instance": "inst_set1a_sf0_nc1.5_n20_m20_00",
  "results": {
    "HRPW*": {
      "makespan": 105,
      "execution_time": 4.7206878662109375e-05,
      "schedule": {
        "1": [
          0,
          0
        ],
        "4": [
          0,
          9
        ],
        "5": [
          9,
          16
        ],
        "7": [
          16,
          17
        ],
        "8": [
          17,
          26
        ],
        "6": [
          26,
          36
        ],
        "3": [
          36,
          46
        ],
        "2": [
          46,
          53
        ],
        "13": [
          53,
          62
        ],
        "10": [
          62,
          66
        ],
        "16": [
          66,
          70
        ],
        "9": [
          70,
          71
        ],
        "17": [
          71,
          74
        ],
        "11": [
          74,
          78
        ],
        "12": [
          78,
          79
        ],
        "18": [
          79,
          80
        ],
        "19": [
          80,
          89
        ],
        "14": [
          89,
          91
        ],
        "15": [
          91,
          92
        ],
        "21": [
          92,
          99
        ],
        "20": [
          99,
          105
        ],
        "22": [
          105,
          105
        ]
      },
      "activity_order": [
        1,
        4,
        5,
        7,
        8,
        6,
        3,
        2,
        13,
        10,
        16,
        9,
        17,
        11,
        12,
        18,
        19,
        14,
        15,
        21,
        20,
        22
      ]
    },
    "LST": {
      "makespan": 105,
      "execution_time": 4.839897155761719e-05,
      "schedule": {
        "1": [
          0,
          0
        ],
        "4": [
          0,
          9
        ],
        "5": [
          9,
          16
        ],
        "7": [
          16,
          17
        ],
        "8": [
          17,
          26
        ],
        "6": [
          26,
          36
        ],
        "3": [
          36,
          46
        ],
        "2": [
          46,
          53
        ],
        "13": [
          53,
          62
        ],
        "10": [
          62,
          66
        ],
        "16": [
          66,
          70
        ],
        "9": [
          70,
          71
        ],
        "17": [
          71,
          74
        ],
        "11": [
          74,
          78
        ],
        "12": [
          78,
          79
        ],
        "18": [
          79,
          80
        ],
        "19": [
          80,
          89
        ],
        "14": [
          89,
          91
        ],
        "15": [
          91,
          92
        ],
        "21": [
          92,
          99
        ],
        "20": [
          99,
          105
        ],
        "22": [
          105,
          105
        ]
      },
      "activity_order": [
        1,
        4,
        5,
        7,
        8,
        6,
        3,
        2,
        13,
        10,
        16,
        9,
        17,
        11,
        12,
        18,
        19,
        14,
        15,
        21,
        20,
        22
      ]
    },
    "LFT": {
      "makespan": 105,
      "execution_time": 4.649162292480469e-05,
      "schedule": {
        "1": [
          0,
          0
        ],
        "4": [
          0,
          9
        ],
        "5": [
          9,
          16
        ],
        "7": [
          16,
          17
        ],
        "8": [
          17,
          26
        ],
        "2": [
          26,
          33
        ],
        "6": [
          33,
          43
        ],
        "3": [
          43,
          53
        ],
        "9": [
          53,
          54
        ],
        "10": [
          54,
          58
        ],
        "16": [
          58,
          62
        ],
        "17": [
          62,
          65
        ],
        "12": [
          65,
          66
        ],
        "18": [
          66,
          67
        ],
        "11": [
          67,
          71
        ],
        "13": [
          71,
          80
        ],
        "14": [
          80,
          82
        ],
        "15": [
          82,
          83
        ],
        "19": [
          83,
          92
        ],
        "20": [
          92,
          98
        ],
        "21": [
          98,
          105
        ],
        "22": [
          105,
          105
        ]
      },
      "activity_order": [
        1,
        4,
        5,
        7,
        8,
        2,
        6,
        3,
        9,
        10,
        16,
        17,
        12,
        18,
        11,
        13,
        14,
        15,
        19,
        20,
        21,
        22
      ]
    },
    "MTS": {
      "makespan": 105,
      "execution_time": 5.269050598144531e-05,
      "schedule": {
        "1": [
          0,
          0
        ],
        "4": [
          0,
          9
        ],
        "5": [
          9,
          16
        ],
        "7": [
          16,
          17
        ],
        "2": [
          17,
          24
        ],
        "3": [
          24,
          34
        ],
        "8": [
          34,
          43
        ],
        "6": [
          43,
          53
        ],
        "9": [
          53,
          54
        ],
        "13": [
          54,
          63
        ],
        "17": [
          63,
          66
        ],
        "10": [
          66,
          70
        ],
        "11": [
          70,
          74
        ],
        "16": [
          74,
          78
        ],
        "12": [
          78,
          79
        ],
        "14": [
          79,
          81
        ],
        "15": [
          81,
          82
        ],
        "18": [
          82,
          83
        ],
        "19": [
          83,
          92
        ],
        "20": [
          92,
          98
        ],
        "21": [
          98,
          105
        ],
        "22": [
          105,
          105
        ]
      },
      "activity_order": [
        1,
        4,
        5,
        7,
        2,
        3,
        8,
        6,
        9,
        13,
        17,
        10,
        11,
        16,
        12,
        14,
        15,
        18,
        19,
        20,
        21,
        22
      ]
    },
    "TIMROS": {
      "makespan": 105,
      "execution_time": 4.1961669921875e-05,
      "schedule": {
        "1": [
          0,
          0
        ],
        "4": [
          0,
          9
        ],
        "2": [
          9,
          16
        ],
        "5": [
          16,
          23
        ],
        "3": [
          23,
          33
        ],
        "6": [
          33,
          43
        ],
        "10": [
          43,
          47
        ],
        "7": [
          47,
          48
        ],
        "8": [
          48,
          57
        ],
        "13": [
          57,
          66
        ],
        "17": [
          66,
          69
        ],
        "12": [
          69,
          70
        ],
        "15": [
          70,
          71
        ],
        "16": [
          71,
          75
        ],
        "18": [
          75,
          76
        ],
        "19": [
          76,
          85
        ],
        "21": [
          85,
          92
        ],
        "9": [
          92,
          93
        ],
        "11": [
          93,
          97
        ],
        "14": [
          97,
          99
        ],
        "20": [
          99,
          105
        ],
        "22": [
          105,
          105
        ]
      },
      "activity_order": [
        1,
        4,
        2,
        5,
        3,
        6,
        10,
        7,
        8,
        13,
        17,
        12,
        15,
        16,
        18,
        19,
        21,
        9,
        11,
        14,
        20,
        22
      ]
    },