{
  "instance": "inst_set1a_sf0_nc2.1_n20_m20_04",
  "results": {
    "HRPW*": {
      "makespan": 59,
      "execution_time": 0.000286102294921875,
      "schedule": {
        "1": [
          0,
          0
        ],
        "3": [
          0,
          9
        ],
        "6": [
          9,
          18
        ],
        "4": [
          18,
          19
        ],
        "5": [
          9,
          11
        ],
        "7": [
          19,
          20
        ],
        "9": [
          20,
          25
        ],
        "2": [
          25,
          27
        ],
        "8": [
          20,
          25
        ],
        "12": [
          25,
          35
        ],
        "15": [
          27,
          36
        ],
        "11": [
          36,
          38
        ],
        "13": [
          38,
          43
        ],
        "10": [
          27,
          34
        ],
        "18": [
          43,
          50
        ],
        "16": [
          38,
          44
        ],
        "14": [
          34,
          38
        ],
        "17": [
          38,
          40
        ],
        "21": [
          50,
          59
        ],
        "20": [
          50,
          58
        ],
        "19": [
          43,
          46
        ],
        "22": [
          59,
          59
        ]
      },
      "activity_order": [
        1,
        3,
        6,
        4,
        5,
        7,
        9,
        2,
        8,
        12,
        15,
        11,
        13,
        10,
        18,
        16,
        14,
        17,
        21,
        20,
        19,
        22
      ]
    },
    "LST": {
      "makespan": 59,
      "execution_time": 0.00025177001953125,
      "schedule": {
        "1": [
          0,
          0
        ],
        "3": [
          0,
          9
        ],
        "6": [
          9,
          18
        ],
        "4": [
          18,
          19
        ],
        "5": [
          9,
          11
        ],
        "7": [
          19,
          20
        ],
        "9": [
          20,
          25
        ],
        "2": [
          25,
          27
        ],
        "8": [
          20,
          25
        ],
        "12": [
          25,
          35
        ],
        "15": [
          27,
          36
        ],
        "11": [
          36,
          38
        ],
        "13": [
          38,
          43
        ],
        "10": [
          27,
          34
        ],
        "18": [
          43,
          50
        ],
        "16": [
          38,
          44
        ],
        "14": [
          34,
          38
        ],
        "17": [
          38,
          40
        ],
        "21": [
          50,
          59
        ],
        "20": [
          50,
          58
        ],
        "19": [
          43,
          46
        ],
        "22": [
          59,
          59
        ]
      },
      "activity_order": [
        1,
        3,
        6,
        4,
        5,
        7,
        9,
        2,
        8,
        12,
        15,
        11,
        13,
        10,
        18,
        16,
        14,
        17,
        21,
        20,
        19,
        22
      ]
    },
    "LFT": {
      "makespan": 54,
      "execution_time": 0.0002720355987548828,
      "schedule": {
        "1": [
          0,
          0
        ],
        "3": [
          0,
          9
        ],
        "4": [
          9,
          10
        ],
        "5": [
          9,
          11
        ],
        "7": [
          10,
          11
        ],
        "6": [
          10,
          19
        ],
        "2": [
          19,
          21
        ],
        "9": [
          21,
          26
        ],
        "8": [
          19,
          24
        ],
        "11": [
          11,
          13
        ],
        "13": [
          24,
          29
        ],
        "15": [
          29,
          38
        ],
        "12": [
          26,
          36
        ],
        "10": [
          26,
          33
        ],
        "14": [
          33,
          37
        ],
        "16": [
          36,
          42
        ],
        "18": [
          38,
          45
        ],
        "17": [
          38,
          40
        ],
        "19": [
          38,
          41
        ],
        "20": [
          45,
          53
        ],
        "21": [
          45,
          54
        ],
        "22": [
          54,
          54
        ]
      },
      "activity_order": [
        1,
        3,
        4,
        5,
        7,
        6,
        2,
        9,
        8,
        11,
        13,
        15,
        12,
        10,
        14,
        16,
        18,
        17,
        19,
        20,
        21,
        22
      ]
    },
    "MTS": {
      "makespan": 52,
      "execution_time": 0.0002532005310058594,
      "schedule": {
        "1": [
          0,
          0
        ],
        "3": [
          0,
          9
        ],
        "4": [
          9,
          10
        ],
        "5": [
          9,
          11
        ],
        "7": [
          10,
          11
        ],
        "2": [
          10,
          12
        ],
        "6": [
          12,
          21
        ],
        "9": [
          21,
          26
        ],
        "8": [
          21,
          26
        ],
        "11": [
          11,
          13
        ],
        "15": [
          13,
          22
        ],
        "10": [
          26,
          33
        ],
        "13": [
          26,
          31
        ],
        "12": [
          26,
          36
        ],
        "14": [
          33,
          37
        ],
        "16": [
          36,
          42
        ],
        "17": [
          37,
          39
        ],
        "18": [
          36,
          43
        ],
        "19": [
          31,
          34
        ],
        "20": [
          43,
          51
        ],
        "21": [
          43,
          52
        ],
        "22": [
          52,
          52
        ]
      },
      "activity_order": [
        1,
        3,
        4,
        5,
        7,
        2,
        6,
        9,
        8,
        11,
        15,
        10,
        13,
        12,
        14,
        16,
        17,
        18,
        19,
        20,
        21,
        22
      ]
    },
    "TIMROS": {
      "makespan": 70,
      "execution_time": 0.00024580955505371094,
      "schedule": {
        "1": [
          0,
          0
        ],
        "3": [
          0,
          9
        ],
        "6": [
          9,
          18
        ],
        "2": [
          18,
          20
        ],
        "10": [
          20,
          27
        ],
        "5": [
          9,
          11
        ],
        "15": [
          20,
          29
        ],
        "4": [
          27,
          28
        ],
        "19": [
          29,
          32
        ],
        "17": [
          29,
          31
        ],
        "7": [
          28,
          29
        ],
        "9": [
          31,
          36
        ],
        "14": [
          36,
          40
        ],
        "12": [
          36,
          46
        ],
        "11": [
          32,
          34
        ],
        "8": [
          29,
          34
        ],
        "13": [
          34,
          39
        ],
        "20": [
          46,
          54
        ],
        "18": [
          54,
          61
        ],
        "16": [
          46,
          52
        ],
        "21": [
          61,
          70
        ],
        "22": [
          70,
          70
        ]
      },
      "activity_order": [
        1,
        3,
        6,
        2,
        10,
        5,
        15,
        4,
        19,
        17,
        7,
        9,
        14,
        12,
        11,
        8,
        13,
        20,
        18,
        16,
        21,
        22
      ]
    },
    "HRU1": {
      "makespan": 73,