{
  "instance": "inst_set1a_sf0_nc2.1_n20_m10_03",
  "results": {
    "HRPW*": {
      "makespan": 69,
      "execution_time": 0.0001842975616455078,
      "schedule": {
        "1": [
          0,
          0
        ],
        "4": [
          0,
          8
        ],
        "2": [
          0,
          5
        ],
        "3": [
          0,
          4
        ],
        "9": [
          8,
          14
        ],
        "11": [
          14,
          22
        ],
        "5": [
          8,
          10
        ],
        "6": [
          10,
          11
        ],
        "14": [
          22,
          28
        ],
        "13": [
          28,
          33
        ],
        "15": [
          33,
          37
        ],
        "7": [
          37,
          39
        ],
        "8": [
          39,
          42
        ],
        "17": [
          37,
          47
        ],
        "18": [
          42,
          52
        ],
        "10": [
          52,
          59
        ],
        "12": [
          59,
          63
        ],
        "16": [
          63,
          66
        ],
        "19": [
          63,
          65
        ],
        "20": [
          66,
          68
        ],
        "21": [
          68,
          69
        ],
        "22": [
          69,
          69
        ]
      },
      "activity_order": [
        1,
        4,
        2,
        3,
        9,
        11,
        5,
        6,
        14,
        13,
        15,
        7,
        8,
        17,
        18,
        10,
        12,
        16,
        19,
        20,
        21,
        22
      ]
    },
    "LST": {
      "makespan": 69,
      "execution_time": 0.0001876354217529297,
      "schedule": {
        "1": [
          0,
          0
        ],
        "4": [
          0,
          8
        ],
        "2": [
          0,
          5
        ],
        "3": [
          0,
          4
        ],
        "9": [
          8,
          14
        ],
        "11": [
          14,
          22
        ],
        "5": [
          8,
          10
        ],
        "6": [
          10,
          11
        ],
        "14": [
          22,
          28
        ],
        "13": [
          28,
          33
        ],
        "15": [
          33,
          37
        ],
        "7": [
          37,
          39
        ],
        "8": [
          39,
          42
        ],
        "17": [
          37,
          47
        ],
        "18": [
          42,
          52
        ],
        "10": [
          52,
          59
        ],
        "12": [
          59,
          63
        ],
        "16": [
          63,
          66
        ],
        "19": [
          63,
          65
        ],
        "20": [
          66,
          68
        ],
        "21": [
          68,
          69
        ],
        "22": [
          69,
          69
        ]
      },
      "activity_order": [
        1,
        4,
        2,
        3,
        9,
        11,
        5,
        6,
        14,
        13,
        15,
        7,
        8,
        17,
        18,
        10,
        12,
        16,
        19,
        20,
        21,
        22
      ]
    },
    "LFT": {
      "makespan": 68,
      "execution_time": 0.0001888275146484375,
      "schedule": {
        "1": [
          0,
          0
        ],
        "2": [
          0,
          5
        ],
        "3": [
          0,
          4
        ],
        "4": [
          0,
          8
        ],
        "5": [
          8,
          10
        ],
        "9": [
          8,
          14
        ],
        "6": [
          10,
          11
        ],
        "11": [
          14,
          22
        ],
        "7": [
          22,
          24
        ],
        "13": [
          24,
          29
        ],
        "14": [
          29,
          35
        ],
        "15": [
          35,
          39
        ],
        "8": [
          39,
          42
        ],
        "12": [
          42,
          46
        ],
        "10": [
          46,
          53
        ],
        "16": [
          46,
          49
        ],
        "17": [
          39,
          49
        ],
        "18": [
          53,
          63
        ],
        "19": [
          63,
          65
        ],
        "20": [
          65,
          67
        ],
        "21": [
          67,
          68
        ],
        "22": [
          68,
          68
        ]
      },
      "activity_order": [
        1,
        2,
        3,
        4,
        5,
        9,
        6,
        11,
        7,
        13,
        14,
        15,
        8,
        12,
        10,
        16,
        17,
        18,
        19,
        20,
        21,
        22
      ]
    },
    "MTS": {
      "makespan": 68,
      "execution_time": 0.00017571449279785156,
      "schedule": {
        "1": [
          0,
          0
        ],
        "2": [
          0,
          5
        ],
        "4": [
          0,
          8
        ],
        "5": [
          8,
          10
        ],
        "3": [
          10,
          14
        ],
        "6": [
          10,
          11
        ],
        "9": [
          8,
          14
        ],
        "8": [
          14,
          17
        ],
        "11": [
          17,
          25
        ],
        "15": [
          25,
          29
        ],
        "7": [
          29,
          31
        ],
        "13": [
          31,
          36
        ],
        "14": [
          36,
          42
        ],
        "12": [
          42,
          46
        ],
        "10": [
          46,
          53
        ],
        "16": [
          46,
          49
        ],
        "17": [
          42,
          52
        ],
        "18": [
          53,
          63
        ],
        "19": [
          63,
          65
        ],
        "20": [
          65,
          67
        ],
        "21": [
          67,
          68
        ],
        "22": [
          68,
          68
        ]
      },
      "activity_order": [
        1,
        2,
        4,
        5,
        3,
        6,
        9,
        8,
        11,
        15,
        7,
        13,
        14,
        12,
        10,
        16,
        17,
        18,
        19,
        20,
        21,
        22
      ]
    },
    "TIMROS": {
      "makespan": 69,
      "execution_time": 0.00018143653869628906,
      "schedule": {
        "1": [
          0,
          0
        ],
        "4": [
          0,
          8
        ],
        "3": [
          0,
          4
        ],
        "11": [
          8,
          16
        ],
        "15": [
          16,
          20
        ],
        "2": [
          0,
          5
        ],
        "9": [
          20,
          26
        ],
        "5": [
          8,
          10
        ],
        "14": [
          26,
          32
        ],
        "7": [
          32,
          34
        ],
        "6": [
          10,
          11
        ],
        "18": [
          34,
          44
        ],
        "13": [
          44,
          49
        ],
        "17": [
          49,
          59
        ],
        "8": [
          49,
          52
        ],
        "10": [
          52,
          59
        ],
        "12": [
          59,
          63
        ],
        "19": [
          63,
          65
        ],
        "16": [
          63,
          66
        ],
        "20": [
          66,
          68
        ],
        "21": [
          68,
          69
        ],
        "22": [
          69,
          69
        ]
      },
      "activity_order": [
        1,
        4,
        3,
        11,
        15,
        2,
        9,
        5,
        14,
        7,
        6,
        18,
        13,
        17,
        8,
        10,
        12,
        19,
        16,
        20,
        21,
        22
      ]
    },
    "HRU1": {
      "makespan": 80,