{
  "instance": "inst_set1a_sf1_nc2.1_n20_m20_03",
  "results": {
    "HRPW*": {
      "makespan": 88,
      "execution_time": 0.00027632713317871094,
      "schedule": {
        "1": [
          0,
          0
        ],
        "2": [
          0,
          1
        ],
        "7": [
          1,
          9
        ],
        "8": [
          9,
          14
        ],
        "4": [
          14,
          16
        ],
        "5": [
          16,
          24
        ],
        "3": [
          24,
          25
        ],
        "9": [
          25,
          33
        ],
        "6": [
          33,
          36
        ],
        "12": [
          36,
          37
        ],
        "14": [
          37,
          40
        ],
        "11": [
          40,
          49
        ],
        "13": [
          49,
          51
        ],
        "10": [
          51,
          61
        ],
        "15": [
          61,
          68
        ],
        "16": [
          68,
          71
        ],
        "17": [
          71,
          74
        ],
        "18": [
          74,
          77
        ],
        "19": [
          77,
          84
        ],
        "20": [
          84,
          87
        ],
        "21": [
          87,
          88
        ],
        "22": [
          88,
          88
        ]
      },
      "activity_order": [
        1,
        2,
        7,
        8,
        4,
        5,
        3,
        9,
        6,
        12,
        14,
        11,
        13,
        10,
        15,
        16,
        17,
        18,
        19,
        20,
        21,
        22
      ]
    },
    "LST": {
      "makespan": 88,
      "execution_time": 0.0003044605255126953,
      "schedule": {
        "1": [
          0,
          0
        ],
        "2": [
          0,
          1
        ],
        "7": [
          1,
          9
        ],
        "8": [
          9,
          14
        ],
        "4": [
          14,
          16
        ],
        "5": [
          16,
          24
        ],
        "3": [
          24,
          25
        ],
        "9": [
          25,
          33
        ],
        "6": [
          33,
          36
        ],
        "12": [
          36,
          37
        ],
        "14": [
          37,
          40
        ],
        "11": [
          40,
          49
        ],
        "13": [
          49,
          51
        ],
        "10": [
          51,
          61
        ],
        "15": [
          61,
          68
        ],
        "16": [
          68,
          71
        ],
        "17": [
          71,
          74
        ],
        "18": [
          74,
          77
        ],
        "19": [
          77,
          84
        ],
        "20": [
          84,
          87
        ],
        "21": [
          87,
          88
        ],
        "22": [
          88,
          88
        ]
      },
      "activity_order": [
        1,
        2,
        7,
        8,
        4,
        5,
        3,
        9,
        6,
        12,
        14,
        11,
        13,
        10,
        15,
        16,
        17,
        18,
        19,
        20,
        21,
        22
      ]
    },
    "LFT": {
      "makespan": 88,
      "execution_time": 0.00031566619873046875,
      "schedule": {
        "1": [
          0,
          0
        ],
        "2": [
          0,
          1
        ],
        "4": [
          1,
          3
        ],
        "3": [
          3,
          4
        ],
        "7": [
          4,
          12
        ],
        "8": [
          12,
          17
        ],
        "5": [
          17,
          25
        ],
        "12": [
          25,
          26
        ],
        "6": [
          26,
          29
        ],
        "9": [
          29,
          37
        ],
        "13": [
          37,
          39
        ],
        "14": [
          39,
          42
        ],
        "11": [
          42,
          51
        ],
        "15": [
          51,
          58
        ],
        "16": [
          58,
          61
        ],
        "10": [
          61,
          71
        ],
        "17": [
          71,
          74
        ],
        "18": [
          74,
          77
        ],
        "19": [
          77,
          84
        ],
        "20": [
          84,
          87
        ],
        "21": [
          87,
          88
        ],
        "22": [
          88,
          88
        ]
      },
      "activity_order": [
        1,
        2,
        4,
        3,
        7,
        8,
        5,
        12,
        6,
        9,
        13,
        14,
        11,
        15,
        16,
        10,
        17,
        18,
        19,
        20,
        21,
        22
      ]
    },
    "MTS": {
      "makespan": 88,
      "execution_time": 0.00031566619873046875,
      "schedule": {
        "1": [
          0,
          0
        ],
        "2": [
          0,
          1
        ],
        "4": [
          1,
          3
        ],
        "7": [
          3,
          11
        ],
        "3": [
          11,
          12
        ],
        "5": [
          12,
          20
        ],
        "8": [
          20,
          25
        ],
        "12": [
          25,
          26
        ],
        "14": [
          26,
          29
        ],
        "13": [
          29,
          31
        ],
        "11": [
          31,
          40
        ],
        "6": [
          40,
          43
        ],
        "9": [
          43,
          51
        ],
        "16": [
          51,
          54
        ],
        "18": [
          54,
          57
        ],
        "15": [
          57,
          64
        ],
        "10": [
          64,
          74
        ],
        "17": [
          74,
          77
        ],
        "19": [
          77,
          84
        ],
        "20": [
          84,
          87
        ],
        "21": [
          87,
          88
        ],
        "22": [
          88,
          88
        ]
      },
      "activity_order": [
        1,
        2,
        4,
        7,
        3,
        5,
        8,
        12,
        14,
        13,
        11,
        6,
        9,
        16,
        18,
        15,
        10,
        17,
        19,
        20,
        21,
        22
      ]
    },
    "TIMROS": {
      "makespan": 88,
      "execution_time": 0.0003085136413574219,
      "schedule": {
        "1": [
          0,
          0
        ],
        "4": [
          0,
          2
        ],
        "5": [
          2,
          10
        ],
        "2": [
          10,
          11
        ],
        "7": [
          11,
          19
        ],
        "11": [
          19,
          28
        ],
        "8": [
          28,
          33
        ],
        "14": [
          33,
          36
        ],
        "16": [
          36,
          39
        ],
        "3": [
          39,
          40
        ],
        "9": [
          40,
          48
        ],
        "6": [
          48,
          51
        ],
        "10": [
          51,
          61
        ],
        "12": [
          61,
          62
        ],
        "13": [
          62,
          64
        ],
        "15": [
          64,
          71
        ],
        "17": [
          71,
          74
        ],
        "18": [
          74,
          77
        ],
        "19": [
          77,
          84
        ],
        "20": [
          84,
          87
        ],
        "21": [
          87,
          88
        ],
        "22": [
          88,
          88
        ]
      },
      "activity_order": [
        1,
        4,
        5,
        2,
        7,
        11,
        8,
        14,
        16,
        3,
        9,
        6,
        10,
        12,
        13,
        15,
        17,
        18,
        19,
        20,
        21,
        22
      ]
    },
    "HRU1": {
      "makespan": 88,