{
  "instance": "inst_set1a_sf0.75_nc1.8_n20_m25_00",
  "results": {
    "HRPW*": {
      "makespan": 95,
      "execution_time": 4.935264587402344e-05,
      "schedule": {
        "1": [
          0,
          0
        ],
        "3": [
          0,
          1
        ],
        "5": [
          1,
          3
        ],
        "6": [
          3,
          8
        ],
        "2": [
          8,
          12
        ],
        "4": [
          12,
          16
        ],
        "13": [
          16,
          23
        ],
        "7": [
          23,
          28
        ],
        "9": [
          28,
          31
        ],
        "11": [
          31,
          35
        ],
        "8": [
          35,
          38
        ],
        "10": [
          38,
          41
        ],
        "14": [
          41,
          51
        ],
        "12": [
          51,
          59
        ],
        "18": [
          59,
          68
        ],
        "15": [
          68,
          69
        ],
        "16": [
          69,
          76
        ],
        "17": [
          76,
          79
        ],
        "19": [
          79,
          87
        ],
        "21": [
          87,
          93
        ],
        "20": [
          93,
          95
        ],
        "22": [
          95,
          95
        ]
      },
      "activity_order": [
        1,
        3,
        5,
        6,
        2,
        4,
        13,
        7,
        9,
        11,
        8,
        10,
        14,
        12,
        18,
        15,
        16,
        17,
        19,
        21,
        20,
        22
      ]
    },
    "LST": {
      "makespan": 95,
      "execution_time": 6.532669067382812e-05,
      "schedule": {
        "1": [
          0,
          0
        ],
        "3": [
          0,
          1
        ],
        "5": [
          1,
          3
        ],
        "6": [
          3,
          8
        ],
        "2": [
          8,
          12
        ],
        "4": [
          12,
          16
        ],
        "13": [
          16,
          23
        ],
        "7": [
          23,
          28
        ],
        "9": [
          28,
          31
        ],
        "11": [
          31,
          35
        ],
        "8": [
          35,
          38
        ],
        "10": [
          38,
          41
        ],
        "14": [
          41,
          51
        ],
        "12": [
          51,
          59
        ],
        "18": [
          59,
          68
        ],
        "15": [
          68,
          69
        ],
        "16": [
          69,
          76
        ],
        "17": [
          76,
          79
        ],
        "19": [
          79,
          87
        ],
        "21": [
          87,
          93
        ],
        "20": [
          93,
          95
        ],
        "22": [
          95,
          95
        ]
      },
      "activity_order": [
        1,
        3,
        5,
        6,
        2,
        4,
        13,
        7,
        9,
        11,
        8,
        10,
        14,
        12,
        18,
        15,
        16,
        17,
        19,
        21,
        20,
        22
      ]
    },
    "LFT": {
      "makespan": 95,
      "execution_time": 4.7206878662109375e-05,
      "schedule": {
        "1": [
          0,
          0
        ],
        "3": [
          0,
          1
        ],
        "5": [
          1,
          3
        ],
        "6": [
          3,
          8
        ],
        "2": [
          8,
          12
        ],
        "4": [
          12,
          16
        ],
        "9": [
          16,
          19
        ],
        "7": [
          19,
          24
        ],
        "13": [
          24,
          31
        ],
        "8": [
          31,
          34
        ],
        "10": [
          34,
          37
        ],
        "11": [
          37,
          41
        ],
        "12": [
          41,
          49
        ],
        "14": [
          49,
          59
        ],
        "15": [
          59,
          60
        ],
        "18": [
          60,
          69
        ],
        "17": [
          69,
          72
        ],
        "16": [
          72,
          79
        ],
        "19": [
          79,
          87
        ],
        "20": [
          87,
          89
        ],
        "21": [
          89,
          95
        ],
        "22": [
          95,
          95
        ]
      },
      "activity_order": [
        1,
        3,
        5,
        6,
        2,
        4,
        9,
        7,
        13,
        8,
        10,
        11,
        12,
        14,
        15,
        18,
        17,
        16,
        19,
        20,
        21,
        22
      ]
    },
    "MTS": {
      "makespan": 95,
      "execution_time": 4.8160552978515625e-05,
      "schedule": {
        "1": [
          0,
          0
        ],
        "3": [
          0,
          1
        ],
        "4": [
          1,
          5
        ],
        "5": [
          5,
          7
        ],
        "2": [
          7,
          11
        ],
        "6": [
          11,
          16
        ],
        "9": [
          16,
          19
        ],
        "13": [
          19,
          26
        ],
        "8": [
          26,
          29
        ],
        "7": [
          29,
          34
        ],
        "10": [
          34,
          37
        ],
        "11": [
          37,
          41
        ],
        "14": [
          41,
          51
        ],
        "12": [
          51,
          59
        ],
        "18": [
          59,
          68
        ],
        "15": [
          68,
          69
        ],
        "16": [
          69,
          76
        ],
        "17": [
          76,
          79
        ],
        "19": [
          79,
          87
        ],
        "20": [
          87,
          89
        ],
        "21": [
          89,
          95
        ],
        "22": [
          95,
          95
        ]
      },
      "activity_order": [
        1,
        3,
        4,
        5,
        2,
        6,
        9,
        13,
        8,
        7,
        10,
        11,
        14,
        12,
        18,
        15,
        16,
        17,
        19,
        20,
        21,
        22
      ]
    },
    "TIMROS": {
      "makespan": 95,
      "execution_time": 0.0002460479736328125,
      "schedule": {
        "1": [
          0,
          0
        ],
        "4": [
          0,
          4
        ],
        "2": [
          4,
          8
        ],
        "9": [
          8,
          11
        ],
        "11": [
          11,
          15
        ],
        "12": [
          15,
          23
        ],
        "3": [
          23,
          24
        ],
        "8": [
          24,
          27
        ],
        "5": [
          27,
          29
        ],
        "6": [
          29,
          34
        ],
        "7": [
          34,
          39
        ],
        "13": [
          39,
          46
        ],
        "16": [
          46,
          53
        ],
        "14": [
          53,
          63
        ],
        "10": [
          63,
          66
        ],
        "18": [
          66,
          75
        ],
        "17": [
          75,
          78
        ],
        "21": [
          78,
          84
        ],
        "20": [
          84,
          86
        ],
        "15": [
          86,
          87
        ],
        "19": [
          87,
          95
        ],
        "22": [
          95,
          95
        ]
      },
      "activity_order": [
        1,
        4,
        2,
        9,
        11,
        12,
        3,
        8,
        5,
        6,
        7,
        13,
        16,
        14,
        10,
        18,
        17,
        21,
        20,
        15,
        19,
        22
      ]
    },
    "HRU1": {
      "makespan": 95,