{
  "instance": "inst_set1a_sf0.5_nc1.5_n20_m15_05",
  "results": {
    "HRPW*": {
      "makespan": 121,
      "execution_time": 4.673004150390625e-05,
      "schedule": {
        "1": [
          0,
          0
        ],
        "4": [
          0,
          10
        ],
        "8": [
          10,
          19
        ],
        "3": [
          19,
          20
        ],
        "9": [
          20,
          28
        ],
        "13": [
          28,
          31
        ],
        "14": [
          31,
          38
        ],
        "11": [
          38,
          44
        ],
        "7": [
          44,
          50
        ],
        "10": [
          50,
          60
        ],
        "16": [
          60,
          64
        ],
        "17": [
          64,
          71
        ],
        "15": [
          71,
          80
        ],
        "12": [
          80,
          82
        ],
        "2": [
          82,
          88
        ],
        "18": [
          88,
          93
        ],
        "5": [
          93,
          94
        ],
        "19": [
          94,
          104
        ],
        "6": [
          104,
          109
        ],
        "20": [
          109,
          117
        ],
        "21": [
          117,
          121
        ],
        "22": [
          121,
          121
        ]
      },
      "activity_order": [
        1,
        4,
        8,
        3,
        9,
        13,
        14,
        11,
        7,
        10,
        16,
        17,
        15,
        12,
        2,
        18,
        5,
        19,
        6,
        20,
        21,
        22
      ]
    },
    "LST": {
      "makespan": 121,
      "execution_time": 6.008148193359375e-05,
      "schedule": {
        "1": [
          0,
          0
        ],
        "4": [
          0,
          10
        ],
        "8": [
          10,
          19
        ],
        "3": [
          19,
          20
        ],
        "9": [
          20,
          28
        ],
        "13": [
          28,
          31
        ],
        "14": [
          31,
          38
        ],
        "11": [
          38,
          44
        ],
        "7": [
          44,
          50
        ],
        "10": [
          50,
          60
        ],
        "16": [
          60,
          64
        ],
        "17": [
          64,
          71
        ],
        "15": [
          71,
          80
        ],
        "12": [
          80,
          82
        ],
        "2": [
          82,
          88
        ],
        "18": [
          88,
          93
        ],
        "5": [
          93,
          94
        ],
        "19": [
          94,
          104
        ],
        "6": [
          104,
          109
        ],
        "20": [
          109,
          117
        ],
        "21": [
          117,
          121
        ],
        "22": [
          121,
          121
        ]
      },
      "activity_order": [
        1,
        4,
        8,
        3,
        9,
        13,
        14,
        11,
        7,
        10,
        16,
        17,
        15,
        12,
        2,
        18,
        5,
        19,
        6,
        20,
        21,
        22
      ]
    },
    "LFT": {
      "makespan": 121,
      "execution_time": 5.340576171875e-05,
      "schedule": {
        "1": [
          0,
          0
        ],
        "4": [
          0,
          10
        ],
        "3": [
          10,
          11
        ],
        "8": [
          11,
          20
        ],
        "13": [
          20,
          23
        ],
        "9": [
          23,
          31
        ],
        "11": [
          31,
          37
        ],
        "14": [
          37,
          44
        ],
        "7": [
          44,
          50
        ],
        "16": [
          50,
          54
        ],
        "10": [
          54,
          64
        ],
        "12": [
          64,
          66
        ],
        "17": [
          66,
          73
        ],
        "2": [
          73,
          79
        ],
        "15": [
          79,
          88
        ],
        "18": [
          88,
          93
        ],
        "5": [
          93,
          94
        ],
        "6": [
          94,
          99
        ],
        "19": [
          99,
          109
        ],
        "20": [
          109,
          117
        ],
        "21": [
          117,
          121
        ],
        "22": [
          121,
          121
        ]
      },
      "activity_order": [
        1,
        4,
        3,
        8,
        13,
        9,
        11,
        14,
        7,
        16,
        10,
        12,
        17,
        2,
        15,
        18,
        5,
        6,
        19,
        20,
        21,
        22
      ]
    },
    "MTS": {
      "makespan": 121,
      "execution_time": 4.124641418457031e-05,
      "schedule": {
        "1": [
          0,
          0
        ],
        "3": [
          0,
          1
        ],
        "4": [
          1,
          11
        ],
        "8": [
          11,
          20
        ],
        "7": [
          20,
          26
        ],
        "9": [
          26,
          34
        ],
        "13": [
          34,
          37
        ],
        "2": [
          37,
          43
        ],
        "11": [
          43,
          49
        ],
        "14": [
          49,
          56
        ],
        "10": [
          56,
          66
        ],
        "16": [
          66,
          70
        ],
        "12": [
          70,
          72
        ],
        "17": [
          72,
          79
        ],
        "5": [
          79,
          80
        ],
        "15": [
          80,
          89
        ],
        "18": [
          89,
          94
        ],
        "6": [
          94,
          99
        ],
        "19": [
          99,
          109
        ],
        "20": [
          109,
          117
        ],
        "21": [
          117,
          121
        ],
        "22": [
          121,
          121
        ]
      },
      "activity_order": [
        1,
        3,
        4,
        8,
        7,
        9,
        13,
        2,
        11,
        14,
        10,
        16,
        12,
        17,
        5,
        15,
        18,
        6,
        19,
        20,
        21,
        22
      ]
    },
    "TIMROS": {
      "makespan": 121,
      "execution_time": 4.458427429199219e-05,
      "schedule": {
        "1": [
          0,
          0
        ],
        "4": [
          0,
          10
        ],
        "2": [
          10,
          16
        ],
        "8": [
          16,
          25
        ],
        "13": [
          25,
          28
        ],
        "14": [
          28,
          35
        ],
        "3": [
          35,
          36
        ],
        "10": [
          36,
          46
        ],
        "9": [
          46,
          54
        ],
        "7": [
          54,
          60
        ],
        "15": [
          60,
          69
        ],
        "20": [
          69,
          77
        ],
        "11": [
          77,
          83
        ],
        "16": [
          83,
          87
        ],
        "17": [
          87,
          94
        ],
        "12": [
          94,
          96
        ],
        "18": [
          96,
          101
        ],
        "19": [
          101,
          111
        ],
        "5": [
          111,
          112
        ],
        "6": [
          112,
          117
        ],
        "21": [
          117,
          121
        ],
        "22": [
          121,
          121
        ]
      },