{
  "instance": "inst_set1a_sf0_nc1.8_n20_m10_00",
  "results": {
    "HRPW*": {
      "makespan": 127,
      "execution_time": 5.698204040527344e-05,
      "schedule": {
        "1": [
          0,
          0
        ],
        "2": [
          0,
          6
        ],
        "4": [
          6,
          16
        ],
        "5": [
          16,
          25
        ],
        "8": [
          25,
          26
        ],
        "9": [
          26,
          35
        ],
        "6": [
          35,
          40
        ],
        "10": [
          40,
          49
        ],
        "11": [
          49,
          54
        ],
        "12": [
          54,
          59
        ],
        "3": [
          59,
          65
        ],
        "7": [
          65,
          72
        ],
        "13": [
          72,
          81
        ],
        "18": [
          81,
          90
        ],
        "17": [
          90,
          97
        ],
        "14": [
          97,
          100
        ],
        "15": [
          100,
          103
        ],
        "16": [
          103,
          108
        ],
        "19": [
          108,
          116
        ],
        "21": [
          116,
          124
        ],
        "20": [
          124,
          127
        ],
        "22": [
          127,
          127
        ]
      },
      "activity_order": [
        1,
        2,
        4,
        5,
        8,
        9,
        6,
        10,
        11,
        12,
        3,
        7,
        13,
        18,
        17,
        14,
        15,
        16,
        19,
        21,
        20,
        22
      ]
    },
    "LST": {
      "makespan": 127,
      "execution_time": 5.7220458984375e-05,
      "schedule": {
        "1": [
          0,
          0
        ],
        "2": [
          0,
          6
        ],
        "4": [
          6,
          16
        ],
        "5": [
          16,
          25
        ],
        "8": [
          25,
          26
        ],
        "9": [
          26,
          35
        ],
        "6": [
          35,
          40
        ],
        "10": [
          40,
          49
        ],
        "11": [
          49,
          54
        ],
        "12": [
          54,
          59
        ],
        "3": [
          59,
          65
        ],
        "7": [
          65,
          72
        ],
        "13": [
          72,
          81
        ],
        "18": [
          81,
          90
        ],
        "17": [
          90,
          97
        ],
        "14": [
          97,
          100
        ],
        "15": [
          100,
          103
        ],
        "16": [
          103,
          108
        ],
        "19": [
          108,
          116
        ],
        "21": [
          116,
          124
        ],
        "20": [
          124,
          127
        ],
        "22": [
          127,
          127
        ]
      },
      "activity_order": [
        1,
        2,
        4,
        5,
        8,
        9,
        6,
        10,
        11,
        12,
        3,
        7,
        13,
        18,
        17,
        14,
        15,
        16,
        19,
        21,
        20,
        22
      ]
    },
    "LFT": {
      "makespan": 127,
      "execution_time": 4.7206878662109375e-05,
      "schedule": {
        "1": [
          0,
          0
        ],
        "2": [
          0,
          6
        ],
        "4": [
          6,
          16
        ],
        "8": [
          16,
          17
        ],
        "5": [
          17,
          26
        ],
        "6": [
          26,
          31
        ],
        "9": [
          31,
          40
        ],
        "10": [
          40,
          49
        ],
        "11": [
          49,
          54
        ],
        "12": [
          54,
          59
        ],
        "3": [
          59,
          65
        ],
        "7": [
          65,
          72
        ],
        "13": [
          72,
          81
        ],
        "14": [
          81,
          84
        ],
        "15": [
          84,
          87
        ],
        "17": [
          87,
          94
        ],
        "18": [
          94,
          103
        ],
        "16": [
          103,
          108
        ],
        "19": [
          108,
          116
        ],
        "20": [
          116,
          119
        ],
        "21": [
          119,
          127
        ],
        "22": [
          127,
          127
        ]
      },
      "activity_order": [
        1,
        2,
        4,
        8,
        5,
        6,
        9,
        10,
        11,
        12,
        3,
        7,
        13,
        14,
        15,
        17,
        18,
        16,
        19,
        20,
        21,
        22
      ]
    },
    "MTS": {
      "makespan": 127,
      "execution_time": 4.6253204345703125e-05,
      "schedule": {
        "1": [
          0,
          0
        ],
        "2": [
          0,
          6
        ],
        "4": [
          6,
          16
        ],
        "8": [
          16,
          17
        ],
        "9": [
          17,
          26
        ],
        "5": [
          26,
          35
        ],
        "3": [
          35,
          41
        ],
        "11": [
          41,
          46
        ],
        "6": [
          46,
          51
        ],
        "7": [
          51,
          58
        ],
        "10": [
          58,
          67
        ],
        "12": [
          67,
          72
        ],
        "14": [
          72,
          75
        ],
        "15": [
          75,
          78
        ],
        "18": [
          78,
          87
        ],
        "13": [
          87,
          96
        ],
        "16": [
          96,
          101
        ],
        "17": [
          101,
          108
        ],
        "19": [
          108,
          116
        ],
        "20": [
          116,
          119
        ],
        "21": [
          119,
          127
        ],
        "22": [
          127,
          127
        ]
      },
      "activity_order": [
        1,
        2,
        4,
        8,
        9,
        5,
        3,
        11,
        6,
        7,
        10,
        12,
        14,
        15,
        18,
        13,
        16,
        17,
        19,
        20,
        21,
        22
      ]
    },
    "TIMROS": {
      "makespan": 127,
      "execution_time": 4.553794860839844e-05,
      "schedule": {
        "1": [
          0,
          0
        ],
        "4": [
          0,
          10
        ],
        "2": [
          10,
          16
        ],
        "3": [
          16,
          22
        ],
        "17": [
          22,
          29
        ],
        "5": [
          29,
          38
        ],
        "6": [
          38,
          43
        ],
        "7": [
          43,
          50
        ],
        "14": [
          50,
          53
        ],
        "16": [
          53,
          58
        ],
        "8": [
          58,
          59
        ],
        "9": [
          59,
          68
        ],
        "11": [
          68,
          73
        ],
        "18": [
          73,
          82
        ],
        "10": [
          82,
          91
        ],
        "12": [
          91,
          96
        ],
        "13": [
          96,
          105
        ],
        "21": [
          105,
          113
        ],
        "15": [
          113,
          116
        ],
        "19": [
          116,
          124
        ],
        "20": [
          124,
          127
        ],
        "22": [
          127,
          127
        ]
      },