{
  "instance": "inst_set1a_sf0_nc2.1_n20_m10_05",
  "results": {
    "HRPW*": {
      "makespan": 110,
      "execution_time": 5.435943603515625e-05,
      "schedule": {
        "1": [
          0,
          0
        ],
        "3": [
          0,
          3
        ],
        "2": [
          3,
          11
        ],
        "6": [
          11,
          20
        ],
        "4": [
          20,
          28
        ],
        "5": [
          28,
          35
        ],
        "8": [
          35,
          44
        ],
        "10": [
          44,
          48
        ],
        "13": [
          48,
          53
        ],
        "7": [
          53,
          61
        ],
        "9": [
          61,
          64
        ],
        "11": [
          64,
          69
        ],
        "14": [
          69,
          75
        ],
        "16": [
          75,
          85
        ],
        "17": [
          85,
          88
        ],
        "15": [
          88,
          89
        ],
        "20": [
          89,
          97
        ],
        "12": [
          97,
          101
        ],
        "18": [
          101,
          106
        ],
        "19": [
          106,
          109
        ],
        "21": [
          109,
          110
        ],
        "22": [
          110,
          110
        ]
      },
      "activity_order": [
        1,
        3,
        2,
        6,
        4,
        5,
        8,
        10,
        13,
        7,
        9,
        11,
        14,
        16,
        17,
        15,
        20,
        12,
        18,
        19,
        21,
        22
      ]
    },
    "LST": {
      "makespan": 110,
      "execution_time": 4.38690185546875e-05,
      "schedule": {
        "1": [
          0,
          0
        ],
        "3": [
          0,
          3
        ],
        "2": [
          3,
          11
        ],
        "6": [
          11,
          20
        ],
        "4": [
          20,
          28
        ],
        "5": [
          28,
          35
        ],
        "8": [
          35,
          44
        ],
        "10": [
          44,
          48
        ],
        "13": [
          48,
          53
        ],
        "7": [
          53,
          61
        ],
        "9": [
          61,
          64
        ],
        "11": [
          64,
          69
        ],
        "14": [
          69,
          75
        ],
        "16": [
          75,
          85
        ],
        "17": [
          85,
          88
        ],
        "15": [
          88,
          89
        ],
        "20": [
          89,
          97
        ],
        "12": [
          97,
          101
        ],
        "18": [
          101,
          106
        ],
        "19": [
          106,
          109
        ],
        "21": [
          109,
          110
        ],
        "22": [
          110,
          110
        ]
      },
      "activity_order": [
        1,
        3,
        2,
        6,
        4,
        5,
        8,
        10,
        13,
        7,
        9,
        11,
        14,
        16,
        17,
        15,
        20,
        12,
        18,
        19,
        21,
        22
      ]
    },
    "LFT": {
      "makespan": 110,
      "execution_time": 4.029273986816406e-05,
      "schedule": {
        "1": [
          0,
          0
        ],
        "3": [
          0,
          3
        ],
        "2": [
          3,
          11
        ],
        "4": [
          11,
          19
        ],
        "6": [
          19,
          28
        ],
        "10": [
          28,
          32
        ],
        "5": [
          32,
          39
        ],
        "8": [
          39,
          48
        ],
        "9": [
          48,
          51
        ],
        "13": [
          51,
          56
        ],
        "7": [
          56,
          64
        ],
        "11": [
          64,
          69
        ],
        "14": [
          69,
          75
        ],
        "15": [
          75,
          76
        ],
        "17": [
          76,
          79
        ],
        "12": [
          79,
          83
        ],
        "16": [
          83,
          93
        ],
        "18": [
          93,
          98
        ],
        "19": [
          98,
          101
        ],
        "20": [
          101,
          109
        ],
        "21": [
          109,
          110
        ],
        "22": [
          110,
          110
        ]
      },
      "activity_order": [
        1,
        3,
        2,
        4,
        6,
        10,
        5,
        8,
        9,
        13,
        7,
        11,
        14,
        15,
        17,
        12,
        16,
        18,
        19,
        20,
        21,
        22
      ]
    },
    "MTS": {
      "makespan": 110,
      "execution_time": 4.172325134277344e-05,
      "schedule": {
        "1": [
          0,
          0
        ],
        "3": [
          0,
          3
        ],
        "4": [
          3,
          11
        ],
        "2": [
          11,
          19
        ],
        "6": [
          19,
          28
        ],
        "10": [
          28,
          32
        ],
        "8": [
          32,
          41
        ],
        "5": [
          41,
          48
        ],
        "9": [
          48,
          51
        ],
        "13": [
          51,
          56
        ],
        "11": [
          56,
          61
        ],
        "14": [
          61,
          67
        ],
        "7": [
          67,
          75
        ],
        "12": [
          75,
          79
        ],
        "15": [
          79,
          80
        ],
        "16": [
          80,
          90
        ],
        "17": [
          90,
          93
        ],
        "18": [
          93,
          98
        ],
        "19": [
          98,
          101
        ],
        "20": [
          101,
          109
        ],
        "21": [
          109,
          110
        ],
        "22": [
          110,
          110
        ]
      },
      "activity_order": [
        1,
        3,
        4,
        2,
        6,
        10,
        8,
        5,
        9,
        13,
        11,
        14,
        7,
        12,
        15,
        16,
        17,
        18,
        19,
        20,
        21,
        22
      ]
    },
    "TIMROS": {
      "makespan": 110,
      "execution_time": 7.033348083496094e-05,
      "schedule": {
        "1": [
          0,
          0
        ],
        "2": [
          0,
          8
        ],
        "4": [
          8,
          16
        ],
        "5": [
          16,
          23
        ],
        "7": [
          23,
          31
        ],
        "10": [
          31,
          35
        ],
        "3": [
          35,
          38
        ],
        "6": [
          38,
          47
        ],
        "8": [
          47,
          56
        ],
        "11": [
          56,
          61
        ],
        "13": [
          61,
          66
        ],
        "16": [
          66,
          76
        ],
        "18": [
          76,
          81
        ],
        "9": [
          81,
          84
        ],
        "14": [
          84,
          90
        ],
        "12": [
          90,
          94
        ],
        "17": [
          94,
          97
        ],
        "19": [
          97,
          100
        ],
        "15": [
          100,
          101
        ],
        "20": [
          101,
          109
        ],
        "21": [
          109,
          110
        ],
        "22": [
          110,
          110
        ]
      },