{
  "instance": "inst_set1a_sf0.75_nc2.1_n20_m10_03",
  "results": {
    "HRPW*": {
      "makespan": 68,
      "execution_time": 0.00021529197692871094,
      "schedule": {
        "1": [
          0,
          0
        ],
        "2": [
          0,
          2
        ],
        "7": [
          2,
          9
        ],
        "3": [
          9,
          10
        ],
        "4": [
          0,
          9
        ],
        "9": [
          10,
          18
        ],
        "5": [
          10,
          16
        ],
        "15": [
          18,
          25
        ],
        "6": [
          25,
          28
        ],
        "8": [
          18,
          23
        ],
        "13": [
          28,
          31
        ],
        "14": [
          28,
          34
        ],
        "10": [
          23,
          26
        ],
        "16": [
          31,
          41
        ],
        "12": [
          41,
          50
        ],
        "17": [
          50,
          57
        ],
        "18": [
          34,
          39
        ],
        "11": [
          39,
          41
        ],
        "21": [
          57,
          63
        ],
        "20": [
          63,
          68
        ],
        "19": [
          39,
          42
        ],
        "22": [
          68,
          68
        ]
      },
      "activity_order": [
        1,
        2,
        7,
        3,
        4,
        9,
        5,
        15,
        6,
        8,
        13,
        14,
        10,
        16,
        12,
        17,
        18,
        11,
        21,
        20,
        19,
        22
      ]
    },
    "LST": {
      "makespan": 68,
      "execution_time": 0.0002536773681640625,
      "schedule": {
        "1": [
          0,
          0
        ],
        "2": [
          0,
          2
        ],
        "7": [
          2,
          9
        ],
        "3": [
          9,
          10
        ],
        "4": [
          0,
          9
        ],
        "9": [
          10,
          18
        ],
        "5": [
          10,
          16
        ],
        "15": [
          18,
          25
        ],
        "6": [
          25,
          28
        ],
        "8": [
          18,
          23
        ],
        "13": [
          28,
          31
        ],
        "14": [
          28,
          34
        ],
        "10": [
          23,
          26
        ],
        "16": [
          31,
          41
        ],
        "12": [
          41,
          50
        ],
        "17": [
          50,
          57
        ],
        "18": [
          34,
          39
        ],
        "11": [
          39,
          41
        ],
        "21": [
          57,
          63
        ],
        "20": [
          63,
          68
        ],
        "19": [
          39,
          42
        ],
        "22": [
          68,
          68
        ]
      },
      "activity_order": [
        1,
        2,
        7,
        3,
        4,
        9,
        5,
        15,
        6,
        8,
        13,
        14,
        10,
        16,
        12,
        17,
        18,
        11,
        21,
        20,
        19,
        22
      ]
    },
    "LFT": {
      "makespan": 62,
      "execution_time": 0.00021195411682128906,
      "schedule": {
        "1": [
          0,
          0
        ],
        "2": [
          0,
          2
        ],
        "3": [
          2,
          3
        ],
        "7": [
          3,
          10
        ],
        "5": [
          3,
          9
        ],
        "9": [
          10,
          18
        ],
        "4": [
          0,
          9
        ],
        "6": [
          9,
          12
        ],
        "8": [
          18,
          23
        ],
        "13": [
          12,
          15
        ],
        "15": [
          18,
          25
        ],
        "10": [
          23,
          26
        ],
        "14": [
          12,
          18
        ],
        "16": [
          25,
          35
        ],
        "17": [
          35,
          42
        ],
        "18": [
          23,
          28
        ],
        "11": [
          28,
          30
        ],
        "12": [
          42,
          51
        ],
        "19": [
          28,
          31
        ],
        "20": [
          51,
          56
        ],
        "21": [
          56,
          62
        ],
        "22": [
          62,
          62
        ]
      },
      "activity_order": [
        1,
        2,
        3,
        7,
        5,
        9,
        4,
        6,
        8,
        13,
        15,
        10,
        14,
        16,
        17,
        18,
        11,
        12,
        19,
        20,
        21,
        22
      ]
    },
    "MTS": {
      "makespan": 70,
      "execution_time": 0.00022459030151367188,
      "schedule": {
        "1": [
          0,
          0
        ],
        "2": [
          0,
          2
        ],
        "3": [
          2,
          3
        ],
        "4": [
          0,
          9
        ],
        "7": [
          3,
          10
        ],
        "5": [
          3,
          9
        ],
        "6": [
          9,
          12
        ],
        "8": [
          10,
          15
        ],
        "9": [
          15,
          23
        ],
        "14": [
          12,
          18
        ],
        "15": [
          23,
          30
        ],
        "10": [
          15,
          18
        ],
        "13": [
          30,
          33
        ],
        "18": [
          23,
          28
        ],
        "11": [
          28,
          30
        ],
        "12": [
          33,
          42
        ],
        "16": [
          42,
          52
        ],
        "17": [
          52,
          59
        ],
        "19": [
          33,
          36
        ],
        "20": [
          59,
          64
        ],
        "21": [
          64,
          70
        ],
        "22": [
          70,
          70
        ]
      },
      "activity_order": [
        1,
        2,
        3,
        4,
        7,
        5,
        6,
        8,
        9,
        14,
        15,
        10,
        13,
        18,
        11,
        12,
        16,
        17,
        19,
        20,
        21,
        22
      ]
    },
    "TIMROS": {
      "makespan": 68,
      "execution_time": 0.000217437744140625,
      "schedule": {
        "1": [
          0,
          0
        ],
        "4": [
          0,
          9
        ],
        "2": [
          0,
          2
        ],
        "7": [
          2,
          9
        ],
        "3": [
          9,
          10
        ],
        "9": [
          10,
          18
        ],
        "5": [
          10,
          16
        ],
        "8": [
          18,
          23
        ],
        "10": [
          23,
          26
        ],
        "11": [
          26,
          28
        ],
        "15": [
          18,
          25
        ],
        "6": [
          25,
          28
        ],
        "14": [
          28,
          34
        ],
        "18": [
          34,
          39
        ],
        "12": [
          28,
          37
        ],
        "17": [
          37,
          44
        ],
        "20": [
          44,
          49
        ],
        "13": [
          49,
          52
        ],
        "19": [
          52,
          55
        ],
        "16": [
          52,
          62
        ],
        "21": [
          62,
          68
        ],
        "22": [
          68,
          68
        ]
      },
      "activity_order": [
        1,
        4,
        2,
        7,
        3,
        9,
        5,
        8,
        10,
        11,
        15,
        6,
        14,
        18,
        12,
        17,
        20,
        13,
        19,
        16,
        21,
        22
      ]
    },
    "HRU1": {
      "makespan": 70,