{
  "instance": "inst_set1a_sf0_nc1.8_n20_m10_05",
  "results": {
    "HRPW*": {
      "makespan": 150,
      "execution_time": 3.170967102050781e-05,
      "schedule": {
        "1": [
          0,
          0
        ],
        "3": [
          0,
          8
        ],
        "5": [
          8,
          18
        ],
        "2": [
          18,
          26
        ],
        "6": [
          26,
          36
        ],
        "4": [
          36,
          37
        ],
        "9": [
          37,
          47
        ],
        "8": [
          47,
          55
        ],
        "10": [
          55,
          58
        ],
        "13": [
          58,
          63
        ],
        "16": [
          63,
          73
        ],
        "11": [
          73,
          81
        ],
        "14": [
          81,
          86
        ],
        "17": [
          86,
          94
        ],
        "18": [
          94,
          104
        ],
        "7": [
          104,
          113
        ],
        "12": [
          113,
          120
        ],
        "15": [
          120,
          127
        ],
        "20": [
          127,
          137
        ],
        "21": [
          137,
          145
        ],
        "19": [
          145,
          150
        ],
        "22": [
          150,
          150
        ]
      },
      "activity_order": [
        1,
        3,
        5,
        2,
        6,
        4,
        9,
        8,
        10,
        13,
        16,
        11,
        14,
        17,
        18,
        7,
        12,
        15,
        20,
        21,
        19,
        22
      ]
    },
    "LST": {
      "makespan": 150,
      "execution_time": 3.2901763916015625e-05,
      "schedule": {
        "1": [
          0,
          0
        ],
        "3": [
          0,
          8
        ],
        "5": [
          8,
          18
        ],
        "2": [
          18,
          26
        ],
        "6": [
          26,
          36
        ],
        "4": [
          36,
          37
        ],
        "9": [
          37,
          47
        ],
        "8": [
          47,
          55
        ],
        "10": [
          55,
          58
        ],
        "13": [
          58,
          63
        ],
        "16": [
          63,
          73
        ],
        "11": [
          73,
          81
        ],
        "14": [
          81,
          86
        ],
        "17": [
          86,
          94
        ],
        "18": [
          94,
          104
        ],
        "7": [
          104,
          113
        ],
        "12": [
          113,
          120
        ],
        "15": [
          120,
          127
        ],
        "20": [
          127,
          137
        ],
        "21": [
          137,
          145
        ],
        "19": [
          145,
          150
        ],
        "22": [
          150,
          150
        ]
      },
      "activity_order": [
        1,
        3,
        5,
        2,
        6,
        4,
        9,
        8,
        10,
        13,
        16,
        11,
        14,
        17,
        18,
        7,
        12,
        15,
        20,
        21,
        19,
        22
      ]
    },
    "LFT": {
      "makespan": 150,
      "execution_time": 2.9802322387695312e-05,
      "schedule": {
        "1": [
          0,
          0
        ],
        "3": [
          0,
          8
        ],
        "2": [
          8,
          16
        ],
        "5": [
          16,
          26
        ],
        "4": [
          26,
          27
        ],
        "6": [
          27,
          37
        ],
        "10": [
          37,
          40
        ],
        "8": [
          40,
          48
        ],
        "9": [
          48,
          58
        ],
        "13": [
          58,
          63
        ],
        "11": [
          63,
          71
        ],
        "14": [
          71,
          76
        ],
        "16": [
          76,
          86
        ],
        "12": [
          86,
          93
        ],
        "15": [
          93,
          100
        ],
        "17": [
          100,
          108
        ],
        "7": [
          108,
          117
        ],
        "18": [
          117,
          127
        ],
        "19": [
          127,
          132
        ],
        "20": [
          132,
          142
        ],
        "21": [
          142,
          150
        ],
        "22": [
          150,
          150
        ]
      },
      "activity_order": [
        1,
        3,
        2,
        5,
        4,
        6,
        10,
        8,
        9,
        13,
        11,
        14,
        16,
        12,
        15,
        17,
        7,
        18,
        19,
        20,
        21,
        22
      ]
    },
    "MTS": {
      "makespan": 150,
      "execution_time": 3.647804260253906e-05,
      "schedule": {
        "1": [
          0,
          0
        ],
        "3": [
          0,
          8
        ],
        "2": [
          8,
          16
        ],
        "5": [
          16,
          26
        ],
        "6": [
          26,
          36
        ],
        "4": [
          36,
          37
        ],
        "9": [
          37,
          47
        ],
        "10": [
          47,
          50
        ],
        "8": [
          50,
          58
        ],
        "13": [
          58,
          63
        ],
        "11": [
          63,
          71
        ],
        "14": [
          71,
          76
        ],
        "16": [
          76,
          86
        ],
        "12": [
          86,
          93
        ],
        "17": [
          93,
          101
        ],
        "7": [
          101,
          110
        ],
        "15": [
          110,
          117
        ],
        "18": [
          117,
          127
        ],
        "19": [
          127,
          132
        ],
        "20": [
          132,
          142
        ],
        "21": [
          142,
          150
        ],
        "22": [
          150,
          150
        ]
      },
      "activity_order": [
        1,
        3,
        2,
        5,
        6,
        4,
        9,
        10,
        8,
        13,
        11,
        14,
        16,
        12,
        17,
        7,
        15,
        18,
        19,
        20,
        21,
        22
      ]
    },
    "TIMROS": {
      "makespan": 150,
      "execution_time": 3.5762786865234375e-05,
      "schedule": {
        "1": [
          0,
          0
        ],
        "2": [
          0,
          8
        ],
        "3": [
          8,
          16
        ],
        "5": [
          16,
          26
        ],
        "6": [
          26,
          36
        ],
        "8": [
          36,
          44
        ],
        "12": [
          44,
          51
        ],
        "15": [
          51,
          58
        ],
        "13": [
          58,
          63
        ],
        "10": [
          63,
          66
        ],
        "16": [
          66,
          76
        ],
        "4": [
          76,
          77
        ],
        "9": [
          77,
          87
        ],
        "18": [
          87,
          97
        ],
        "7": [
          97,
          106
        ],
        "11": [
          106,
          114
        ],
        "14": [
          114,
          119
        ],
        "17": [
          119,
          127
        ],
        "20": [
          127,
          137
        ],
        "21": [
          137,
          145
        ],
        "19": [
          145,
          150
        ],
        "22": [
          150,
          150
        ]
      },