{
  "instance": "inst_set1a_sf0_nc1.8_n20_m10_02",
  "results": {
    "HRPW*": {
      "makespan": 107,
      "execution_time": 4.5299530029296875e-05,
      "schedule": {
        "1": [
          0,
          0
        ],
        "3": [
          0,
          3
        ],
        "2": [
          3,
          6
        ],
        "5": [
          6,
          12
        ],
        "4": [
          12,
          16
        ],
        "10": [
          16,
          22
        ],
        "9": [
          22,
          26
        ],
        "6": [
          26,
          27
        ],
        "11": [
          27,
          28
        ],
        "13": [
          28,
          38
        ],
        "7": [
          38,
          40
        ],
        "17": [
          40,
          50
        ],
        "14": [
          50,
          58
        ],
        "15": [
          58,
          64
        ],
        "16": [
          64,
          72
        ],
        "8": [
          72,
          76
        ],
        "18": [
          76,
          80
        ],
        "12": [
          80,
          82
        ],
        "19": [
          82,
          91
        ],
        "21": [
          91,
          100
        ],
        "20": [
          100,
          107
        ],
        "22": [
          107,
          107
        ]
      },
      "activity_order": [
        1,
        3,
        2,
        5,
        4,
        10,
        9,
        6,
        11,
        13,
        7,
        17,
        14,
        15,
        16,
        8,
        18,
        12,
        19,
        21,
        20,
        22
      ]
    },
    "LST": {
      "makespan": 107,
      "execution_time": 4.220008850097656e-05,
      "schedule": {
        "1": [
          0,
          0
        ],
        "3": [
          0,
          3
        ],
        "2": [
          3,
          6
        ],
        "5": [
          6,
          12
        ],
        "4": [
          12,
          16
        ],
        "10": [
          16,
          22
        ],
        "9": [
          22,
          26
        ],
        "6": [
          26,
          27
        ],
        "11": [
          27,
          28
        ],
        "13": [
          28,
          38
        ],
        "7": [
          38,
          40
        ],
        "17": [
          40,
          50
        ],
        "14": [
          50,
          58
        ],
        "15": [
          58,
          64
        ],
        "16": [
          64,
          72
        ],
        "8": [
          72,
          76
        ],
        "18": [
          76,
          80
        ],
        "12": [
          80,
          82
        ],
        "19": [
          82,
          91
        ],
        "21": [
          91,
          100
        ],
        "20": [
          100,
          107
        ],
        "22": [
          107,
          107
        ]
      },
      "activity_order": [
        1,
        3,
        2,
        5,
        4,
        10,
        9,
        6,
        11,
        13,
        7,
        17,
        14,
        15,
        16,
        8,
        18,
        12,
        19,
        21,
        20,
        22
      ]
    },
    "LFT": {
      "makespan": 107,
      "execution_time": 0.00011038780212402344,
      "schedule": {
        "1": [
          0,
          0
        ],
        "3": [
          0,
          3
        ],
        "2": [
          3,
          6
        ],
        "4": [
          6,
          10
        ],
        "5": [
          10,
          16
        ],
        "6": [
          16,
          17
        ],
        "10": [
          17,
          23
        ],
        "9": [
          23,
          27
        ],
        "11": [
          27,
          28
        ],
        "7": [
          28,
          30
        ],
        "13": [
          30,
          40
        ],
        "14": [
          40,
          48
        ],
        "15": [
          48,
          54
        ],
        "17": [
          54,
          64
        ],
        "8": [
          64,
          68
        ],
        "16": [
          68,
          76
        ],
        "18": [
          76,
          80
        ],
        "12": [
          80,
          82
        ],
        "19": [
          82,
          91
        ],
        "20": [
          91,
          98
        ],
        "21": [
          98,
          107
        ],
        "22": [
          107,
          107
        ]
      },
      "activity_order": [
        1,
        3,
        2,
        4,
        5,
        6,
        10,
        9,
        11,
        7,
        13,
        14,
        15,
        17,
        8,
        16,
        18,
        12,
        19,
        20,
        21,
        22
      ]
    },
    "MTS": {
      "makespan": 107,
      "execution_time": 7.390975952148438e-05,
      "schedule": {
        "1": [
          0,
          0
        ],
        "2": [
          0,
          3
        ],
        "3": [
          3,
          6
        ],
        "6": [
          6,
          7
        ],
        "5": [
          7,
          13
        ],
        "10": [
          13,
          19
        ],
        "4": [
          19,
          23
        ],
        "11": [
          23,
          24
        ],
        "7": [
          24,
          26
        ],
        "9": [
          26,
          30
        ],
        "13": [
          30,
          40
        ],
        "15": [
          40,
          46
        ],
        "17": [
          46,
          56
        ],
        "14": [
          56,
          64
        ],
        "18": [
          64,
          68
        ],
        "8": [
          68,
          72
        ],
        "12": [
          72,
          74
        ],
        "16": [
          74,
          82
        ],
        "19": [
          82,
          91
        ],
        "20": [
          91,
          98
        ],
        "21": [
          98,
          107
        ],
        "22": [
          107,
          107
        ]
      },
      "activity_order": [
        1,
        2,
        3,
        6,
        5,
        10,
        4,
        11,
        7,
        9,
        13,
        15,
        17,
        14,
        18,
        8,
        12,
        16,
        19,
        20,
        21,
        22
      ]
    },
    "TIMROS": {
      "makespan": 107,
      "execution_time": 7.534027099609375e-05,
      "schedule": {
        "1": [
          0,
          0
        ],
        "4": [
          0,
          4
        ],
        "2": [
          4,
          7
        ],
        "10": [
          7,
          13
        ],
        "3": [
          13,
          16
        ],
        "5": [
          16,
          22
        ],
        "15": [
          22,
          28
        ],
        "9": [
          28,
          32
        ],
        "6": [
          32,
          33
        ],
        "17": [
          33,
          43
        ],
        "7": [
          43,
          45
        ],
        "8": [
          45,
          49
        ],
        "11": [
          49,
          50
        ],
        "13": [
          50,
          60
        ],
        "19": [
          60,
          69
        ],
        "14": [
          69,
          77
        ],
        "16": [
          77,
          85
        ],
        "18": [
          85,
          89
        ],
        "21": [
          89,
          98
        ],
        "12": [
          98,
          100
        ],
        "20": [
          100,
          107
        ],
        "22": [
          107,
          107
        ]
      },
      "activity_order": [
        1,
        4,
        2,
        10,
        3,
        5,
        15,
        9,
        6,
        17,
        7,
        8,
        11,
        13,
        19,
        14,
        16,
        18,
        21,
        12,
        20,
        22
      ]
    },