{
  "instance": "inst_set1a_sf1_nc1.8_n20_m25_02",
  "results": {
    "HRPW*": {
      "makespan": 111,
      "execution_time": 0.00035834312438964844,
      "schedule": {
        "1": [
          0,
          0
        ],
        "4": [
          0,
          4
        ],
        "3": [
          4,
          10
        ],
        "6": [
          10,
          12
        ],
        "7": [
          12,
          19
        ],
        "5": [
          19,
          26
        ],
        "8": [
          26,
          32
        ],
        "9": [
          32,
          37
        ],
        "14": [
          37,
          42
        ],
        "15": [
          42,
          52
        ],
        "10": [
          52,
          58
        ],
        "17": [
          58,
          64
        ],
        "18": [
          64,
          74
        ],
        "2": [
          74,
          75
        ],
        "13": [
          75,
          80
        ],
        "11": [
          80,
          90
        ],
        "12": [
          90,
          91
        ],
        "16": [
          91,
          98
        ],
        "20": [
          98,
          107
        ],
        "21": [
          107,
          110
        ],
        "19": [
          110,
          111
        ],
        "22": [
          111,
          111
        ]
      },
      "activity_order": [
        1,
        4,
        3,
        6,
        7,
        5,
        8,
        9,
        14,
        15,
        10,
        17,
        18,
        2,
        13,
        11,
        12,
        16,
        20,
        21,
        19,
        22
      ]
    },
    "LST": {
      "makespan": 111,
      "execution_time": 0.0002932548522949219,
      "schedule": {
        "1": [
          0,
          0
        ],
        "4": [
          0,
          4
        ],
        "3": [
          4,
          10
        ],
        "6": [
          10,
          12
        ],
        "7": [
          12,
          19
        ],
        "5": [
          19,
          26
        ],
        "8": [
          26,
          32
        ],
        "9": [
          32,
          37
        ],
        "14": [
          37,
          42
        ],
        "15": [
          42,
          52
        ],
        "10": [
          52,
          58
        ],
        "17": [
          58,
          64
        ],
        "18": [
          64,
          74
        ],
        "2": [
          74,
          75
        ],
        "13": [
          75,
          80
        ],
        "11": [
          80,
          90
        ],
        "12": [
          90,
          91
        ],
        "16": [
          91,
          98
        ],
        "20": [
          98,
          107
        ],
        "21": [
          107,
          110
        ],
        "19": [
          110,
          111
        ],
        "22": [
          111,
          111
        ]
      },
      "activity_order": [
        1,
        4,
        3,
        6,
        7,
        5,
        8,
        9,
        14,
        15,
        10,
        17,
        18,
        2,
        13,
        11,
        12,
        16,
        20,
        21,
        19,
        22
      ]
    },
    "LFT": {
      "makespan": 111,
      "execution_time": 0.0002949237823486328,
      "schedule": {
        "1": [
          0,
          0
        ],
        "4": [
          0,
          4
        ],
        "6": [
          4,
          6
        ],
        "3": [
          6,
          12
        ],
        "7": [
          12,
          19
        ],
        "5": [
          19,
          26
        ],
        "8": [
          26,
          32
        ],
        "9": [
          32,
          37
        ],
        "14": [
          37,
          42
        ],
        "10": [
          42,
          48
        ],
        "15": [
          48,
          58
        ],
        "17": [
          58,
          64
        ],
        "2": [
          64,
          65
        ],
        "12": [
          65,
          66
        ],
        "13": [
          66,
          71
        ],
        "18": [
          71,
          81
        ],
        "11": [
          81,
          91
        ],
        "16": [
          91,
          98
        ],
        "19": [
          98,
          99
        ],
        "20": [
          99,
          108
        ],
        "21": [
          108,
          111
        ],
        "22": [
          111,
          111
        ]
      },
      "activity_order": [
        1,
        4,
        6,
        3,
        7,
        5,
        8,
        9,
        14,
        10,
        15,
        17,
        2,
        12,
        13,
        18,
        11,
        16,
        19,
        20,
        21,
        22
      ]
    },
    "MTS": {
      "makespan": 111,
      "execution_time": 0.00029349327087402344,
      "schedule": {
        "1": [
          0,
          0
        ],
        "4": [
          0,
          4
        ],
        "3": [
          4,
          10
        ],
        "6": [
          10,
          12
        ],
        "7": [
          12,
          19
        ],
        "5": [
          19,
          26
        ],
        "8": [
          26,
          32
        ],
        "9": [
          32,
          37
        ],
        "10": [
          37,
          43
        ],
        "2": [
          43,
          44
        ],
        "14": [
          44,
          49
        ],
        "15": [
          49,
          59
        ],
        "17": [
          59,
          65
        ],
        "12": [
          65,
          66
        ],
        "16": [
          66,
          73
        ],
        "18": [
          73,
          83
        ],
        "11": [
          83,
          93
        ],
        "13": [
          93,
          98
        ],
        "19": [
          98,
          99
        ],
        "20": [
          99,
          108
        ],
        "21": [
          108,
          111
        ],
        "22": [
          111,
          111
        ]
      },
      "activity_order": [
        1,
        4,
        3,
        6,
        7,
        5,
        8,
        9,
        10,
        2,
        14,
        15,
        17,
        12,
        16,
        18,
        11,
        13,
        19,
        20,
        21,
        22
      ]
    },
    "TIMROS": {
      "makespan": 111,
      "execution_time": 0.0003006458282470703,
      "schedule": {
        "1": [
          0,
          0
        ],
        "3": [
          0,
          6
        ],
        "5": [
          6,
          13
        ],
        "16": [
          13,
          20
        ],
        "9": [
          20,
          25
        ],
        "4": [
          25,
          29
        ],
        "10": [
          29,
          35
        ],
        "6": [
          35,
          37
        ],
        "7": [
          37,
          44
        ],
        "15": [
          44,
          54
        ],
        "8": [
          54,
          60
        ],
        "14": [
          60,
          65
        ],
        "17": [
          65,
          71
        ],
        "18": [
          71,
          81
        ],
        "2": [
          81,
          82
        ],
        "11": [
          82,
          92
        ],
        "13": [
          92,
          97
        ],
        "21": [
          97,
          100
        ],
        "12": [
          100,
          101
        ],
        "20": [
          101,
          110
        ],
        "19": [
          110,
          111
        ],
        "22": [
          111,
          111
        ]
      },