{
  "instance": "inst_set1a_sf0_nc2.1_n20_m20_03",
  "results": {
    "HRPW*": {
      "makespan": 123,
      "execution_time": 5.745887756347656e-05,
      "schedule": {
        "1": [
          0,
          0
        ],
        "4": [
          0,
          9
        ],
        "7": [
          9,
          19
        ],
        "2": [
          19,
          26
        ],
        "6": [
          26,
          30
        ],
        "3": [
          30,
          31
        ],
        "8": [
          31,
          36
        ],
        "5": [
          36,
          42
        ],
        "12": [
          42,
          52
        ],
        "15": [
          52,
          58
        ],
        "9": [
          58,
          61
        ],
        "10": [
          61,
          69
        ],
        "16": [
          69,
          79
        ],
        "17": [
          79,
          86
        ],
        "13": [
          86,
          91
        ],
        "11": [
          91,
          93
        ],
        "14": [
          93,
          96
        ],
        "18": [
          96,
          99
        ],
        "19": [
          99,
          108
        ],
        "21": [
          108,
          116
        ],
        "20": [
          116,
          123
        ],
        "22": [
          123,
          123
        ]
      },
      "activity_order": [
        1,
        4,
        7,
        2,
        6,
        3,
        8,
        5,
        12,
        15,
        9,
        10,
        16,
        17,
        13,
        11,
        14,
        18,
        19,
        21,
        20,
        22
      ]
    },
    "LST": {
      "makespan": 123,
      "execution_time": 5.14984130859375e-05,
      "schedule": {
        "1": [
          0,
          0
        ],
        "4": [
          0,
          9
        ],
        "7": [
          9,
          19
        ],
        "2": [
          19,
          26
        ],
        "6": [
          26,
          30
        ],
        "3": [
          30,
          31
        ],
        "8": [
          31,
          36
        ],
        "5": [
          36,
          42
        ],
        "12": [
          42,
          52
        ],
        "15": [
          52,
          58
        ],
        "9": [
          58,
          61
        ],
        "10": [
          61,
          69
        ],
        "16": [
          69,
          79
        ],
        "17": [
          79,
          86
        ],
        "13": [
          86,
          91
        ],
        "11": [
          91,
          93
        ],
        "14": [
          93,
          96
        ],
        "18": [
          96,
          99
        ],
        "19": [
          99,
          108
        ],
        "21": [
          108,
          116
        ],
        "20": [
          116,
          123
        ],
        "22": [
          123,
          123
        ]
      },
      "activity_order": [
        1,
        4,
        7,
        2,
        6,
        3,
        8,
        5,
        12,
        15,
        9,
        10,
        16,
        17,
        13,
        11,
        14,
        18,
        19,
        21,
        20,
        22
      ]
    },
    "LFT": {
      "makespan": 123,
      "execution_time": 3.933906555175781e-05,
      "schedule": {
        "1": [
          0,
          0
        ],
        "4": [
          0,
          9
        ],
        "6": [
          9,
          13
        ],
        "7": [
          13,
          23
        ],
        "2": [
          23,
          30
        ],
        "3": [
          30,
          31
        ],
        "8": [
          31,
          36
        ],
        "5": [
          36,
          42
        ],
        "9": [
          42,
          45
        ],
        "12": [
          45,
          55
        ],
        "15": [
          55,
          61
        ],
        "10": [
          61,
          69
        ],
        "11": [
          69,
          71
        ],
        "17": [
          71,
          78
        ],
        "13": [
          78,
          83
        ],
        "14": [
          83,
          86
        ],
        "16": [
          86,
          96
        ],
        "18": [
          96,
          99
        ],
        "19": [
          99,
          108
        ],
        "20": [
          108,
          115
        ],
        "21": [
          115,
          123
        ],
        "22": [
          123,
          123
        ]
      },
      "activity_order": [
        1,
        4,
        6,
        7,
        2,
        3,
        8,
        5,
        9,
        12,
        15,
        10,
        11,
        17,
        13,
        14,
        16,
        18,
        19,
        20,
        21,
        22
      ]
    },
    "MTS": {
      "makespan": 123,
      "execution_time": 3.981590270996094e-05,
      "schedule": {
        "1": [
          0,
          0
        ],
        "4": [
          0,
          9
        ],
        "2": [
          9,
          16
        ],
        "6": [
          16,
          20
        ],
        "3": [
          20,
          21
        ],
        "7": [
          21,
          31
        ],
        "5": [
          31,
          37
        ],
        "8": [
          37,
          42
        ],
        "12": [
          42,
          52
        ],
        "9": [
          52,
          55
        ],
        "11": [
          55,
          57
        ],
        "15": [
          57,
          63
        ],
        "17": [
          63,
          70
        ],
        "10": [
          70,
          78
        ],
        "16": [
          78,
          88
        ],
        "13": [
          88,
          93
        ],
        "14": [
          93,
          96
        ],
        "18": [
          96,
          99
        ],
        "19": [
          99,
          108
        ],
        "20": [
          108,
          115
        ],
        "21": [
          115,
          123
        ],
        "22": [
          123,
          123
        ]
      },
      "activity_order": [
        1,
        4,
        2,
        6,
        3,
        7,
        5,
        8,
        12,
        9,
        11,
        15,
        17,
        10,
        16,
        13,
        14,
        18,
        19,
        20,
        21,
        22
      ]
    },
    "TIMROS": {
      "makespan": 123,
      "execution_time": 4.315376281738281e-05,
      "schedule": {
        "1": [
          0,
          0
        ],
        "2": [
          0,
          7
        ],
        "4": [
          7,
          16
        ],
        "6": [
          16,
          20
        ],
        "12": [
          20,
          30
        ],
        "7": [
          30,
          40
        ],
        "17": [
          40,
          47
        ],
        "8": [
          47,
          52
        ],
        "15": [
          52,
          58
        ],
        "3": [
          58,
          59
        ],
        "16": [
          59,
          69
        ],
        "5": [
          69,
          75
        ],
        "20": [
          75,
          82
        ],
        "9": [
          82,
          85
        ],
        "13": [
          85,
          90
        ],
        "10": [
          90,
          98
        ],
        "11": [
          98,
          100
        ],
        "18": [
          100,
          103
        ],
        "21": [
          103,
          111
        ],
        "14": [
          111,
          114
        ],
        "19": [
          114,
          123
        ],
        "22": [
          123,
          123
        ]
      },