{
  "instance": "inst_set1a_sf0.75_nc2.1_n20_m25_03",
  "results": {
    "HRPW*": {
      "makespan": 48,
      "execution_time": 0.0003180503845214844,
      "schedule": {
        "1": [
          0,
          0
        ],
        "4": [
          0,
          5
        ],
        "2": [
          0,
          5
        ],
        "3": [
          0,
          4
        ],
        "5": [
          5,
          11
        ],
        "7": [
          11,
          21
        ],
        "6": [
          11,
          19
        ],
        "10": [
          5,
          13
        ],
        "9": [
          13,
          17
        ],
        "8": [
          17,
          27
        ],
        "16": [
          21,
          23
        ],
        "11": [
          21,
          22
        ],
        "17": [
          23,
          33
        ],
        "12": [
          19,
          22
        ],
        "14": [
          27,
          33
        ],
        "15": [
          33,
          41
        ],
        "21": [
          27,
          36
        ],
        "13": [
          36,
          40
        ],
        "18": [
          40,
          44
        ],
        "19": [
          44,
          46
        ],
        "20": [
          46,
          48
        ],
        "22": [
          48,
          48
        ]
      },
      "activity_order": [
        1,
        4,
        2,
        3,
        5,
        7,
        6,
        10,
        9,
        8,
        16,
        11,
        17,
        12,
        14,
        15,
        21,
        13,
        18,
        19,
        20,
        22
      ]
    },
    "LST": {
      "makespan": 48,
      "execution_time": 0.0003218650817871094,
      "schedule": {
        "1": [
          0,
          0
        ],
        "4": [
          0,
          5
        ],
        "2": [
          0,
          5
        ],
        "3": [
          0,
          4
        ],
        "5": [
          5,
          11
        ],
        "7": [
          11,
          21
        ],
        "6": [
          11,
          19
        ],
        "10": [
          5,
          13
        ],
        "9": [
          13,
          17
        ],
        "8": [
          17,
          27
        ],
        "16": [
          21,
          23
        ],
        "11": [
          21,
          22
        ],
        "17": [
          23,
          33
        ],
        "12": [
          19,
          22
        ],
        "14": [
          27,
          33
        ],
        "15": [
          33,
          41
        ],
        "21": [
          27,
          36
        ],
        "13": [
          36,
          40
        ],
        "18": [
          40,
          44
        ],
        "19": [
          44,
          46
        ],
        "20": [
          46,
          48
        ],
        "22": [
          48,
          48
        ]
      },
      "activity_order": [
        1,
        4,
        2,
        3,
        5,
        7,
        6,
        10,
        9,
        8,
        16,
        11,
        17,
        12,
        14,
        15,
        21,
        13,
        18,
        19,
        20,
        22
      ]
    },
    "LFT": {
      "makespan": 46,
      "execution_time": 0.0003199577331542969,
      "schedule": {
        "1": [
          0,
          0
        ],
        "4": [
          0,
          5
        ],
        "2": [
          0,
          5
        ],
        "3": [
          0,
          4
        ],
        "5": [
          5,
          11
        ],
        "7": [
          11,
          21
        ],
        "6": [
          11,
          19
        ],
        "10": [
          5,
          13
        ],
        "9": [
          13,
          17
        ],
        "11": [
          21,
          22
        ],
        "16": [
          21,
          23
        ],
        "12": [
          19,
          22
        ],
        "8": [
          17,
          27
        ],
        "14": [
          27,
          33
        ],
        "17": [
          23,
          33
        ],
        "13": [
          22,
          26
        ],
        "15": [
          33,
          41
        ],
        "18": [
          33,
          37
        ],
        "19": [
          41,
          43
        ],
        "20": [
          43,
          45
        ],
        "21": [
          37,
          46
        ],
        "22": [
          46,
          46
        ]
      },
      "activity_order": [
        1,
        4,
        2,
        3,
        5,
        7,
        6,
        10,
        9,
        11,
        16,
        12,
        8,
        14,
        17,
        13,
        15,
        18,
        19,
        20,
        21,
        22
      ]
    },
    "MTS": {
      "makespan": 50,
      "execution_time": 0.0003159046173095703,
      "schedule": {
        "1": [
          0,
          0
        ],
        "4": [
          0,
          5
        ],
        "5": [
          5,
          11
        ],
        "2": [
          0,
          5
        ],
        "3": [
          11,
          15
        ],
        "6": [
          11,
          19
        ],
        "7": [
          15,
          25
        ],
        "10": [
          5,
          13
        ],
        "9": [
          15,
          19
        ],
        "8": [
          19,
          29
        ],
        "16": [
          25,
          27
        ],
        "11": [
          25,
          26
        ],
        "12": [
          19,
          22
        ],
        "14": [
          29,
          35
        ],
        "17": [
          27,
          37
        ],
        "13": [
          25,
          29
        ],
        "15": [
          37,
          45
        ],
        "18": [
          37,
          41
        ],
        "19": [
          45,
          47
        ],
        "20": [
          47,
          49
        ],
        "21": [
          41,
          50
        ],
        "22": [
          50,
          50
        ]
      },
      "activity_order": [
        1,
        4,
        5,
        2,
        3,
        6,
        7,
        10,
        9,
        8,
        16,
        11,
        12,
        14,
        17,
        13,
        15,
        18,
        19,
        20,
        21,
        22
      ]
    },
    "TIMROS": {
      "makespan": 67,
      "execution_time": 0.0003314018249511719,
      "schedule": {
        "1": [
          0,
          0
        ],
        "2": [
          0,
          5
        ],
        "4": [
          0,
          5
        ],
        "10": [
          5,
          13
        ],
        "5": [
          5,
          11
        ],
        "6": [
          11,
          19
        ],
        "12": [
          19,
          22
        ],
        "15": [
          22,
          30
        ],
        "3": [
          30,
          34
        ],
        "8": [
          34,
          44
        ],
        "9": [
          44,
          48
        ],
        "14": [
          48,
          54
        ],
        "7": [
          34,
          44
        ],
        "13": [
          44,
          48
        ],
        "16": [
          44,
          46
        ],
        "21": [
          48,
          57
        ],
        "20": [
          48,
          50
        ],
        "11": [
          50,
          51
        ],
        "17": [
          51,
          61
        ],
        "18": [
          61,
          65
        ],
        "19": [
          65,
          67
        ],
        "22": [
          67,
          67
        ]
      },
      "activity_order": [
        1,
        2,
        4,
        10,
        5,
        6,
        12,
        15,
        3,
        8,
        9,
        14,
        7,
        13,
        16,
        21,
        20,
        11,
        17,
        18,
        19,
        22
      ]
    },
    "HRU1": {
      "makespan": 66,