{
  "instance": "inst_set1a_sf1_nc1.5_n20_m30_04",
  "results": {
    "HRPW*": {
      "makespan": 109,
      "execution_time": 0.00034928321838378906,
      "schedule": {
        "1": [
          0,
          0
        ],
        "3": [
          0,
          3
        ],
        "6": [
          3,
          11
        ],
        "8": [
          11,
          20
        ],
        "2": [
          20,
          23
        ],
        "9": [
          23,
          31
        ],
        "4": [
          31,
          38
        ],
        "10": [
          38,
          48
        ],
        "5": [
          48,
          53
        ],
        "11": [
          53,
          56
        ],
        "7": [
          56,
          60
        ],
        "13": [
          60,
          62
        ],
        "17": [
          62,
          65
        ],
        "14": [
          65,
          73
        ],
        "18": [
          73,
          81
        ],
        "16": [
          81,
          83
        ],
        "15": [
          83,
          85
        ],
        "20": [
          85,
          95
        ],
        "21": [
          95,
          104
        ],
        "12": [
          104,
          105
        ],
        "19": [
          105,
          109
        ],
        "22": [
          109,
          109
        ]
      },
      "activity_order": [
        1,
        3,
        6,
        8,
        2,
        9,
        4,
        10,
        5,
        11,
        7,
        13,
        17,
        14,
        18,
        16,
        15,
        20,
        21,
        12,
        19,
        22
      ]
    },
    "LST": {
      "makespan": 109,
      "execution_time": 0.00034499168395996094,
      "schedule": {
        "1": [
          0,
          0
        ],
        "3": [
          0,
          3
        ],
        "6": [
          3,
          11
        ],
        "8": [
          11,
          20
        ],
        "2": [
          20,
          23
        ],
        "9": [
          23,
          31
        ],
        "4": [
          31,
          38
        ],
        "10": [
          38,
          48
        ],
        "5": [
          48,
          53
        ],
        "11": [
          53,
          56
        ],
        "7": [
          56,
          60
        ],
        "13": [
          60,
          62
        ],
        "17": [
          62,
          65
        ],
        "14": [
          65,
          73
        ],
        "18": [
          73,
          81
        ],
        "16": [
          81,
          83
        ],
        "15": [
          83,
          85
        ],
        "20": [
          85,
          95
        ],
        "21": [
          95,
          104
        ],
        "12": [
          104,
          105
        ],
        "19": [
          105,
          109
        ],
        "22": [
          109,
          109
        ]
      },
      "activity_order": [
        1,
        3,
        6,
        8,
        2,
        9,
        4,
        10,
        5,
        11,
        7,
        13,
        17,
        14,
        18,
        16,
        15,
        20,
        21,
        12,
        19,
        22
      ]
    },
    "LFT": {
      "makespan": 109,
      "execution_time": 0.0005106925964355469,
      "schedule": {
        "1": [
          0,
          0
        ],
        "3": [
          0,
          3
        ],
        "6": [
          3,
          11
        ],
        "2": [
          11,
          14
        ],
        "8": [
          14,
          23
        ],
        "9": [
          23,
          31
        ],
        "4": [
          31,
          38
        ],
        "5": [
          38,
          43
        ],
        "10": [
          43,
          53
        ],
        "11": [
          53,
          56
        ],
        "13": [
          56,
          58
        ],
        "7": [
          58,
          62
        ],
        "17": [
          62,
          65
        ],
        "14": [
          65,
          73
        ],
        "16": [
          73,
          75
        ],
        "18": [
          75,
          83
        ],
        "15": [
          83,
          85
        ],
        "12": [
          85,
          86
        ],
        "19": [
          86,
          90
        ],
        "20": [
          90,
          100
        ],
        "21": [
          100,
          109
        ],
        "22": [
          109,
          109
        ]
      },
      "activity_order": [
        1,
        3,
        6,
        2,
        8,
        9,
        4,
        5,
        10,
        11,
        13,
        7,
        17,
        14,
        16,
        18,
        15,
        12,
        19,
        20,
        21,
        22
      ]
    },
    "MTS": {
      "makespan": 109,
      "execution_time": 0.0003407001495361328,
      "schedule": {
        "1": [
          0,
          0
        ],
        "3": [
          0,
          3
        ],
        "4": [
          3,
          10
        ],
        "6": [
          10,
          18
        ],
        "2": [
          18,
          21
        ],
        "5": [
          21,
          26
        ],
        "8": [
          26,
          35
        ],
        "9": [
          35,
          43
        ],
        "10": [
          43,
          53
        ],
        "7": [
          53,
          57
        ],
        "11": [
          57,
          60
        ],
        "13": [
          60,
          62
        ],
        "14": [
          62,
          70
        ],
        "16": [
          70,
          72
        ],
        "17": [
          72,
          75
        ],
        "12": [
          75,
          76
        ],
        "15": [
          76,
          78
        ],
        "18": [
          78,
          86
        ],
        "19": [
          86,
          90
        ],
        "20": [
          90,
          100
        ],
        "21": [
          100,
          109
        ],
        "22": [
          109,
          109
        ]
      },
      "activity_order": [
        1,
        3,
        4,
        6,
        2,
        5,
        8,
        9,
        10,
        7,
        11,
        13,
        14,
        16,
        17,
        12,
        15,
        18,
        19,
        20,
        21,
        22
      ]
    },
    "TIMROS": {
      "makespan": 109,
      "execution_time": 0.0003542900085449219,
      "schedule": {
        "1": [
          0,
          0
        ],
        "4": [
          0,
          7
        ],
        "5": [
          7,
          12
        ],
        "7": [
          12,
          16
        ],
        "2": [
          16,
          19
        ],
        "3": [
          19,
          22
        ],
        "6": [
          22,
          30
        ],
        "8": [
          30,
          39
        ],
        "9": [
          39,
          47
        ],
        "10": [
          47,
          57
        ],
        "11": [
          57,
          60
        ],
        "17": [
          60,
          63
        ],
        "18": [
          63,
          71
        ],
        "13": [
          71,
          73
        ],
        "14": [
          73,
          81
        ],
        "15": [
          81,
          83
        ],
        "21": [
          83,
          92
        ],
        "16": [
          92,
          94
        ],
        "20": [
          94,
          104
        ],
        "12": [
          104,
          105
        ],
        "19": [
          105,
          109
        ],
        "22": [
          109,
          109
        ]
      },