{
  "instance": "inst_set1a_sf1_nc1.5_n20_m25_05",
  "results": {
    "HRPW*": {
      "makespan": 136,
      "execution_time": 0.0003905296325683594,
      "schedule": {
        "1": [
          0,
          0
        ],
        "4": [
          0,
          7
        ],
        "5": [
          7,
          12
        ],
        "6": [
          12,
          19
        ],
        "2": [
          19,
          24
        ],
        "7": [
          24,
          28
        ],
        "9": [
          28,
          38
        ],
        "11": [
          38,
          47
        ],
        "8": [
          47,
          51
        ],
        "13": [
          51,
          59
        ],
        "3": [
          59,
          60
        ],
        "14": [
          60,
          70
        ],
        "10": [
          70,
          79
        ],
        "12": [
          79,
          88
        ],
        "15": [
          88,
          95
        ],
        "16": [
          95,
          103
        ],
        "17": [
          103,
          110
        ],
        "21": [
          110,
          120
        ],
        "18": [
          120,
          123
        ],
        "20": [
          123,
          131
        ],
        "19": [
          131,
          136
        ],
        "22": [
          136,
          136
        ]
      },
      "activity_order": [
        1,
        4,
        5,
        6,
        2,
        7,
        9,
        11,
        8,
        13,
        3,
        14,
        10,
        12,
        15,
        16,
        17,
        21,
        18,
        20,
        19,
        22
      ]
    },
    "LST": {
      "makespan": 136,
      "execution_time": 0.0003809928894042969,
      "schedule": {
        "1": [
          0,
          0
        ],
        "4": [
          0,
          7
        ],
        "5": [
          7,
          12
        ],
        "6": [
          12,
          19
        ],
        "2": [
          19,
          24
        ],
        "7": [
          24,
          28
        ],
        "9": [
          28,
          38
        ],
        "11": [
          38,
          47
        ],
        "8": [
          47,
          51
        ],
        "13": [
          51,
          59
        ],
        "3": [
          59,
          60
        ],
        "14": [
          60,
          70
        ],
        "10": [
          70,
          79
        ],
        "12": [
          79,
          88
        ],
        "15": [
          88,
          95
        ],
        "16": [
          95,
          103
        ],
        "17": [
          103,
          110
        ],
        "21": [
          110,
          120
        ],
        "18": [
          120,
          123
        ],
        "20": [
          123,
          131
        ],
        "19": [
          131,
          136
        ],
        "22": [
          136,
          136
        ]
      },
      "activity_order": [
        1,
        4,
        5,
        6,
        2,
        7,
        9,
        11,
        8,
        13,
        3,
        14,
        10,
        12,
        15,
        16,
        17,
        21,
        18,
        20,
        19,
        22
      ]
    },
    "LFT": {
      "makespan": 136,
      "execution_time": 0.0003857612609863281,
      "schedule": {
        "1": [
          0,
          0
        ],
        "4": [
          0,
          7
        ],
        "5": [
          7,
          12
        ],
        "6": [
          12,
          19
        ],
        "7": [
          19,
          23
        ],
        "2": [
          23,
          28
        ],
        "9": [
          28,
          38
        ],
        "11": [
          38,
          47
        ],
        "3": [
          47,
          48
        ],
        "8": [
          48,
          52
        ],
        "13": [
          52,
          60
        ],
        "15": [
          60,
          67
        ],
        "10": [
          67,
          76
        ],
        "12": [
          76,
          85
        ],
        "14": [
          85,
          95
        ],
        "16": [
          95,
          103
        ],
        "17": [
          103,
          110
        ],
        "18": [
          110,
          113
        ],
        "19": [
          113,
          118
        ],
        "20": [
          118,
          126
        ],
        "21": [
          126,
          136
        ],
        "22": [
          136,
          136
        ]
      },
      "activity_order": [
        1,
        4,
        5,
        6,
        7,
        2,
        9,
        11,
        3,
        8,
        13,
        15,
        10,
        12,
        14,
        16,
        17,
        18,
        19,
        20,
        21,
        22
      ]
    },
    "MTS": {
      "makespan": 136,
      "execution_time": 0.0005614757537841797,
      "schedule": {
        "1": [
          0,
          0
        ],
        "4": [
          0,
          7
        ],
        "5": [
          7,
          12
        ],
        "6": [
          12,
          19
        ],
        "7": [
          19,
          23
        ],
        "2": [
          23,
          28
        ],
        "8": [
          28,
          32
        ],
        "9": [
          32,
          42
        ],
        "11": [
          42,
          51
        ],
        "3": [
          51,
          52
        ],
        "13": [
          52,
          60
        ],
        "15": [
          60,
          67
        ],
        "10": [
          67,
          76
        ],
        "12": [
          76,
          85
        ],
        "14": [
          85,
          95
        ],
        "16": [
          95,
          103
        ],
        "17": [
          103,
          110
        ],
        "18": [
          110,
          113
        ],
        "19": [
          113,
          118
        ],
        "20": [
          118,
          126
        ],
        "21": [
          126,
          136
        ],
        "22": [
          136,
          136
        ]
      },
      "activity_order": [
        1,
        4,
        5,
        6,
        7,
        2,
        8,
        9,
        11,
        3,
        13,
        15,
        10,
        12,
        14,
        16,
        17,
        18,
        19,
        20,
        21,
        22
      ]
    },
    "TIMROS": {
      "makespan": 136,
      "execution_time": 0.0004241466522216797,
      "schedule": {
        "1": [
          0,
          0
        ],
        "4": [
          0,
          7
        ],
        "20": [
          7,
          15
        ],
        "2": [
          15,
          20
        ],
        "11": [
          20,
          29
        ],
        "5": [
          29,
          34
        ],
        "6": [
          34,
          41
        ],
        "10": [
          41,
          50
        ],
        "7": [
          50,
          54
        ],
        "9": [
          54,
          64
        ],
        "14": [
          64,
          74
        ],
        "13": [
          74,
          82
        ],
        "16": [
          82,
          90
        ],
        "8": [
          90,
          94
        ],
        "15": [
          94,
          101
        ],
        "17": [
          101,
          108
        ],
        "18": [
          108,
          111
        ],
        "19": [
          111,
          116
        ],
        "3": [
          116,
          117
        ],
        "12": [
          117,
          126
        ],
        "21": [
          126,
          136
        ],
        "22": [
          136,
          136
        ]
      },