{
  "instance": "inst_set1a_sf0.5_nc2.1_n20_m10_01",
  "results": {
    "HRPW*": {
      "makespan": 109,
      "execution_time": 6.532669067382812e-05,
      "schedule": {
        "1": [
          0,
          0
        ],
        "3": [
          0,
          10
        ],
        "4": [
          10,
          15
        ],
        "2": [
          15,
          16
        ],
        "7": [
          16,
          21
        ],
        "6": [
          21,
          22
        ],
        "10": [
          22,
          30
        ],
        "15": [
          30,
          39
        ],
        "8": [
          39,
          45
        ],
        "5": [
          45,
          48
        ],
        "11": [
          48,
          50
        ],
        "14": [
          50,
          52
        ],
        "12": [
          52,
          59
        ],
        "16": [
          59,
          66
        ],
        "17": [
          66,
          73
        ],
        "9": [
          73,
          79
        ],
        "13": [
          79,
          86
        ],
        "18": [
          86,
          89
        ],
        "20": [
          89,
          99
        ],
        "19": [
          99,
          106
        ],
        "21": [
          106,
          109
        ],
        "22": [
          109,
          109
        ]
      },
      "activity_order": [
        1,
        3,
        4,
        2,
        7,
        6,
        10,
        15,
        8,
        5,
        11,
        14,
        12,
        16,
        17,
        9,
        13,
        18,
        20,
        19,
        21,
        22
      ]
    },
    "LST": {
      "makespan": 109,
      "execution_time": 5.364418029785156e-05,
      "schedule": {
        "1": [
          0,
          0
        ],
        "3": [
          0,
          10
        ],
        "4": [
          10,
          15
        ],
        "2": [
          15,
          16
        ],
        "7": [
          16,
          21
        ],
        "6": [
          21,
          22
        ],
        "10": [
          22,
          30
        ],
        "15": [
          30,
          39
        ],
        "8": [
          39,
          45
        ],
        "5": [
          45,
          48
        ],
        "11": [
          48,
          50
        ],
        "14": [
          50,
          52
        ],
        "12": [
          52,
          59
        ],
        "16": [
          59,
          66
        ],
        "17": [
          66,
          73
        ],
        "9": [
          73,
          79
        ],
        "13": [
          79,
          86
        ],
        "18": [
          86,
          89
        ],
        "20": [
          89,
          99
        ],
        "19": [
          99,
          106
        ],
        "21": [
          106,
          109
        ],
        "22": [
          109,
          109
        ]
      },
      "activity_order": [
        1,
        3,
        4,
        2,
        7,
        6,
        10,
        15,
        8,
        5,
        11,
        14,
        12,
        16,
        17,
        9,
        13,
        18,
        20,
        19,
        21,
        22
      ]
    },
    "LFT": {
      "makespan": 109,
      "execution_time": 6.127357482910156e-05,
      "schedule": {
        "1": [
          0,
          0
        ],
        "2": [
          0,
          1
        ],
        "4": [
          1,
          6
        ],
        "6": [
          6,
          7
        ],
        "3": [
          7,
          17
        ],
        "7": [
          17,
          22
        ],
        "5": [
          22,
          25
        ],
        "10": [
          25,
          33
        ],
        "8": [
          33,
          39
        ],
        "11": [
          39,
          41
        ],
        "14": [
          41,
          43
        ],
        "15": [
          43,
          52
        ],
        "9": [
          52,
          58
        ],
        "12": [
          58,
          65
        ],
        "16": [
          65,
          72
        ],
        "17": [
          72,
          79
        ],
        "18": [
          79,
          82
        ],
        "13": [
          82,
          89
        ],
        "19": [
          89,
          96
        ],
        "20": [
          96,
          106
        ],
        "21": [
          106,
          109
        ],
        "22": [
          109,
          109
        ]
      },
      "activity_order": [
        1,
        2,
        4,
        6,
        3,
        7,
        5,
        10,
        8,
        11,
        14,
        15,
        9,
        12,
        16,
        17,
        18,
        13,
        19,
        20,
        21,
        22
      ]
    },
    "MTS": {
      "makespan": 109,
      "execution_time": 5.269050598144531e-05,
      "schedule": {
        "1": [
          0,
          0
        ],
        "4": [
          0,
          5
        ],
        "3": [
          5,
          15
        ],
        "2": [
          15,
          16
        ],
        "6": [
          16,
          17
        ],
        "5": [
          17,
          20
        ],
        "7": [
          20,
          25
        ],
        "10": [
          25,
          33
        ],
        "8": [
          33,
          39
        ],
        "11": [
          39,
          41
        ],
        "14": [
          41,
          43
        ],
        "15": [
          43,
          52
        ],
        "12": [
          52,
          59
        ],
        "9": [
          59,
          65
        ],
        "16": [
          65,
          72
        ],
        "17": [
          72,
          79
        ],
        "13": [
          79,
          86
        ],
        "18": [
          86,
          89
        ],
        "19": [
          89,
          96
        ],
        "20": [
          96,
          106
        ],
        "21": [
          106,
          109
        ],
        "22": [
          109,
          109
        ]
      },
      "activity_order": [
        1,
        4,
        3,
        2,
        6,
        5,
        7,
        10,
        8,
        11,
        14,
        15,
        12,
        9,
        16,
        17,
        13,
        18,
        19,
        20,
        21,
        22
      ]
    },
    "TIMROS": {
      "makespan": 109,
      "execution_time": 4.887580871582031e-05,
      "schedule": {
        "1": [
          0,
          0
        ],
        "3": [
          0,
          10
        ],
        "4": [
          10,
          15
        ],
        "5": [
          15,
          18
        ],
        "2": [
          18,
          19
        ],
        "8": [
          19,
          25
        ],
        "7": [
          25,
          30
        ],
        "15": [
          30,
          39
        ],
        "9": [
          39,
          45
        ],
        "6": [
          45,
          46
        ],
        "20": [
          46,
          56
        ],
        "10": [
          56,
          64
        ],
        "11": [
          64,
          66
        ],
        "12": [
          66,
          73
        ],
        "13": [
          73,
          80
        ],
        "21": [
          80,
          83
        ],
        "14": [
          83,
          85
        ],
        "16": [
          85,
          92
        ],
        "17": [
          92,
          99
        ],
        "18": [
          99,
          102
        ],
        "19": [
          102,
          109
        ],
        "22": [
          109,
          109
        ]
      },
      "activity_order": [
        1,
        3,
        4,
        5,
        2,
        8,
        7,
        15,
        9,
        6,
        20,
        10,
        11,
        12,
        13,
        21,
        14,
        16,
        17,
        18,
        19,
        22
      ]
    },