{
  "instance": "inst_set1a_sf0.75_nc2.1_n20_m25_01",
  "results": {
    "HRPW*": {
      "makespan": 77,
      "execution_time": 0.0006115436553955078,
      "schedule": {
        "1": [
          0,
          0
        ],
        "2": [
          0,
          1
        ],
        "12": [
          1,
          10
        ],
        "4": [
          0,
          5
        ],
        "3": [
          10,
          11
        ],
        "6": [
          5,
          6
        ],
        "7": [
          11,
          19
        ],
        "8": [
          19,
          26
        ],
        "13": [
          26,
          35
        ],
        "11": [
          35,
          43
        ],
        "5": [
          43,
          48
        ],
        "10": [
          48,
          52
        ],
        "15": [
          52,
          61
        ],
        "16": [
          19,
          29
        ],
        "9": [
          48,
          49
        ],
        "14": [
          61,
          67
        ],
        "17": [
          52,
          60
        ],
        "20": [
          67,
          74
        ],
        "18": [
          67,
          68
        ],
        "19": [
          68,
          73
        ],
        "21": [
          73,
          77
        ],
        "22": [
          77,
          77
        ]
      },
      "activity_order": [
        1,
        2,
        12,
        4,
        3,
        6,
        7,
        8,
        13,
        11,
        5,
        10,
        15,
        16,
        9,
        14,
        17,
        20,
        18,
        19,
        21,
        22
      ]
    },
    "LST": {
      "makespan": 77,
      "execution_time": 0.0006134510040283203,
      "schedule": {
        "1": [
          0,
          0
        ],
        "2": [
          0,
          1
        ],
        "12": [
          1,
          10
        ],
        "4": [
          0,
          5
        ],
        "3": [
          10,
          11
        ],
        "6": [
          5,
          6
        ],
        "7": [
          11,
          19
        ],
        "8": [
          19,
          26
        ],
        "13": [
          26,
          35
        ],
        "11": [
          35,
          43
        ],
        "5": [
          43,
          48
        ],
        "10": [
          48,
          52
        ],
        "15": [
          52,
          61
        ],
        "16": [
          19,
          29
        ],
        "9": [
          48,
          49
        ],
        "14": [
          61,
          67
        ],
        "17": [
          52,
          60
        ],
        "20": [
          67,
          74
        ],
        "18": [
          67,
          68
        ],
        "19": [
          68,
          73
        ],
        "21": [
          73,
          77
        ],
        "22": [
          77,
          77
        ]
      },
      "activity_order": [
        1,
        2,
        12,
        4,
        3,
        6,
        7,
        8,
        13,
        11,
        5,
        10,
        15,
        16,
        9,
        14,
        17,
        20,
        18,
        19,
        21,
        22
      ]
    },
    "LFT": {
      "makespan": 71,
      "execution_time": 0.0005762577056884766,
      "schedule": {
        "1": [
          0,
          0
        ],
        "2": [
          0,
          1
        ],
        "3": [
          1,
          2
        ],
        "4": [
          0,
          5
        ],
        "6": [
          5,
          6
        ],
        "12": [
          2,
          11
        ],
        "7": [
          5,
          13
        ],
        "8": [
          13,
          20
        ],
        "5": [
          20,
          25
        ],
        "9": [
          25,
          26
        ],
        "10": [
          25,
          29
        ],
        "11": [
          29,
          37
        ],
        "13": [
          37,
          46
        ],
        "14": [
          46,
          52
        ],
        "15": [
          52,
          61
        ],
        "16": [
          26,
          36
        ],
        "17": [
          46,
          54
        ],
        "18": [
          61,
          62
        ],
        "19": [
          62,
          67
        ],
        "20": [
          61,
          68
        ],
        "21": [
          67,
          71
        ],
        "22": [
          71,
          71
        ]
      },
      "activity_order": [
        1,
        2,
        3,
        4,
        6,
        12,
        7,
        8,
        5,
        9,
        10,
        11,
        13,
        14,
        15,
        16,
        17,
        18,
        19,
        20,
        21,
        22
      ]
    },
    "MTS": {
      "makespan": 71,
      "execution_time": 0.0003814697265625,
      "schedule": {
        "1": [
          0,
          0
        ],
        "2": [
          0,
          1
        ],
        "4": [
          0,
          5
        ],
        "3": [
          1,
          2
        ],
        "6": [
          5,
          6
        ],
        "7": [
          5,
          13
        ],
        "8": [
          13,
          20
        ],
        "12": [
          2,
          11
        ],
        "11": [
          20,
          28
        ],
        "5": [
          28,
          33
        ],
        "10": [
          33,
          37
        ],
        "13": [
          37,
          46
        ],
        "9": [
          33,
          34
        ],
        "14": [
          46,
          52
        ],
        "15": [
          52,
          61
        ],
        "16": [
          34,
          44
        ],
        "17": [
          46,
          54
        ],
        "18": [
          61,
          62
        ],
        "19": [
          62,
          67
        ],
        "20": [
          61,
          68
        ],
        "21": [
          67,
          71
        ],
        "22": [
          71,
          71
        ]
      },
      "activity_order": [
        1,
        2,
        4,
        3,
        6,
        7,
        8,
        12,
        11,
        5,
        10,
        13,
        9,
        14,
        15,
        16,
        17,
        18,
        19,
        20,
        21,
        22
      ]
    },
    "TIMROS": {
      "makespan": 75,
      "execution_time": 0.0005834102630615234,
      "schedule": {
        "1": [
          0,
          0
        ],
        "4": [
          0,
          5
        ],
        "6": [
          5,
          6
        ],
        "2": [
          0,
          1
        ],
        "8": [
          6,
          13
        ],
        "12": [
          1,
          10
        ],
        "13": [
          13,
          22
        ],
        "15": [
          22,
          31
        ],
        "3": [
          10,
          11
        ],
        "7": [
          31,
          39
        ],
        "11": [
          39,
          47
        ],
        "14": [
          47,
          53
        ],
        "5": [
          53,
          58
        ],
        "10": [
          58,
          62
        ],
        "21": [
          62,
          66
        ],
        "20": [
          53,
          60
        ],
        "16": [
          39,
          49
        ],
        "18": [
          66,
          67
        ],
        "9": [
          58,
          59
        ],
        "17": [
          62,
          70
        ],
        "19": [
          70,
          75
        ],
        "22": [
          75,
          75
        ]
      },
      "activity_order": [
        1,
        4,
        6,
        2,
        8,
        12,
        13,
        15,
        3,
        7,
        11,
        14,
        5,
        10,
        21,
        20,
        16,
        18,
        9,
        17,
        19,
        22
      ]
    },
    "HRU1": {
      "makespan": 71,