{
  "instance": "inst_set1a_sf0.75_nc1.5_n20_m10_03",
  "results": {
    "HRPW*": {
      "makespan": 58,
      "execution_time": 0.00016689300537109375,
      "schedule": {
        "1": [
          0,
          0
        ],
        "3": [
          0,
          5
        ],
        "5": [
          5,
          14
        ],
        "4": [
          14,
          15
        ],
        "6": [
          15,
          18
        ],
        "7": [
          18,
          19
        ],
        "9": [
          19,
          23
        ],
        "11": [
          23,
          31
        ],
        "10": [
          31,
          32
        ],
        "16": [
          32,
          40
        ],
        "2": [
          0,
          9
        ],
        "12": [
          19,
          22
        ],
        "15": [
          31,
          41
        ],
        "18": [
          40,
          49
        ],
        "13": [
          32,
          39
        ],
        "8": [
          41,
          49
        ],
        "17": [
          49,
          51
        ],
        "14": [
          49,
          52
        ],
        "21": [
          51,
          58
        ],
        "20": [
          52,
          56
        ],
        "19": [
          56,
          58
        ],
        "22": [
          58,
          58
        ]
      },
      "activity_order": [
        1,
        3,
        5,
        4,
        6,
        7,
        9,
        11,
        10,
        16,
        2,
        12,
        15,
        18,
        13,
        8,
        17,
        14,
        21,
        20,
        19,
        22
      ]
    },
    "LST": {
      "makespan": 58,
      "execution_time": 0.00018072128295898438,
      "schedule": {
        "1": [
          0,
          0
        ],
        "3": [
          0,
          5
        ],
        "5": [
          5,
          14
        ],
        "4": [
          14,
          15
        ],
        "6": [
          15,
          18
        ],
        "7": [
          18,
          19
        ],
        "9": [
          19,
          23
        ],
        "11": [
          23,
          31
        ],
        "10": [
          31,
          32
        ],
        "16": [
          32,
          40
        ],
        "2": [
          0,
          9
        ],
        "12": [
          19,
          22
        ],
        "15": [
          31,
          41
        ],
        "18": [
          40,
          49
        ],
        "13": [
          32,
          39
        ],
        "8": [
          41,
          49
        ],
        "17": [
          49,
          51
        ],
        "14": [
          49,
          52
        ],
        "21": [
          51,
          58
        ],
        "20": [
          52,
          56
        ],
        "19": [
          56,
          58
        ],
        "22": [
          58,
          58
        ]
      },
      "activity_order": [
        1,
        3,
        5,
        4,
        6,
        7,
        9,
        11,
        10,
        16,
        2,
        12,
        15,
        18,
        13,
        8,
        17,
        14,
        21,
        20,
        19,
        22
      ]
    },
    "LFT": {
      "makespan": 58,
      "execution_time": 0.00015807151794433594,
      "schedule": {
        "1": [
          0,
          0
        ],
        "3": [
          0,
          5
        ],
        "4": [
          0,
          1
        ],
        "5": [
          5,
          14
        ],
        "6": [
          14,
          17
        ],
        "7": [
          17,
          18
        ],
        "9": [
          18,
          22
        ],
        "10": [
          22,
          23
        ],
        "11": [
          23,
          31
        ],
        "12": [
          18,
          21
        ],
        "16": [
          31,
          39
        ],
        "2": [
          0,
          9
        ],
        "15": [
          31,
          41
        ],
        "17": [
          17,
          19
        ],
        "18": [
          39,
          48
        ],
        "13": [
          31,
          38
        ],
        "14": [
          41,
          44
        ],
        "8": [
          44,
          52
        ],
        "19": [
          52,
          54
        ],
        "20": [
          54,
          58
        ],
        "21": [
          48,
          55
        ],
        "22": [
          58,
          58
        ]
      },
      "activity_order": [
        1,
        3,
        4,
        5,
        6,
        7,
        9,
        10,
        11,
        12,
        16,
        2,
        15,
        17,
        18,
        13,
        14,
        8,
        19,
        20,
        21,
        22
      ]
    },
    "MTS": {
      "makespan": 57,
      "execution_time": 0.0001766681671142578,
      "schedule": {
        "1": [
          0,
          0
        ],
        "3": [
          0,
          5
        ],
        "4": [
          0,
          1
        ],
        "5": [
          5,
          14
        ],
        "6": [
          14,
          17
        ],
        "7": [
          17,
          18
        ],
        "9": [
          18,
          22
        ],
        "11": [
          22,
          30
        ],
        "10": [
          30,
          31
        ],
        "2": [
          0,
          9
        ],
        "12": [
          18,
          21
        ],
        "14": [
          30,
          33
        ],
        "15": [
          33,
          43
        ],
        "16": [
          31,
          39
        ],
        "8": [
          43,
          51
        ],
        "13": [
          31,
          38
        ],
        "17": [
          17,
          19
        ],
        "18": [
          39,
          48
        ],
        "19": [
          51,
          53
        ],
        "20": [
          53,
          57
        ],
        "21": [
          48,
          55
        ],
        "22": [
          57,
          57
        ]
      },
      "activity_order": [
        1,
        3,
        4,
        5,
        6,
        7,
        9,
        11,
        10,
        2,
        12,
        14,
        15,
        16,
        8,
        13,
        17,
        18,
        19,
        20,
        21,
        22
      ]
    },
    "TIMROS": {
      "makespan": 87,
      "execution_time": 0.00018644332885742188,
      "schedule": {
        "1": [
          0,
          0
        ],
        "2": [
          0,
          9
        ],
        "8": [
          9,
          17
        ],
        "3": [
          0,
          5
        ],
        "5": [
          17,
          26
        ],
        "13": [
          5,
          12
        ],
        "12": [
          26,
          29
        ],
        "4": [
          29,
          30
        ],
        "6": [
          30,
          33
        ],
        "17": [
          33,
          35
        ],
        "7": [
          33,
          34
        ],
        "9": [
          34,
          38
        ],
        "11": [
          38,
          46
        ],
        "15": [
          46,
          56
        ],
        "14": [
          56,
          59
        ],
        "20": [
          59,
          63
        ],
        "10": [
          46,
          47
        ],
        "16": [
          63,
          71
        ],
        "18": [
          71,
          80
        ],
        "21": [
          80,
          87
        ],
        "19": [
          71,
          73
        ],
        "22": [
          87,
          87
        ]
      },
      "activity_order": [
        1,
        2,
        8,
        3,
        5,
        13,
        12,
        4,
        6,
        17,
        7,
        9,
        11,
        15,
        14,
        20,
        10,
        16,
        18,
        21,
        19,
        22
      ]
    },
    "HRU1": {
      "makespan": 55,