{
  "instance": "inst_set1a_sf0_nc1.8_n20_m10_00",
  "results": {
    "HRPW*": {
      "makespan": 79,
      "execution_time": 0.00014853477478027344,
      "schedule": {
        "1": [
          0,
          0
        ],
        "2": [
          0,
          6
        ],
        "4": [
          6,
          16
        ],
        "5": [
          6,
          15
        ],
        "8": [
          16,
          17
        ],
        "9": [
          17,
          26
        ],
        "6": [
          15,
          20
        ],
        "10": [
          26,
          35
        ],
        "11": [
          26,
          31
        ],
        "12": [
          35,
          40
        ],
        "3": [
          40,
          46
        ],
        "7": [
          46,
          53
        ],
        "13": [
          40,
          49
        ],
        "18": [
          35,
          44
        ],
        "17": [
          53,
          60
        ],
        "14": [
          53,
          56
        ],
        "15": [
          60,
          63
        ],
        "16": [
          63,
          68
        ],
        "19": [
          68,
          76
        ],
        "21": [
          53,
          61
        ],
        "20": [
          76,
          79
        ],
        "22": [
          79,
          79
        ]
      },
      "activity_order": [
        1,
        2,
        4,
        5,
        8,
        9,
        6,
        10,
        11,
        12,
        3,
        7,
        13,
        18,
        17,
        14,
        15,
        16,
        19,
        21,
        20,
        22
      ]
    },
    "LST": {
      "makespan": 79,
      "execution_time": 0.00015687942504882812,
      "schedule": {
        "1": [
          0,
          0
        ],
        "2": [
          0,
          6
        ],
        "4": [
          6,
          16
        ],
        "5": [
          6,
          15
        ],
        "8": [
          16,
          17
        ],
        "9": [
          17,
          26
        ],
        "6": [
          15,
          20
        ],
        "10": [
          26,
          35
        ],
        "11": [
          26,
          31
        ],
        "12": [
          35,
          40
        ],
        "3": [
          40,
          46
        ],
        "7": [
          46,
          53
        ],
        "13": [
          40,
          49
        ],
        "18": [
          35,
          44
        ],
        "17": [
          53,
          60
        ],
        "14": [
          53,
          56
        ],
        "15": [
          60,
          63
        ],
        "16": [
          63,
          68
        ],
        "19": [
          68,
          76
        ],
        "21": [
          53,
          61
        ],
        "20": [
          76,
          79
        ],
        "22": [
          79,
          79
        ]
      },
      "activity_order": [
        1,
        2,
        4,
        5,
        8,
        9,
        6,
        10,
        11,
        12,
        3,
        7,
        13,
        18,
        17,
        14,
        15,
        16,
        19,
        21,
        20,
        22
      ]
    },
    "LFT": {
      "makespan": 79,
      "execution_time": 0.00015616416931152344,
      "schedule": {
        "1": [
          0,
          0
        ],
        "2": [
          0,
          6
        ],
        "4": [
          6,
          16
        ],
        "8": [
          16,
          17
        ],
        "5": [
          6,
          15
        ],
        "6": [
          15,
          20
        ],
        "9": [
          17,
          26
        ],
        "10": [
          26,
          35
        ],
        "11": [
          26,
          31
        ],
        "12": [
          35,
          40
        ],
        "3": [
          40,
          46
        ],
        "7": [
          46,
          53
        ],
        "13": [
          40,
          49
        ],
        "14": [
          53,
          56
        ],
        "15": [
          53,
          56
        ],
        "17": [
          56,
          63
        ],
        "18": [
          35,
          44
        ],
        "16": [
          63,
          68
        ],
        "19": [
          68,
          76
        ],
        "20": [
          76,
          79
        ],
        "21": [
          53,
          61
        ],
        "22": [
          79,
          79
        ]
      },
      "activity_order": [
        1,
        2,
        4,
        8,
        5,
        6,
        9,
        10,
        11,
        12,
        3,
        7,
        13,
        14,
        15,
        17,
        18,
        16,
        19,
        20,
        21,
        22
      ]
    },
    "MTS": {
      "makespan": 75,
      "execution_time": 0.00043964385986328125,
      "schedule": {
        "1": [
          0,
          0
        ],
        "2": [
          0,
          6
        ],
        "4": [
          6,
          16
        ],
        "8": [
          16,
          17
        ],
        "9": [
          17,
          26
        ],
        "5": [
          6,
          15
        ],
        "3": [
          26,
          32
        ],
        "11": [
          32,
          37
        ],
        "6": [
          15,
          20
        ],
        "7": [
          37,
          44
        ],
        "10": [
          26,
          35
        ],
        "12": [
          44,
          49
        ],
        "14": [
          44,
          47
        ],
        "15": [
          49,
          52
        ],
        "18": [
          37,
          46
        ],
        "13": [
          49,
          58
        ],
        "16": [
          52,
          57
        ],
        "17": [
          57,
          64
        ],
        "19": [
          64,
          72
        ],
        "20": [
          72,
          75
        ],
        "21": [
          58,
          66
        ],
        "22": [
          75,
          75
        ]
      },
      "activity_order": [
        1,
        2,
        4,
        8,
        9,
        5,
        3,
        11,
        6,
        7,
        10,
        12,
        14,
        15,
        18,
        13,
        16,
        17,
        19,
        20,
        21,
        22
      ]
    },
    "TIMROS": {
      "makespan": 99,
      "execution_time": 0.00018668174743652344,
      "schedule": {
        "1": [
          0,
          0
        ],
        "4": [
          0,
          10
        ],
        "2": [
          10,
          16
        ],
        "3": [
          16,
          22
        ],
        "17": [
          22,
          29
        ],
        "5": [
          16,
          25
        ],
        "6": [
          25,
          30
        ],
        "7": [
          29,
          36
        ],
        "14": [
          36,
          39
        ],
        "16": [
          39,
          44
        ],
        "8": [
          44,
          45
        ],
        "9": [
          45,
          54
        ],
        "11": [
          54,
          59
        ],
        "18": [
          59,
          68
        ],
        "10": [
          68,
          77
        ],
        "12": [
          77,
          82
        ],
        "13": [
          82,
          91
        ],
        "21": [
          91,
          99
        ],
        "15": [
          82,
          85
        ],
        "19": [
          85,
          93
        ],
        "20": [
          93,
          96
        ],
        "22": [
          99,
          99
        ]
      },
      "activity_order": [
        1,
        4,
        2,
        3,
        17,
        5,
        6,
        7,
        14,
        16,
        8,
        9,
        11,
        18,
        10,
        12,
        13,
        21,
        15,
        19,
        20,
        22
      ]
    },