{
  "instance": "inst_set1a_sf0.5_nc2.1_n20_m15_03",
  "results": {
    "HRPW*": {
      "makespan": 58,
      "execution_time": 0.0002200603485107422,
      "schedule": {
        "1": [
          0,
          0
        ],
        "4": [
          0,
          4
        ],
        "2": [
          0,
          1
        ],
        "7": [
          4,
          14
        ],
        "12": [
          14,
          20
        ],
        "8": [
          20,
          29
        ],
        "5": [
          1,
          2
        ],
        "3": [
          0,
          3
        ],
        "14": [
          20,
          26
        ],
        "6": [
          29,
          32
        ],
        "9": [
          29,
          33
        ],
        "10": [
          3,
          10
        ],
        "13": [
          32,
          34
        ],
        "16": [
          33,
          39
        ],
        "17": [
          34,
          38
        ],
        "18": [
          39,
          42
        ],
        "11": [
          32,
          33
        ],
        "19": [
          39,
          49
        ],
        "15": [
          49,
          52
        ],
        "20": [
          42,
          50
        ],
        "21": [
          52,
          58
        ],
        "22": [
          58,
          58
        ]
      },
      "activity_order": [
        1,
        4,
        2,
        7,
        12,
        8,
        5,
        3,
        14,
        6,
        9,
        10,
        13,
        16,
        17,
        18,
        11,
        19,
        15,
        20,
        21,
        22
      ]
    },
    "LST": {
      "makespan": 58,
      "execution_time": 0.00021457672119140625,
      "schedule": {
        "1": [
          0,
          0
        ],
        "4": [
          0,
          4
        ],
        "2": [
          0,
          1
        ],
        "7": [
          4,
          14
        ],
        "12": [
          14,
          20
        ],
        "8": [
          20,
          29
        ],
        "5": [
          1,
          2
        ],
        "3": [
          0,
          3
        ],
        "14": [
          20,
          26
        ],
        "6": [
          29,
          32
        ],
        "9": [
          29,
          33
        ],
        "10": [
          3,
          10
        ],
        "13": [
          32,
          34
        ],
        "16": [
          33,
          39
        ],
        "17": [
          34,
          38
        ],
        "18": [
          39,
          42
        ],
        "11": [
          32,
          33
        ],
        "19": [
          39,
          49
        ],
        "15": [
          49,
          52
        ],
        "20": [
          42,
          50
        ],
        "21": [
          52,
          58
        ],
        "22": [
          58,
          58
        ]
      },
      "activity_order": [
        1,
        4,
        2,
        7,
        12,
        8,
        5,
        3,
        14,
        6,
        9,
        10,
        13,
        16,
        17,
        18,
        11,
        19,
        15,
        20,
        21,
        22
      ]
    },
    "LFT": {
      "makespan": 55,
      "execution_time": 0.00022292137145996094,
      "schedule": {
        "1": [
          0,
          0
        ],
        "2": [
          0,
          1
        ],
        "4": [
          0,
          4
        ],
        "7": [
          4,
          14
        ],
        "5": [
          1,
          2
        ],
        "12": [
          14,
          20
        ],
        "3": [
          0,
          3
        ],
        "8": [
          20,
          29
        ],
        "6": [
          29,
          32
        ],
        "14": [
          20,
          26
        ],
        "9": [
          29,
          33
        ],
        "13": [
          32,
          34
        ],
        "10": [
          3,
          10
        ],
        "16": [
          33,
          39
        ],
        "17": [
          34,
          38
        ],
        "11": [
          32,
          33
        ],
        "18": [
          39,
          42
        ],
        "15": [
          34,
          37
        ],
        "19": [
          39,
          49
        ],
        "20": [
          42,
          50
        ],
        "21": [
          49,
          55
        ],
        "22": [
          55,
          55
        ]
      },
      "activity_order": [
        1,
        2,
        4,
        7,
        5,
        12,
        3,
        8,
        6,
        14,
        9,
        13,
        10,
        16,
        17,
        11,
        18,
        15,
        19,
        20,
        21,
        22
      ]
    },
    "MTS": {
      "makespan": 57,
      "execution_time": 0.00022125244140625,
      "schedule": {
        "1": [
          0,
          0
        ],
        "2": [
          0,
          1
        ],
        "4": [
          0,
          4
        ],
        "5": [
          1,
          2
        ],
        "7": [
          4,
          14
        ],
        "3": [
          0,
          3
        ],
        "8": [
          14,
          23
        ],
        "12": [
          23,
          29
        ],
        "6": [
          29,
          32
        ],
        "9": [
          23,
          27
        ],
        "10": [
          3,
          10
        ],
        "13": [
          32,
          34
        ],
        "14": [
          29,
          35
        ],
        "11": [
          32,
          33
        ],
        "17": [
          35,
          39
        ],
        "15": [
          34,
          37
        ],
        "16": [
          35,
          41
        ],
        "18": [
          41,
          44
        ],
        "19": [
          41,
          51
        ],
        "20": [
          44,
          52
        ],
        "21": [
          51,
          57
        ],
        "22": [
          57,
          57
        ]
      },
      "activity_order": [
        1,
        2,
        4,
        5,
        7,
        3,
        8,
        12,
        6,
        9,
        10,
        13,
        14,
        11,
        17,
        15,
        16,
        18,
        19,
        20,
        21,
        22
      ]
    },
    "TIMROS": {
      "makespan": 63,
      "execution_time": 0.00021505355834960938,
      "schedule": {
        "1": [
          0,
          0
        ],
        "4": [
          0,
          4
        ],
        "3": [
          0,
          3
        ],
        "6": [
          4,
          7
        ],
        "2": [
          0,
          1
        ],
        "7": [
          7,
          17
        ],
        "8": [
          17,
          26
        ],
        "12": [
          26,
          32
        ],
        "9": [
          26,
          30
        ],
        "5": [
          1,
          2
        ],
        "14": [
          32,
          38
        ],
        "10": [
          3,
          10
        ],
        "16": [
          38,
          44
        ],
        "18": [
          44,
          47
        ],
        "13": [
          32,
          34
        ],
        "17": [
          38,
          42
        ],
        "19": [
          44,
          54
        ],
        "11": [
          17,
          18
        ],
        "20": [
          47,
          55
        ],
        "15": [
          54,
          57
        ],
        "21": [
          57,
          63
        ],
        "22": [
          63,
          63
        ]
      },
      "activity_order": [
        1,
        4,
        3,
        6,
        2,
        7,
        8,
        12,
        9,
        5,
        14,
        10,
        16,
        18,
        13,
        17,
        19,
        11,
        20,
        15,
        21,
        22
      ]
    },
    "HRU1": {
      "makespan": 60,