{
  "instance": "inst_set1a_sf0_nc1.8_n20_m25_05",
  "results": {
    "HRPW*": {
      "makespan": 75,
      "execution_time": 0.0003190040588378906,
      "schedule": {
        "1": [
          0,
          0
        ],
        "3": [
          0,
          6
        ],
        "12": [
          6,
          16
        ],
        "4": [
          0,
          9
        ],
        "2": [
          0,
          4
        ],
        "13": [
          16,
          25
        ],
        "9": [
          25,
          32
        ],
        "5": [
          9,
          14
        ],
        "6": [
          32,
          41
        ],
        "8": [
          41,
          42
        ],
        "17": [
          14,
          23
        ],
        "16": [
          42,
          50
        ],
        "10": [
          50,
          56
        ],
        "11": [
          56,
          62
        ],
        "18": [
          56,
          65
        ],
        "14": [
          65,
          66
        ],
        "20": [
          66,
          75
        ],
        "15": [
          66,
          68
        ],
        "7": [
          42,
          47
        ],
        "19": [
          68,
          73
        ],
        "21": [
          65,
          66
        ],
        "22": [
          75,
          75
        ]
      },
      "activity_order": [
        1,
        3,
        12,
        4,
        2,
        13,
        9,
        5,
        6,
        8,
        17,
        16,
        10,
        11,
        18,
        14,
        20,
        15,
        7,
        19,
        21,
        22
      ]
    },
    "LST": {
      "makespan": 75,
      "execution_time": 0.0003476142883300781,
      "schedule": {
        "1": [
          0,
          0
        ],
        "3": [
          0,
          6
        ],
        "12": [
          6,
          16
        ],
        "4": [
          0,
          9
        ],
        "2": [
          0,
          4
        ],
        "13": [
          16,
          25
        ],
        "9": [
          25,
          32
        ],
        "5": [
          9,
          14
        ],
        "6": [
          32,
          41
        ],
        "8": [
          41,
          42
        ],
        "17": [
          14,
          23
        ],
        "16": [
          42,
          50
        ],
        "10": [
          50,
          56
        ],
        "11": [
          56,
          62
        ],
        "18": [
          56,
          65
        ],
        "14": [
          65,
          66
        ],
        "20": [
          66,
          75
        ],
        "15": [
          66,
          68
        ],
        "7": [
          42,
          47
        ],
        "19": [
          68,
          73
        ],
        "21": [
          65,
          66
        ],
        "22": [
          75,
          75
        ]
      },
      "activity_order": [
        1,
        3,
        12,
        4,
        2,
        13,
        9,
        5,
        6,
        8,
        17,
        16,
        10,
        11,
        18,
        14,
        20,
        15,
        7,
        19,
        21,
        22
      ]
    },
    "LFT": {
      "makespan": 56,
      "execution_time": 0.0004353523254394531,
      "schedule": {
        "1": [
          0,
          0
        ],
        "3": [
          0,
          6
        ],
        "4": [
          0,
          9
        ],
        "12": [
          6,
          16
        ],
        "2": [
          0,
          4
        ],
        "5": [
          9,
          14
        ],
        "8": [
          14,
          15
        ],
        "9": [
          15,
          22
        ],
        "13": [
          22,
          31
        ],
        "10": [
          22,
          28
        ],
        "6": [
          31,
          40
        ],
        "16": [
          31,
          39
        ],
        "17": [
          14,
          23
        ],
        "11": [
          28,
          34
        ],
        "14": [
          39,
          40
        ],
        "15": [
          40,
          42
        ],
        "18": [
          42,
          51
        ],
        "7": [
          40,
          45
        ],
        "19": [
          51,
          56
        ],
        "20": [
          40,
          49
        ],
        "21": [
          51,
          52
        ],
        "22": [
          56,
          56
        ]
      },
      "activity_order": [
        1,
        3,
        4,
        12,
        2,
        5,
        8,
        9,
        13,
        10,
        6,
        16,
        17,
        11,
        14,
        15,
        18,
        7,
        19,
        20,
        21,
        22
      ]
    },
    "MTS": {
      "makespan": 64,
      "execution_time": 0.00038170814514160156,
      "schedule": {
        "1": [
          0,
          0
        ],
        "4": [
          0,
          9
        ],
        "2": [
          0,
          4
        ],
        "3": [
          0,
          6
        ],
        "5": [
          9,
          14
        ],
        "8": [
          14,
          15
        ],
        "9": [
          15,
          22
        ],
        "12": [
          6,
          16
        ],
        "13": [
          22,
          31
        ],
        "16": [
          31,
          39
        ],
        "6": [
          31,
          40
        ],
        "10": [
          39,
          45
        ],
        "17": [
          14,
          23
        ],
        "11": [
          45,
          51
        ],
        "18": [
          45,
          54
        ],
        "7": [
          40,
          45
        ],
        "14": [
          54,
          55
        ],
        "15": [
          55,
          57
        ],
        "19": [
          57,
          62
        ],
        "20": [
          55,
          64
        ],
        "21": [
          54,
          55
        ],
        "22": [
          64,
          64
        ]
      },
      "activity_order": [
        1,
        4,
        2,
        3,
        5,
        8,
        9,
        12,
        13,
        16,
        6,
        10,
        17,
        11,
        18,
        7,
        14,
        15,
        19,
        20,
        21,
        22
      ]
    },
    "TIMROS": {
      "makespan": 78,
      "execution_time": 0.0003745555877685547,
      "schedule": {
        "1": [
          0,
          0
        ],
        "4": [
          0,
          9
        ],
        "2": [
          0,
          4
        ],
        "5": [
          9,
          14
        ],
        "7": [
          14,
          19
        ],
        "17": [
          14,
          23
        ],
        "8": [
          19,
          20
        ],
        "3": [
          0,
          6
        ],
        "6": [
          20,
          29
        ],
        "9": [
          29,
          36
        ],
        "12": [
          6,
          16
        ],
        "13": [
          36,
          45
        ],
        "16": [
          45,
          53
        ],
        "10": [
          53,
          59
        ],
        "11": [
          59,
          65
        ],
        "18": [
          59,
          68
        ],
        "21": [
          68,
          69
        ],
        "14": [
          68,
          69
        ],
        "20": [
          69,
          78
        ],
        "15": [
          69,
          71
        ],
        "19": [
          71,
          76
        ],
        "22": [
          78,
          78
        ]
      },
      "activity_order": [
        1,
        4,
        2,
        5,
        7,
        17,
        8,
        3,
        6,
        9,
        12,
        13,
        16,
        10,
        11,
        18,
        21,
        14,
        20,
        15,
        19,
        22
      ]
    },
    "HRU1": {
      "makespan": 76,