{
  "instance": "inst_set1a_sf0.5_nc1.8_n20_m15_01",
  "results": {
    "HRPW*": {
      "makespan": 112,
      "execution_time": 5.030632019042969e-05,
      "schedule": {
        "1": [
          0,
          0
        ],
        "2": [
          0,
          10
        ],
        "8": [
          10,
          20
        ],
        "3": [
          20,
          29
        ],
        "7": [
          29,
          32
        ],
        "11": [
          32,
          39
        ],
        "4": [
          39,
          41
        ],
        "10": [
          41,
          49
        ],
        "6": [
          49,
          54
        ],
        "9": [
          54,
          56
        ],
        "13": [
          56,
          61
        ],
        "15": [
          61,
          64
        ],
        "14": [
          64,
          67
        ],
        "16": [
          67,
          68
        ],
        "17": [
          68,
          69
        ],
        "18": [
          69,
          77
        ],
        "12": [
          77,
          84
        ],
        "5": [
          84,
          90
        ],
        "21": [
          90,
          100
        ],
        "20": [
          100,
          107
        ],
        "19": [
          107,
          112
        ],
        "22": [
          112,
          112
        ]
      },
      "activity_order": [
        1,
        2,
        8,
        3,
        7,
        11,
        4,
        10,
        6,
        9,
        13,
        15,
        14,
        16,
        17,
        18,
        12,
        5,
        21,
        20,
        19,
        22
      ]
    },
    "LST": {
      "makespan": 112,
      "execution_time": 4.696846008300781e-05,
      "schedule": {
        "1": [
          0,
          0
        ],
        "2": [
          0,
          10
        ],
        "8": [
          10,
          20
        ],
        "3": [
          20,
          29
        ],
        "7": [
          29,
          32
        ],
        "11": [
          32,
          39
        ],
        "4": [
          39,
          41
        ],
        "10": [
          41,
          49
        ],
        "6": [
          49,
          54
        ],
        "9": [
          54,
          56
        ],
        "13": [
          56,
          61
        ],
        "15": [
          61,
          64
        ],
        "14": [
          64,
          67
        ],
        "16": [
          67,
          68
        ],
        "17": [
          68,
          69
        ],
        "18": [
          69,
          77
        ],
        "12": [
          77,
          84
        ],
        "5": [
          84,
          90
        ],
        "21": [
          90,
          100
        ],
        "20": [
          100,
          107
        ],
        "19": [
          107,
          112
        ],
        "22": [
          112,
          112
        ]
      },
      "activity_order": [
        1,
        2,
        8,
        3,
        7,
        11,
        4,
        10,
        6,
        9,
        13,
        15,
        14,
        16,
        17,
        18,
        12,
        5,
        21,
        20,
        19,
        22
      ]
    },
    "LFT": {
      "makespan": 112,
      "execution_time": 4.5299530029296875e-05,
      "schedule": {
        "1": [
          0,
          0
        ],
        "2": [
          0,
          10
        ],
        "8": [
          10,
          20
        ],
        "3": [
          20,
          29
        ],
        "4": [
          29,
          31
        ],
        "7": [
          31,
          34
        ],
        "9": [
          34,
          36
        ],
        "11": [
          36,
          43
        ],
        "6": [
          43,
          48
        ],
        "10": [
          48,
          56
        ],
        "13": [
          56,
          61
        ],
        "15": [
          61,
          64
        ],
        "14": [
          64,
          67
        ],
        "16": [
          67,
          68
        ],
        "17": [
          68,
          69
        ],
        "5": [
          69,
          75
        ],
        "12": [
          75,
          82
        ],
        "18": [
          82,
          90
        ],
        "19": [
          90,
          95
        ],
        "20": [
          95,
          102
        ],
        "21": [
          102,
          112
        ],
        "22": [
          112,
          112
        ]
      },
      "activity_order": [
        1,
        2,
        8,
        3,
        4,
        7,
        9,
        11,
        6,
        10,
        13,
        15,
        14,
        16,
        17,
        5,
        12,
        18,
        19,
        20,
        21,
        22
      ]
    },
    "MTS": {
      "makespan": 112,
      "execution_time": 4.38690185546875e-05,
      "schedule": {
        "1": [
          0,
          0
        ],
        "2": [
          0,
          10
        ],
        "8": [
          10,
          20
        ],
        "3": [
          20,
          29
        ],
        "4": [
          29,
          31
        ],
        "7": [
          31,
          34
        ],
        "11": [
          34,
          41
        ],
        "9": [
          41,
          43
        ],
        "10": [
          43,
          51
        ],
        "13": [
          51,
          56
        ],
        "15": [
          56,
          59
        ],
        "6": [
          59,
          64
        ],
        "16": [
          64,
          65
        ],
        "14": [
          65,
          68
        ],
        "17": [
          68,
          69
        ],
        "5": [
          69,
          75
        ],
        "12": [
          75,
          82
        ],
        "18": [
          82,
          90
        ],
        "19": [
          90,
          95
        ],
        "20": [
          95,
          102
        ],
        "21": [
          102,
          112
        ],
        "22": [
          112,
          112
        ]
      },
      "activity_order": [
        1,
        2,
        8,
        3,
        4,
        7,
        11,
        9,
        10,
        13,
        15,
        6,
        16,
        14,
        17,
        5,
        12,
        18,
        19,
        20,
        21,
        22
      ]
    },
    "TIMROS": {
      "makespan": 112,
      "execution_time": 4.673004150390625e-05,
      "schedule": {
        "1": [
          0,
          0
        ],
        "3": [
          0,
          9
        ],
        "2": [
          9,
          19
        ],
        "8": [
          19,
          29
        ],
        "11": [
          29,
          36
        ],
        "5": [
          36,
          42
        ],
        "7": [
          42,
          45
        ],
        "10": [
          45,
          53
        ],
        "4": [
          53,
          55
        ],
        "12": [
          55,
          62
        ],
        "6": [
          62,
          67
        ],
        "14": [
          67,
          70
        ],
        "15": [
          70,
          73
        ],
        "20": [
          73,
          80
        ],
        "9": [
          80,
          82
        ],
        "13": [
          82,
          87
        ],
        "17": [
          87,
          88
        ],
        "16": [
          88,
          89
        ],
        "21": [
          89,
          99
        ],
        "18": [
          99,
          107
        ],
        "19": [
          107,
          112
        ],
        "22": [
          112,
          112
        ]
      },