{
  "instance": "inst_set1a_sf0.5_nc1.5_n20_m13_02",
  "results": {
    "HRPW*": {
      "makespan": 68,
      "execution_time": 0.0002086162567138672,
      "schedule": {
        "1": [
          0,
          0
        ],
        "3": [
          0,
          4
        ],
        "5": [
          4,
          9
        ],
        "2": [
          9,
          17
        ],
        "4": [
          4,
          14
        ],
        "8": [
          17,
          26
        ],
        "6": [
          17,
          27
        ],
        "11": [
          14,
          15
        ],
        "12": [
          26,
          36
        ],
        "13": [
          15,
          25
        ],
        "10": [
          27,
          29
        ],
        "7": [
          27,
          32
        ],
        "15": [
          36,
          39
        ],
        "17": [
          39,
          49
        ],
        "14": [
          49,
          57
        ],
        "18": [
          32,
          37
        ],
        "9": [
          37,
          38
        ],
        "16": [
          57,
          63
        ],
        "20": [
          49,
          59
        ],
        "19": [
          63,
          68
        ],
        "21": [
          59,
          60
        ],
        "22": [
          68,
          68
        ]
      },
      "activity_order": [
        1,
        3,
        5,
        2,
        4,
        8,
        6,
        11,
        12,
        13,
        10,
        7,
        15,
        17,
        14,
        18,
        9,
        16,
        20,
        19,
        21,
        22
      ]
    },
    "LST": {
      "makespan": 68,
      "execution_time": 0.0002624988555908203,
      "schedule": {
        "1": [
          0,
          0
        ],
        "3": [
          0,
          4
        ],
        "5": [
          4,
          9
        ],
        "2": [
          9,
          17
        ],
        "4": [
          4,
          14
        ],
        "8": [
          17,
          26
        ],
        "6": [
          17,
          27
        ],
        "11": [
          14,
          15
        ],
        "12": [
          26,
          36
        ],
        "13": [
          15,
          25
        ],
        "10": [
          27,
          29
        ],
        "7": [
          27,
          32
        ],
        "15": [
          36,
          39
        ],
        "17": [
          39,
          49
        ],
        "14": [
          49,
          57
        ],
        "18": [
          32,
          37
        ],
        "9": [
          37,
          38
        ],
        "16": [
          57,
          63
        ],
        "20": [
          49,
          59
        ],
        "19": [
          63,
          68
        ],
        "21": [
          59,
          60
        ],
        "22": [
          68,
          68
        ]
      },
      "activity_order": [
        1,
        3,
        5,
        2,
        4,
        8,
        6,
        11,
        12,
        13,
        10,
        7,
        15,
        17,
        14,
        18,
        9,
        16,
        20,
        19,
        21,
        22
      ]
    },
    "LFT": {
      "makespan": 65,
      "execution_time": 0.00022077560424804688,
      "schedule": {
        "1": [
          0,
          0
        ],
        "3": [
          0,
          4
        ],
        "5": [
          4,
          9
        ],
        "2": [
          9,
          17
        ],
        "4": [
          4,
          14
        ],
        "8": [
          17,
          26
        ],
        "11": [
          14,
          15
        ],
        "6": [
          17,
          27
        ],
        "10": [
          27,
          29
        ],
        "12": [
          26,
          36
        ],
        "13": [
          15,
          25
        ],
        "15": [
          36,
          39
        ],
        "7": [
          27,
          32
        ],
        "9": [
          32,
          33
        ],
        "14": [
          36,
          44
        ],
        "17": [
          44,
          54
        ],
        "18": [
          33,
          38
        ],
        "16": [
          54,
          60
        ],
        "19": [
          60,
          65
        ],
        "20": [
          54,
          64
        ],
        "21": [
          64,
          65
        ],
        "22": [
          65,
          65
        ]
      },
      "activity_order": [
        1,
        3,
        5,
        2,
        4,
        8,
        11,
        6,
        10,
        12,
        13,
        15,
        7,
        9,
        14,
        17,
        18,
        16,
        19,
        20,
        21,
        22
      ]
    },
    "MTS": {
      "makespan": 73,
      "execution_time": 0.00022935867309570312,
      "schedule": {
        "1": [
          0,
          0
        ],
        "4": [
          0,
          10
        ],
        "3": [
          10,
          14
        ],
        "2": [
          0,
          8
        ],
        "5": [
          14,
          19
        ],
        "6": [
          8,
          18
        ],
        "8": [
          19,
          28
        ],
        "11": [
          14,
          15
        ],
        "12": [
          28,
          38
        ],
        "13": [
          15,
          25
        ],
        "7": [
          25,
          30
        ],
        "10": [
          18,
          20
        ],
        "9": [
          30,
          31
        ],
        "14": [
          38,
          46
        ],
        "15": [
          38,
          41
        ],
        "16": [
          46,
          52
        ],
        "17": [
          52,
          62
        ],
        "18": [
          31,
          36
        ],
        "19": [
          52,
          57
        ],
        "20": [
          62,
          72
        ],
        "21": [
          72,
          73
        ],
        "22": [
          73,
          73
        ]
      },
      "activity_order": [
        1,
        4,
        3,
        2,
        5,
        6,
        8,
        11,
        12,
        13,
        7,
        10,
        9,
        14,
        15,
        16,
        17,
        18,
        19,
        20,
        21,
        22
      ]
    },
    "TIMROS": {
      "makespan": 70,
      "execution_time": 0.0004582405090332031,
      "schedule": {
        "1": [
          0,
          0
        ],
        "4": [
          0,
          10
        ],
        "2": [
          0,
          8
        ],
        "6": [
          8,
          18
        ],
        "7": [
          18,
          23
        ],
        "3": [
          10,
          14
        ],
        "5": [
          14,
          19
        ],
        "8": [
          19,
          28
        ],
        "12": [
          28,
          38
        ],
        "14": [
          38,
          46
        ],
        "11": [
          38,
          39
        ],
        "13": [
          39,
          49
        ],
        "18": [
          49,
          54
        ],
        "21": [
          39,
          40
        ],
        "10": [
          18,
          20
        ],
        "15": [
          40,
          43
        ],
        "17": [
          49,
          59
        ],
        "20": [
          59,
          69
        ],
        "9": [
          54,
          55
        ],
        "16": [
          59,
          65
        ],
        "19": [
          65,
          70
        ],
        "22": [
          70,
          70
        ]
      },
      "activity_order": [
        1,
        4,
        2,
        6,
        7,
        3,
        5,
        8,
        12,
        14,
        11,
        13,
        18,
        21,
        10,
        15,
        17,
        20,
        9,
        16,
        19,
        22
      ]
    },
    "HRU1": {
      "makespan": 67,