{
  "instance": "inst_set1a_sf0.5_nc2.1_n20_m13_03",
  "results": {
    "HRPW*": {
      "makespan": 62,
      "execution_time": 0.00025582313537597656,
      "schedule": {
        "1": [
          0,
          0
        ],
        "2": [
          0,
          8
        ],
        "4": [
          0,
          9
        ],
        "3": [
          9,
          17
        ],
        "9": [
          8,
          17
        ],
        "7": [
          17,
          21
        ],
        "6": [
          21,
          24
        ],
        "10": [
          21,
          27
        ],
        "5": [
          27,
          33
        ],
        "8": [
          24,
          27
        ],
        "16": [
          27,
          35
        ],
        "15": [
          33,
          35
        ],
        "12": [
          35,
          36
        ],
        "14": [
          36,
          41
        ],
        "17": [
          36,
          41
        ],
        "18": [
          41,
          49
        ],
        "13": [
          49,
          52
        ],
        "11": [
          41,
          47
        ],
        "21": [
          52,
          61
        ],
        "19": [
          52,
          55
        ],
        "20": [
          61,
          62
        ],
        "22": [
          62,
          62
        ]
      },
      "activity_order": [
        1,
        2,
        4,
        3,
        9,
        7,
        6,
        10,
        5,
        8,
        16,
        15,
        12,
        14,
        17,
        18,
        13,
        11,
        21,
        19,
        20,
        22
      ]
    },
    "LST": {
      "makespan": 62,
      "execution_time": 0.00025916099548339844,
      "schedule": {
        "1": [
          0,
          0
        ],
        "2": [
          0,
          8
        ],
        "4": [
          0,
          9
        ],
        "3": [
          9,
          17
        ],
        "9": [
          8,
          17
        ],
        "7": [
          17,
          21
        ],
        "6": [
          21,
          24
        ],
        "10": [
          21,
          27
        ],
        "5": [
          27,
          33
        ],
        "8": [
          24,
          27
        ],
        "16": [
          27,
          35
        ],
        "15": [
          33,
          35
        ],
        "12": [
          35,
          36
        ],
        "14": [
          36,
          41
        ],
        "17": [
          36,
          41
        ],
        "18": [
          41,
          49
        ],
        "13": [
          49,
          52
        ],
        "11": [
          41,
          47
        ],
        "21": [
          52,
          61
        ],
        "19": [
          52,
          55
        ],
        "20": [
          61,
          62
        ],
        "22": [
          62,
          62
        ]
      },
      "activity_order": [
        1,
        2,
        4,
        3,
        9,
        7,
        6,
        10,
        5,
        8,
        16,
        15,
        12,
        14,
        17,
        18,
        13,
        11,
        21,
        19,
        20,
        22
      ]
    },
    "LFT": {
      "makespan": 58,
      "execution_time": 0.00026798248291015625,
      "schedule": {
        "1": [
          0,
          0
        ],
        "2": [
          0,
          8
        ],
        "3": [
          0,
          8
        ],
        "4": [
          8,
          17
        ],
        "7": [
          17,
          21
        ],
        "9": [
          8,
          17
        ],
        "6": [
          21,
          24
        ],
        "8": [
          24,
          27
        ],
        "10": [
          21,
          27
        ],
        "5": [
          27,
          33
        ],
        "12": [
          33,
          34
        ],
        "15": [
          34,
          36
        ],
        "14": [
          36,
          41
        ],
        "16": [
          27,
          35
        ],
        "17": [
          36,
          41
        ],
        "13": [
          35,
          38
        ],
        "18": [
          41,
          49
        ],
        "11": [
          41,
          47
        ],
        "19": [
          49,
          52
        ],
        "20": [
          41,
          42
        ],
        "21": [
          49,
          58
        ],
        "22": [
          58,
          58
        ]
      },
      "activity_order": [
        1,
        2,
        3,
        4,
        7,
        9,
        6,
        8,
        10,
        5,
        12,
        15,
        14,
        16,
        17,
        13,
        18,
        11,
        19,
        20,
        21,
        22
      ]
    },
    "MTS": {
      "makespan": 54,
      "execution_time": 0.00026488304138183594,
      "schedule": {
        "1": [
          0,
          0
        ],
        "2": [
          0,
          8
        ],
        "3": [
          0,
          8
        ],
        "4": [
          8,
          17
        ],
        "6": [
          8,
          11
        ],
        "7": [
          17,
          21
        ],
        "9": [
          8,
          17
        ],
        "5": [
          17,
          23
        ],
        "8": [
          21,
          24
        ],
        "10": [
          23,
          29
        ],
        "15": [
          29,
          31
        ],
        "12": [
          31,
          32
        ],
        "14": [
          32,
          37
        ],
        "16": [
          24,
          32
        ],
        "17": [
          32,
          37
        ],
        "11": [
          37,
          43
        ],
        "13": [
          32,
          35
        ],
        "18": [
          37,
          45
        ],
        "19": [
          45,
          48
        ],
        "20": [
          37,
          38
        ],
        "21": [
          45,
          54
        ],
        "22": [
          54,
          54
        ]
      },
      "activity_order": [
        1,
        2,
        3,
        4,
        6,
        7,
        9,
        5,
        8,
        10,
        15,
        12,
        14,
        16,
        17,
        11,
        13,
        18,
        19,
        20,
        21,
        22
      ]
    },
    "TIMROS": {
      "makespan": 75,
      "execution_time": 0.0004343986511230469,
      "schedule": {
        "1": [
          0,
          0
        ],
        "4": [
          0,
          9
        ],
        "2": [
          0,
          8
        ],
        "3": [
          9,
          17
        ],
        "7": [
          17,
          21
        ],
        "5": [
          17,
          23
        ],
        "6": [
          21,
          24
        ],
        "8": [
          24,
          27
        ],
        "11": [
          24,
          30
        ],
        "9": [
          30,
          39
        ],
        "16": [
          39,
          47
        ],
        "10": [
          39,
          45
        ],
        "13": [
          47,
          50
        ],
        "14": [
          45,
          50
        ],
        "19": [
          50,
          53
        ],
        "15": [
          50,
          52
        ],
        "20": [
          52,
          53
        ],
        "12": [
          52,
          53
        ],
        "17": [
          53,
          58
        ],
        "18": [
          58,
          66
        ],
        "21": [
          66,
          75
        ],
        "22": [
          75,
          75
        ]
      },
      "activity_order": [
        1,
        4,
        2,
        3,
        7,
        5,
        6,
        8,
        11,
        9,
        16,
        10,
        13,
        14,
        19,
        15,
        20,
        12,
        17,
        18,
        21,
        22
      ]
    },
    "HRU1": {
      "makespan": 74,