{
  "instance": "inst_set1a_sf0.5_nc1.8_n20_m15_03",
  "results": {
    "HRPW*": {
      "makespan": 113,
      "execution_time": 4.649162292480469e-05,
      "schedule": {
        "1": [
          0,
          0
        ],
        "3": [
          0,
          5
        ],
        "7": [
          5,
          14
        ],
        "4": [
          14,
          20
        ],
        "6": [
          20,
          23
        ],
        "2": [
          23,
          26
        ],
        "8": [
          26,
          29
        ],
        "12": [
          29,
          37
        ],
        "9": [
          37,
          47
        ],
        "10": [
          47,
          53
        ],
        "11": [
          53,
          57
        ],
        "14": [
          57,
          63
        ],
        "5": [
          63,
          66
        ],
        "15": [
          66,
          71
        ],
        "16": [
          71,
          76
        ],
        "13": [
          76,
          78
        ],
        "17": [
          78,
          82
        ],
        "18": [
          82,
          90
        ],
        "21": [
          90,
          100
        ],
        "19": [
          100,
          109
        ],
        "20": [
          109,
          113
        ],
        "22": [
          113,
          113
        ]
      },
      "activity_order": [
        1,
        3,
        7,
        4,
        6,
        2,
        8,
        12,
        9,
        10,
        11,
        14,
        5,
        15,
        16,
        13,
        17,
        18,
        21,
        19,
        20,
        22
      ]
    },
    "LST": {
      "makespan": 113,
      "execution_time": 4.220008850097656e-05,
      "schedule": {
        "1": [
          0,
          0
        ],
        "3": [
          0,
          5
        ],
        "7": [
          5,
          14
        ],
        "4": [
          14,
          20
        ],
        "6": [
          20,
          23
        ],
        "2": [
          23,
          26
        ],
        "8": [
          26,
          29
        ],
        "12": [
          29,
          37
        ],
        "9": [
          37,
          47
        ],
        "10": [
          47,
          53
        ],
        "11": [
          53,
          57
        ],
        "14": [
          57,
          63
        ],
        "5": [
          63,
          66
        ],
        "15": [
          66,
          71
        ],
        "16": [
          71,
          76
        ],
        "13": [
          76,
          78
        ],
        "17": [
          78,
          82
        ],
        "18": [
          82,
          90
        ],
        "21": [
          90,
          100
        ],
        "19": [
          100,
          109
        ],
        "20": [
          109,
          113
        ],
        "22": [
          113,
          113
        ]
      },
      "activity_order": [
        1,
        3,
        7,
        4,
        6,
        2,
        8,
        12,
        9,
        10,
        11,
        14,
        5,
        15,
        16,
        13,
        17,
        18,
        21,
        19,
        20,
        22
      ]
    },
    "LFT": {
      "makespan": 113,
      "execution_time": 6.747245788574219e-05,
      "schedule": {
        "1": [
          0,
          0
        ],
        "3": [
          0,
          5
        ],
        "4": [
          5,
          11
        ],
        "7": [
          11,
          20
        ],
        "6": [
          20,
          23
        ],
        "2": [
          23,
          26
        ],
        "8": [
          26,
          29
        ],
        "5": [
          29,
          32
        ],
        "10": [
          32,
          38
        ],
        "11": [
          38,
          42
        ],
        "12": [
          42,
          50
        ],
        "14": [
          50,
          56
        ],
        "9": [
          56,
          66
        ],
        "13": [
          66,
          68
        ],
        "15": [
          68,
          73
        ],
        "16": [
          73,
          78
        ],
        "17": [
          78,
          82
        ],
        "18": [
          82,
          90
        ],
        "19": [
          90,
          99
        ],
        "20": [
          99,
          103
        ],
        "21": [
          103,
          113
        ],
        "22": [
          113,
          113
        ]
      },
      "activity_order": [
        1,
        3,
        4,
        7,
        6,
        2,
        8,
        5,
        10,
        11,
        12,
        14,
        9,
        13,
        15,
        16,
        17,
        18,
        19,
        20,
        21,
        22
      ]
    },
    "MTS": {
      "makespan": 113,
      "execution_time": 8.034706115722656e-05,
      "schedule": {
        "1": [
          0,
          0
        ],
        "4": [
          0,
          6
        ],
        "3": [
          6,
          11
        ],
        "6": [
          11,
          14
        ],
        "7": [
          14,
          23
        ],
        "8": [
          23,
          26
        ],
        "2": [
          26,
          29
        ],
        "11": [
          29,
          33
        ],
        "12": [
          33,
          41
        ],
        "9": [
          41,
          51
        ],
        "10": [
          51,
          57
        ],
        "5": [
          57,
          60
        ],
        "13": [
          60,
          62
        ],
        "14": [
          62,
          68
        ],
        "15": [
          68,
          73
        ],
        "16": [
          73,
          78
        ],
        "17": [
          78,
          82
        ],
        "18": [
          82,
          90
        ],
        "19": [
          90,
          99
        ],
        "20": [
          99,
          103
        ],
        "21": [
          103,
          113
        ],
        "22": [
          113,
          113
        ]
      },
      "activity_order": [
        1,
        4,
        3,
        6,
        7,
        8,
        2,
        11,
        12,
        9,
        10,
        5,
        13,
        14,
        15,
        16,
        17,
        18,
        19,
        20,
        21,
        22
      ]
    },
    "TIMROS": {
      "makespan": 113,
      "execution_time": 0.00025200843811035156,
      "schedule": {
        "1": [
          0,
          0
        ],
        "4": [
          0,
          6
        ],
        "3": [
          6,
          11
        ],
        "7": [
          11,
          20
        ],
        "12": [
          20,
          28
        ],
        "6": [
          28,
          31
        ],
        "9": [
          31,
          41
        ],
        "11": [
          41,
          45
        ],
        "14": [
          45,
          51
        ],
        "17": [
          51,
          55
        ],
        "19": [
          55,
          64
        ],
        "2": [
          64,
          67
        ],
        "5": [
          67,
          70
        ],
        "8": [
          70,
          73
        ],
        "10": [
          73,
          79
        ],
        "16": [
          79,
          84
        ],
        "15": [
          84,
          89
        ],
        "21": [
          89,
          99
        ],
        "13": [
          99,
          101
        ],
        "18": [
          101,
          109
        ],
        "20": [
          109,
          113
        ],
        "22": [
          113,
          113
        ]
      },