{
  "instance": "inst_set1a_sf0.5_nc2.1_n20_m15_00",
  "results": {
    "HRPW*": {
      "makespan": 114,
      "execution_time": 5.817413330078125e-05,
      "schedule": {
        "1": [
          0,
          0
        ],
        "3": [
          0,
          5
        ],
        "4": [
          5,
          10
        ],
        "5": [
          10,
          19
        ],
        "2": [
          19,
          25
        ],
        "10": [
          25,
          30
        ],
        "7": [
          30,
          39
        ],
        "6": [
          39,
          40
        ],
        "9": [
          40,
          50
        ],
        "11": [
          50,
          54
        ],
        "13": [
          54,
          58
        ],
        "14": [
          58,
          65
        ],
        "8": [
          65,
          69
        ],
        "12": [
          69,
          73
        ],
        "16": [
          73,
          76
        ],
        "17": [
          76,
          77
        ],
        "18": [
          77,
          87
        ],
        "15": [
          87,
          89
        ],
        "19": [
          89,
          98
        ],
        "20": [
          98,
          106
        ],
        "21": [
          106,
          114
        ],
        "22": [
          114,
          114
        ]
      },
      "activity_order": [
        1,
        3,
        4,
        5,
        2,
        10,
        7,
        6,
        9,
        11,
        13,
        14,
        8,
        12,
        16,
        17,
        18,
        15,
        19,
        20,
        21,
        22
      ]
    },
    "LST": {
      "makespan": 114,
      "execution_time": 9.489059448242188e-05,
      "schedule": {
        "1": [
          0,
          0
        ],
        "3": [
          0,
          5
        ],
        "4": [
          5,
          10
        ],
        "5": [
          10,
          19
        ],
        "2": [
          19,
          25
        ],
        "10": [
          25,
          30
        ],
        "7": [
          30,
          39
        ],
        "6": [
          39,
          40
        ],
        "9": [
          40,
          50
        ],
        "11": [
          50,
          54
        ],
        "13": [
          54,
          58
        ],
        "14": [
          58,
          65
        ],
        "8": [
          65,
          69
        ],
        "12": [
          69,
          73
        ],
        "16": [
          73,
          76
        ],
        "17": [
          76,
          77
        ],
        "18": [
          77,
          87
        ],
        "15": [
          87,
          89
        ],
        "19": [
          89,
          98
        ],
        "20": [
          98,
          106
        ],
        "21": [
          106,
          114
        ],
        "22": [
          114,
          114
        ]
      },
      "activity_order": [
        1,
        3,
        4,
        5,
        2,
        10,
        7,
        6,
        9,
        11,
        13,
        14,
        8,
        12,
        16,
        17,
        18,
        15,
        19,
        20,
        21,
        22
      ]
    },
    "LFT": {
      "makespan": 114,
      "execution_time": 8.249282836914062e-05,
      "schedule": {
        "1": [
          0,
          0
        ],
        "3": [
          0,
          5
        ],
        "4": [
          5,
          10
        ],
        "2": [
          10,
          16
        ],
        "5": [
          16,
          25
        ],
        "6": [
          25,
          26
        ],
        "10": [
          26,
          31
        ],
        "11": [
          31,
          35
        ],
        "13": [
          35,
          39
        ],
        "7": [
          39,
          48
        ],
        "8": [
          48,
          52
        ],
        "9": [
          52,
          62
        ],
        "14": [
          62,
          69
        ],
        "12": [
          69,
          73
        ],
        "16": [
          73,
          76
        ],
        "17": [
          76,
          77
        ],
        "15": [
          77,
          79
        ],
        "18": [
          79,
          89
        ],
        "19": [
          89,
          98
        ],
        "20": [
          98,
          106
        ],
        "21": [
          106,
          114
        ],
        "22": [
          114,
          114
        ]
      },
      "activity_order": [
        1,
        3,
        4,
        2,
        5,
        6,
        10,
        11,
        13,
        7,
        8,
        9,
        14,
        12,
        16,
        17,
        15,
        18,
        19,
        20,
        21,
        22
      ]
    },
    "MTS": {
      "makespan": 114,
      "execution_time": 7.724761962890625e-05,
      "schedule": {
        "1": [
          0,
          0
        ],
        "3": [
          0,
          5
        ],
        "4": [
          5,
          10
        ],
        "2": [
          10,
          16
        ],
        "10": [
          16,
          21
        ],
        "6": [
          21,
          22
        ],
        "5": [
          22,
          31
        ],
        "9": [
          31,
          41
        ],
        "11": [
          41,
          45
        ],
        "7": [
          45,
          54
        ],
        "13": [
          54,
          58
        ],
        "8": [
          58,
          62
        ],
        "14": [
          62,
          69
        ],
        "12": [
          69,
          73
        ],
        "15": [
          73,
          75
        ],
        "16": [
          75,
          78
        ],
        "17": [
          78,
          79
        ],
        "18": [
          79,
          89
        ],
        "19": [
          89,
          98
        ],
        "20": [
          98,
          106
        ],
        "21": [
          106,
          114
        ],
        "22": [
          114,
          114
        ]
      },
      "activity_order": [
        1,
        3,
        4,
        2,
        10,
        6,
        5,
        9,
        11,
        7,
        13,
        8,
        14,
        12,
        15,
        16,
        17,
        18,
        19,
        20,
        21,
        22
      ]
    },
    "TIMROS": {
      "makespan": 114,
      "execution_time": 0.00011897087097167969,
      "schedule": {
        "1": [
          0,
          0
        ],
        "2": [
          0,
          6
        ],
        "3": [
          6,
          11
        ],
        "4": [
          11,
          16
        ],
        "9": [
          16,
          26
        ],
        "5": [
          26,
          35
        ],
        "7": [
          35,
          44
        ],
        "8": [
          44,
          48
        ],
        "10": [
          48,
          53
        ],
        "12": [
          53,
          57
        ],
        "6": [
          57,
          58
        ],
        "13": [
          58,
          62
        ],
        "11": [
          62,
          66
        ],
        "14": [
          66,
          73
        ],
        "16": [
          73,
          76
        ],
        "15": [
          76,
          78
        ],
        "19": [
          78,
          87
        ],
        "21": [
          87,
          95
        ],
        "17": [
          95,
          96
        ],
        "18": [
          96,
          106
        ],
        "20": [
          106,
          114
        ],
        "22": [
          114,
          114
        ]
      },
      "activity_order": [
        1,
        2,
        3,
        4,
        9,
        5,
        7,
        8,
        10,
        12,
        6,
        13,
        11,
        14,
        16,
        15,
        19,
        21,
        17,
        18,
        20,
        22
      ]
    },