{
  "instance": "inst_set1a_sf1_nc2.1_n20_m30_05",
  "results": {
    "HRPW*": {
      "makespan": 110,
      "execution_time": 0.0004181861877441406,
      "schedule": {
        "1": [
          0,
          0
        ],
        "4": [
          0,
          2
        ],
        "7": [
          2,
          11
        ],
        "2": [
          11,
          15
        ],
        "10": [
          15,
          23
        ],
        "9": [
          23,
          29
        ],
        "14": [
          29,
          37
        ],
        "3": [
          37,
          40
        ],
        "5": [
          40,
          43
        ],
        "12": [
          43,
          51
        ],
        "6": [
          51,
          52
        ],
        "11": [
          52,
          62
        ],
        "16": [
          62,
          72
        ],
        "8": [
          72,
          78
        ],
        "15": [
          78,
          87
        ],
        "18": [
          87,
          90
        ],
        "17": [
          90,
          91
        ],
        "20": [
          91,
          99
        ],
        "21": [
          99,
          105
        ],
        "13": [
          105,
          106
        ],
        "19": [
          106,
          110
        ],
        "22": [
          110,
          110
        ]
      },
      "activity_order": [
        1,
        4,
        7,
        2,
        10,
        9,
        14,
        3,
        5,
        12,
        6,
        11,
        16,
        8,
        15,
        18,
        17,
        20,
        21,
        13,
        19,
        22
      ]
    },
    "LST": {
      "makespan": 110,
      "execution_time": 0.0005543231964111328,
      "schedule": {
        "1": [
          0,
          0
        ],
        "4": [
          0,
          2
        ],
        "7": [
          2,
          11
        ],
        "2": [
          11,
          15
        ],
        "10": [
          15,
          23
        ],
        "9": [
          23,
          29
        ],
        "14": [
          29,
          37
        ],
        "3": [
          37,
          40
        ],
        "5": [
          40,
          43
        ],
        "12": [
          43,
          51
        ],
        "6": [
          51,
          52
        ],
        "11": [
          52,
          62
        ],
        "16": [
          62,
          72
        ],
        "8": [
          72,
          78
        ],
        "15": [
          78,
          87
        ],
        "18": [
          87,
          90
        ],
        "17": [
          90,
          91
        ],
        "20": [
          91,
          99
        ],
        "21": [
          99,
          105
        ],
        "13": [
          105,
          106
        ],
        "19": [
          106,
          110
        ],
        "22": [
          110,
          110
        ]
      },
      "activity_order": [
        1,
        4,
        7,
        2,
        10,
        9,
        14,
        3,
        5,
        12,
        6,
        11,
        16,
        8,
        15,
        18,
        17,
        20,
        21,
        13,
        19,
        22
      ]
    },
    "LFT": {
      "makespan": 110,
      "execution_time": 0.0004773139953613281,
      "schedule": {
        "1": [
          0,
          0
        ],
        "4": [
          0,
          2
        ],
        "7": [
          2,
          11
        ],
        "2": [
          11,
          15
        ],
        "9": [
          15,
          21
        ],
        "10": [
          21,
          29
        ],
        "3": [
          29,
          32
        ],
        "5": [
          32,
          35
        ],
        "6": [
          35,
          36
        ],
        "14": [
          36,
          44
        ],
        "12": [
          44,
          52
        ],
        "8": [
          52,
          58
        ],
        "17": [
          58,
          59
        ],
        "18": [
          59,
          62
        ],
        "11": [
          62,
          72
        ],
        "16": [
          72,
          82
        ],
        "13": [
          82,
          83
        ],
        "15": [
          83,
          92
        ],
        "19": [
          92,
          96
        ],
        "20": [
          96,
          104
        ],
        "21": [
          104,
          110
        ],
        "22": [
          110,
          110
        ]
      },
      "activity_order": [
        1,
        4,
        7,
        2,
        9,
        10,
        3,
        5,
        6,
        14,
        12,
        8,
        17,
        18,
        11,
        16,
        13,
        15,
        19,
        20,
        21,
        22
      ]
    },
    "MTS": {
      "makespan": 110,
      "execution_time": 0.0003883838653564453,
      "schedule": {
        "1": [
          0,
          0
        ],
        "4": [
          0,
          2
        ],
        "2": [
          2,
          6
        ],
        "7": [
          6,
          15
        ],
        "3": [
          15,
          18
        ],
        "9": [
          18,
          24
        ],
        "10": [
          24,
          32
        ],
        "5": [
          32,
          35
        ],
        "6": [
          35,
          36
        ],
        "12": [
          36,
          44
        ],
        "14": [
          44,
          52
        ],
        "8": [
          52,
          58
        ],
        "18": [
          58,
          61
        ],
        "11": [
          61,
          71
        ],
        "13": [
          71,
          72
        ],
        "15": [
          72,
          81
        ],
        "16": [
          81,
          91
        ],
        "17": [
          91,
          92
        ],
        "19": [
          92,
          96
        ],
        "20": [
          96,
          104
        ],
        "21": [
          104,
          110
        ],
        "22": [
          110,
          110
        ]
      },
      "activity_order": [
        1,
        4,
        2,
        7,
        3,
        9,
        10,
        5,
        6,
        12,
        14,
        8,
        18,
        11,
        13,
        15,
        16,
        17,
        19,
        20,
        21,
        22
      ]
    },
    "TIMROS": {
      "makespan": 110,
      "execution_time": 0.00039768218994140625,
      "schedule": {
        "1": [
          0,
          0
        ],
        "2": [
          0,
          4
        ],
        "9": [
          4,
          10
        ],
        "3": [
          10,
          13
        ],
        "4": [
          13,
          15
        ],
        "7": [
          15,
          24
        ],
        "11": [
          24,
          34
        ],
        "10": [
          34,
          42
        ],
        "12": [
          42,
          50
        ],
        "14": [
          50,
          58
        ],
        "8": [
          58,
          64
        ],
        "5": [
          64,
          67
        ],
        "18": [
          67,
          70
        ],
        "6": [
          70,
          71
        ],
        "16": [
          71,
          81
        ],
        "15": [
          81,
          90
        ],
        "21": [
          90,
          96
        ],
        "13": [
          96,
          97
        ],
        "19": [
          97,
          101
        ],
        "17": [
          101,
          102
        ],
        "20": [
          102,
          110
        ],
        "22": [
          110,
          110
        ]
      },
      "activity_order": [
        1,
        2,
        9,
        3,
        4,
        7,
        11,
        10,
        12,
        14,
        8,
        5,
        18,
        6,
        16,
        15,
        21,
        13,
        19,
        17,
        20,
        22
      ]
    },