{
  "instance": "inst_set1a_sf0_nc1.5_n20_m25_04",
  "results": {
    "HRPW*": {
      "makespan": 73,
      "execution_time": 0.0003211498260498047,
      "schedule": {
        "1": [
          0,
          0
        ],
        "3": [
          0,
          3
        ],
        "4": [
          3,
          11
        ],
        "9": [
          11,
          19
        ],
        "2": [
          19,
          20
        ],
        "7": [
          20,
          23
        ],
        "8": [
          23,
          25
        ],
        "13": [
          25,
          29
        ],
        "16": [
          29,
          31
        ],
        "17": [
          31,
          38
        ],
        "14": [
          29,
          31
        ],
        "6": [
          38,
          42
        ],
        "5": [
          31,
          41
        ],
        "15": [
          42,
          46
        ],
        "12": [
          46,
          47
        ],
        "18": [
          47,
          56
        ],
        "10": [
          56,
          60
        ],
        "11": [
          60,
          64
        ],
        "20": [
          56,
          65
        ],
        "19": [
          65,
          73
        ],
        "21": [
          64,
          72
        ],
        "22": [
          73,
          73
        ]
      },
      "activity_order": [
        1,
        3,
        4,
        9,
        2,
        7,
        8,
        13,
        16,
        17,
        14,
        6,
        5,
        15,
        12,
        18,
        10,
        11,
        20,
        19,
        21,
        22
      ]
    },
    "LST": {
      "makespan": 73,
      "execution_time": 0.000331878662109375,
      "schedule": {
        "1": [
          0,
          0
        ],
        "3": [
          0,
          3
        ],
        "4": [
          3,
          11
        ],
        "9": [
          11,
          19
        ],
        "2": [
          19,
          20
        ],
        "7": [
          20,
          23
        ],
        "8": [
          23,
          25
        ],
        "13": [
          25,
          29
        ],
        "16": [
          29,
          31
        ],
        "17": [
          31,
          38
        ],
        "14": [
          29,
          31
        ],
        "6": [
          38,
          42
        ],
        "5": [
          31,
          41
        ],
        "15": [
          42,
          46
        ],
        "12": [
          46,
          47
        ],
        "18": [
          47,
          56
        ],
        "10": [
          56,
          60
        ],
        "11": [
          60,
          64
        ],
        "20": [
          56,
          65
        ],
        "19": [
          65,
          73
        ],
        "21": [
          64,
          72
        ],
        "22": [
          73,
          73
        ]
      },
      "activity_order": [
        1,
        3,
        4,
        9,
        2,
        7,
        8,
        13,
        16,
        17,
        14,
        6,
        5,
        15,
        12,
        18,
        10,
        11,
        20,
        19,
        21,
        22
      ]
    },
    "LFT": {
      "makespan": 75,
      "execution_time": 0.00041985511779785156,
      "schedule": {
        "1": [
          0,
          0
        ],
        "3": [
          0,
          3
        ],
        "2": [
          3,
          4
        ],
        "4": [
          4,
          12
        ],
        "7": [
          12,
          15
        ],
        "8": [
          15,
          17
        ],
        "9": [
          15,
          23
        ],
        "13": [
          23,
          27
        ],
        "16": [
          27,
          29
        ],
        "14": [
          27,
          29
        ],
        "6": [
          29,
          33
        ],
        "12": [
          33,
          34
        ],
        "15": [
          34,
          38
        ],
        "17": [
          38,
          45
        ],
        "5": [
          29,
          39
        ],
        "18": [
          45,
          54
        ],
        "10": [
          54,
          58
        ],
        "11": [
          58,
          62
        ],
        "19": [
          58,
          66
        ],
        "20": [
          66,
          75
        ],
        "21": [
          62,
          70
        ],
        "22": [
          75,
          75
        ]
      },
      "activity_order": [
        1,
        3,
        2,
        4,
        7,
        8,
        9,
        13,
        16,
        14,
        6,
        12,
        15,
        17,
        5,
        18,
        10,
        11,
        19,
        20,
        21,
        22
      ]
    },
    "MTS": {
      "makespan": 71,
      "execution_time": 0.000499725341796875,
      "schedule": {
        "1": [
          0,
          0
        ],
        "4": [
          0,
          8
        ],
        "2": [
          8,
          9
        ],
        "3": [
          9,
          12
        ],
        "7": [
          12,
          15
        ],
        "8": [
          15,
          17
        ],
        "9": [
          15,
          23
        ],
        "13": [
          23,
          27
        ],
        "6": [
          27,
          31
        ],
        "14": [
          27,
          29
        ],
        "16": [
          31,
          33
        ],
        "5": [
          29,
          39
        ],
        "12": [
          33,
          34
        ],
        "15": [
          34,
          38
        ],
        "17": [
          38,
          45
        ],
        "10": [
          45,
          49
        ],
        "11": [
          49,
          53
        ],
        "18": [
          53,
          62
        ],
        "19": [
          49,
          57
        ],
        "20": [
          62,
          71
        ],
        "21": [
          62,
          70
        ],
        "22": [
          71,
          71
        ]
      },
      "activity_order": [
        1,
        4,
        2,
        3,
        7,
        8,
        9,
        13,
        6,
        14,
        16,
        5,
        12,
        15,
        17,
        10,
        11,
        18,
        19,
        20,
        21,
        22
      ]
    },
    "TIMROS": {
      "makespan": 87,
      "execution_time": 0.00030994415283203125,
      "schedule": {
        "1": [
          0,
          0
        ],
        "3": [
          0,
          3
        ],
        "9": [
          3,
          11
        ],
        "4": [
          11,
          19
        ],
        "11": [
          19,
          23
        ],
        "5": [
          19,
          29
        ],
        "10": [
          29,
          33
        ],
        "2": [
          33,
          34
        ],
        "6": [
          34,
          38
        ],
        "12": [
          38,
          39
        ],
        "7": [
          39,
          42
        ],
        "19": [
          42,
          50
        ],
        "8": [
          42,
          44
        ],
        "13": [
          44,
          48
        ],
        "21": [
          48,
          56
        ],
        "14": [
          48,
          50
        ],
        "15": [
          56,
          60
        ],
        "16": [
          60,
          62
        ],
        "17": [
          62,
          69
        ],
        "18": [
          69,
          78
        ],
        "20": [
          78,
          87
        ],
        "22": [
          87,
          87
        ]
      },
      "activity_order": [
        1,
        3,
        9,
        4,
        11,
        5,
        10,
        2,
        6,
        12,
        7,
        19,
        8,
        13,
        21,
        14,
        15,
        16,
        17,
        18,
        20,
        22
      ]
    },
    "HRU1": {
      "makespan": 95,