{
  "instance": "inst_set1a_sf0.5_nc2.1_n20_m10_00",
  "results": {
    "HRPW*": {
      "makespan": 73,
      "execution_time": 0.0002117156982421875,
      "schedule": {
        "1": [
          0,
          0
        ],
        "4": [
          0,
          1
        ],
        "6": [
          1,
          4
        ],
        "2": [
          0,
          1
        ],
        "7": [
          4,
          14
        ],
        "8": [
          14,
          21
        ],
        "12": [
          14,
          18
        ],
        "5": [
          21,
          24
        ],
        "3": [
          24,
          31
        ],
        "11": [
          24,
          29
        ],
        "13": [
          29,
          38
        ],
        "10": [
          38,
          42
        ],
        "15": [
          42,
          49
        ],
        "16": [
          31,
          41
        ],
        "9": [
          49,
          51
        ],
        "14": [
          51,
          57
        ],
        "17": [
          57,
          64
        ],
        "21": [
          64,
          73
        ],
        "18": [
          49,
          52
        ],
        "19": [
          52,
          60
        ],
        "20": [
          64,
          69
        ],
        "22": [
          73,
          73
        ]
      },
      "activity_order": [
        1,
        4,
        6,
        2,
        7,
        8,
        12,
        5,
        3,
        11,
        13,
        10,
        15,
        16,
        9,
        14,
        17,
        21,
        18,
        19,
        20,
        22
      ]
    },
    "LST": {
      "makespan": 73,
      "execution_time": 0.00021028518676757812,
      "schedule": {
        "1": [
          0,
          0
        ],
        "4": [
          0,
          1
        ],
        "6": [
          1,
          4
        ],
        "2": [
          0,
          1
        ],
        "7": [
          4,
          14
        ],
        "8": [
          14,
          21
        ],
        "12": [
          14,
          18
        ],
        "5": [
          21,
          24
        ],
        "3": [
          24,
          31
        ],
        "11": [
          24,
          29
        ],
        "13": [
          29,
          38
        ],
        "10": [
          38,
          42
        ],
        "15": [
          42,
          49
        ],
        "16": [
          31,
          41
        ],
        "9": [
          49,
          51
        ],
        "14": [
          51,
          57
        ],
        "17": [
          57,
          64
        ],
        "21": [
          64,
          73
        ],
        "18": [
          49,
          52
        ],
        "19": [
          52,
          60
        ],
        "20": [
          64,
          69
        ],
        "22": [
          73,
          73
        ]
      },
      "activity_order": [
        1,
        4,
        6,
        2,
        7,
        8,
        12,
        5,
        3,
        11,
        13,
        10,
        15,
        16,
        9,
        14,
        17,
        21,
        18,
        19,
        20,
        22
      ]
    },
    "LFT": {
      "makespan": 67,
      "execution_time": 0.00020694732666015625,
      "schedule": {
        "1": [
          0,
          0
        ],
        "4": [
          0,
          1
        ],
        "2": [
          0,
          1
        ],
        "6": [
          1,
          4
        ],
        "7": [
          4,
          14
        ],
        "5": [
          1,
          4
        ],
        "8": [
          14,
          21
        ],
        "12": [
          14,
          18
        ],
        "11": [
          18,
          23
        ],
        "3": [
          21,
          28
        ],
        "9": [
          23,
          25
        ],
        "10": [
          25,
          29
        ],
        "13": [
          29,
          38
        ],
        "15": [
          38,
          45
        ],
        "14": [
          45,
          51
        ],
        "16": [
          28,
          38
        ],
        "17": [
          51,
          58
        ],
        "18": [
          45,
          48
        ],
        "19": [
          48,
          56
        ],
        "20": [
          58,
          63
        ],
        "21": [
          58,
          67
        ],
        "22": [
          67,
          67
        ]
      },
      "activity_order": [
        1,
        4,
        2,
        6,
        7,
        5,
        8,
        12,
        11,
        3,
        9,
        10,
        13,
        15,
        14,
        16,
        17,
        18,
        19,
        20,
        21,
        22
      ]
    },
    "MTS": {
      "makespan": 67,
      "execution_time": 0.00021028518676757812,
      "schedule": {
        "1": [
          0,
          0
        ],
        "4": [
          0,
          1
        ],
        "2": [
          0,
          1
        ],
        "6": [
          1,
          4
        ],
        "5": [
          1,
          4
        ],
        "7": [
          4,
          14
        ],
        "8": [
          14,
          21
        ],
        "3": [
          21,
          28
        ],
        "9": [
          14,
          16
        ],
        "11": [
          16,
          21
        ],
        "12": [
          21,
          25
        ],
        "10": [
          25,
          29
        ],
        "13": [
          29,
          38
        ],
        "15": [
          38,
          45
        ],
        "16": [
          28,
          38
        ],
        "14": [
          45,
          51
        ],
        "17": [
          51,
          58
        ],
        "18": [
          45,
          48
        ],
        "19": [
          48,
          56
        ],
        "20": [
          58,
          63
        ],
        "21": [
          58,
          67
        ],
        "22": [
          67,
          67
        ]
      },
      "activity_order": [
        1,
        4,
        2,
        6,
        5,
        7,
        8,
        3,
        9,
        11,
        12,
        10,
        13,
        15,
        16,
        14,
        17,
        18,
        19,
        20,
        21,
        22
      ]
    },
    "TIMROS": {
      "makespan": 81,
      "execution_time": 0.00021123886108398438,
      "schedule": {
        "1": [
          0,
          0
        ],
        "3": [
          0,
          7
        ],
        "2": [
          0,
          1
        ],
        "5": [
          7,
          10
        ],
        "4": [
          0,
          1
        ],
        "16": [
          7,
          17
        ],
        "12": [
          1,
          5
        ],
        "6": [
          5,
          8
        ],
        "11": [
          10,
          15
        ],
        "7": [
          15,
          25
        ],
        "8": [
          25,
          32
        ],
        "13": [
          32,
          41
        ],
        "15": [
          41,
          48
        ],
        "9": [
          48,
          50
        ],
        "19": [
          50,
          58
        ],
        "10": [
          50,
          54
        ],
        "14": [
          54,
          60
        ],
        "21": [
          60,
          69
        ],
        "18": [
          58,
          61
        ],
        "17": [
          69,
          76
        ],
        "20": [
          76,
          81
        ],
        "22": [
          81,
          81
        ]
      },
      "activity_order": [
        1,
        3,
        2,
        5,
        4,
        16,
        12,
        6,
        11,
        7,
        8,
        13,
        15,
        9,
        19,
        10,
        14,
        21,
        18,
        17,
        20,
        22
      ]
    },
    "HRU1": {
      "makespan": 67,