{
  "instance": "inst_set1a_sf0_nc1.5_n20_m10_04",
  "results": {
    "HRPW*": {
      "makespan": 62,
      "execution_time": 0.0003046989440917969,
      "schedule": {
        "1": [
          0,
          0
        ],
        "3": [
          0,
          6
        ],
        "7": [
          6,
          14
        ],
        "4": [
          14,
          23
        ],
        "8": [
          14,
          23
        ],
        "5": [
          6,
          12
        ],
        "6": [
          23,
          24
        ],
        "9": [
          24,
          32
        ],
        "10": [
          24,
          26
        ],
        "12": [
          26,
          27
        ],
        "2": [
          32,
          41
        ],
        "11": [
          26,
          35
        ],
        "13": [
          27,
          30
        ],
        "14": [
          32,
          39
        ],
        "15": [
          39,
          42
        ],
        "16": [
          41,
          50
        ],
        "18": [
          42,
          46
        ],
        "17": [
          42,
          45
        ],
        "19": [
          46,
          56
        ],
        "20": [
          50,
          57
        ],
        "21": [
          57,
          62
        ],
        "22": [
          62,
          62
        ]
      },
      "activity_order": [
        1,
        3,
        7,
        4,
        8,
        5,
        6,
        9,
        10,
        12,
        2,
        11,
        13,
        14,
        15,
        16,
        18,
        17,
        19,
        20,
        21,
        22
      ]
    },
    "LST": {
      "makespan": 62,
      "execution_time": 0.00024199485778808594,
      "schedule": {
        "1": [
          0,
          0
        ],
        "3": [
          0,
          6
        ],
        "7": [
          6,
          14
        ],
        "4": [
          14,
          23
        ],
        "8": [
          14,
          23
        ],
        "5": [
          6,
          12
        ],
        "6": [
          23,
          24
        ],
        "9": [
          24,
          32
        ],
        "10": [
          24,
          26
        ],
        "12": [
          26,
          27
        ],
        "2": [
          32,
          41
        ],
        "11": [
          26,
          35
        ],
        "13": [
          27,
          30
        ],
        "14": [
          32,
          39
        ],
        "15": [
          39,
          42
        ],
        "16": [
          41,
          50
        ],
        "18": [
          42,
          46
        ],
        "17": [
          42,
          45
        ],
        "19": [
          46,
          56
        ],
        "20": [
          50,
          57
        ],
        "21": [
          57,
          62
        ],
        "22": [
          62,
          62
        ]
      },
      "activity_order": [
        1,
        3,
        7,
        4,
        8,
        5,
        6,
        9,
        10,
        12,
        2,
        11,
        13,
        14,
        15,
        16,
        18,
        17,
        19,
        20,
        21,
        22
      ]
    },
    "LFT": {
      "makespan": 62,
      "execution_time": 0.00019025802612304688,
      "schedule": {
        "1": [
          0,
          0
        ],
        "3": [
          0,
          6
        ],
        "7": [
          6,
          14
        ],
        "4": [
          14,
          23
        ],
        "6": [
          23,
          24
        ],
        "8": [
          14,
          23
        ],
        "5": [
          6,
          12
        ],
        "10": [
          24,
          26
        ],
        "12": [
          26,
          27
        ],
        "9": [
          24,
          32
        ],
        "13": [
          27,
          30
        ],
        "2": [
          32,
          41
        ],
        "11": [
          26,
          35
        ],
        "14": [
          32,
          39
        ],
        "15": [
          39,
          42
        ],
        "17": [
          42,
          45
        ],
        "18": [
          42,
          46
        ],
        "16": [
          41,
          50
        ],
        "19": [
          46,
          56
        ],
        "20": [
          50,
          57
        ],
        "21": [
          57,
          62
        ],
        "22": [
          62,
          62
        ]
      },
      "activity_order": [
        1,
        3,
        7,
        4,
        6,
        8,
        5,
        10,
        12,
        9,
        13,
        2,
        11,
        14,
        15,
        17,
        18,
        16,
        19,
        20,
        21,
        22
      ]
    },
    "MTS": {
      "makespan": 62,
      "execution_time": 0.0002048015594482422,
      "schedule": {
        "1": [
          0,
          0
        ],
        "3": [
          0,
          6
        ],
        "7": [
          6,
          14
        ],
        "4": [
          14,
          23
        ],
        "6": [
          23,
          24
        ],
        "8": [
          14,
          23
        ],
        "5": [
          6,
          12
        ],
        "10": [
          24,
          26
        ],
        "12": [
          26,
          27
        ],
        "9": [
          24,
          32
        ],
        "11": [
          26,
          35
        ],
        "13": [
          27,
          30
        ],
        "2": [
          32,
          41
        ],
        "14": [
          32,
          39
        ],
        "15": [
          39,
          42
        ],
        "16": [
          41,
          50
        ],
        "17": [
          42,
          45
        ],
        "18": [
          42,
          46
        ],
        "19": [
          46,
          56
        ],
        "20": [
          50,
          57
        ],
        "21": [
          57,
          62
        ],
        "22": [
          62,
          62
        ]
      },
      "activity_order": [
        1,
        3,
        7,
        4,
        6,
        8,
        5,
        10,
        12,
        9,
        11,
        13,
        2,
        14,
        15,
        16,
        17,
        18,
        19,
        20,
        21,
        22
      ]
    },
    "TIMROS": {
      "makespan": 61,
      "execution_time": 0.00018596649169921875,
      "schedule": {
        "1": [
          0,
          0
        ],
        "4": [
          0,
          9
        ],
        "2": [
          0,
          9
        ],
        "16": [
          9,
          18
        ],
        "3": [
          0,
          6
        ],
        "5": [
          18,
          24
        ],
        "7": [
          9,
          17
        ],
        "8": [
          17,
          26
        ],
        "15": [
          17,
          20
        ],
        "10": [
          20,
          22
        ],
        "21": [
          24,
          29
        ],
        "6": [
          22,
          23
        ],
        "11": [
          24,
          33
        ],
        "18": [
          33,
          37
        ],
        "9": [
          29,
          37
        ],
        "20": [
          37,
          44
        ],
        "12": [
          37,
          38
        ],
        "13": [
          38,
          41
        ],
        "14": [
          41,
          48
        ],
        "17": [
          48,
          51
        ],
        "19": [
          51,
          61
        ],
        "22": [
          61,
          61
        ]
      },
      "activity_order": [
        1,
        4,
        2,
        16,
        3,
        5,
        7,
        8,
        15,
        10,
        21,
        6,
        11,
        18,
        9,
        20,
        12,
        13,
        14,
        17,
        19,
        22
      ]
    },
    "HRU1": {
      "makespan": 60,