{
  "instance": "inst_set1a_sf0.75_nc1.5_n20_m10_01",
  "results": {
    "HRPW*": {
      "makespan": 110,
      "execution_time": 4.792213439941406e-05,
      "schedule": {
        "1": [
          0,
          0
        ],
        "4": [
          0,
          1
        ],
        "5": [
          1,
          11
        ],
        "2": [
          11,
          20
        ],
        "8": [
          20,
          30
        ],
        "3": [
          30,
          33
        ],
        "6": [
          33,
          37
        ],
        "7": [
          37,
          44
        ],
        "12": [
          44,
          50
        ],
        "10": [
          50,
          59
        ],
        "9": [
          59,
          61
        ],
        "13": [
          61,
          62
        ],
        "16": [
          62,
          69
        ],
        "14": [
          69,
          71
        ],
        "15": [
          71,
          78
        ],
        "17": [
          78,
          87
        ],
        "18": [
          87,
          93
        ],
        "11": [
          93,
          94
        ],
        "21": [
          94,
          101
        ],
        "20": [
          101,
          107
        ],
        "19": [
          107,
          110
        ],
        "22": [
          110,
          110
        ]
      },
      "activity_order": [
        1,
        4,
        5,
        2,
        8,
        3,
        6,
        7,
        12,
        10,
        9,
        13,
        16,
        14,
        15,
        17,
        18,
        11,
        21,
        20,
        19,
        22
      ]
    },
    "LST": {
      "makespan": 110,
      "execution_time": 7.677078247070312e-05,
      "schedule": {
        "1": [
          0,
          0
        ],
        "4": [
          0,
          1
        ],
        "5": [
          1,
          11
        ],
        "2": [
          11,
          20
        ],
        "8": [
          20,
          30
        ],
        "3": [
          30,
          33
        ],
        "6": [
          33,
          37
        ],
        "7": [
          37,
          44
        ],
        "12": [
          44,
          50
        ],
        "10": [
          50,
          59
        ],
        "9": [
          59,
          61
        ],
        "13": [
          61,
          62
        ],
        "16": [
          62,
          69
        ],
        "14": [
          69,
          71
        ],
        "15": [
          71,
          78
        ],
        "17": [
          78,
          87
        ],
        "18": [
          87,
          93
        ],
        "11": [
          93,
          94
        ],
        "21": [
          94,
          101
        ],
        "20": [
          101,
          107
        ],
        "19": [
          107,
          110
        ],
        "22": [
          110,
          110
        ]
      },
      "activity_order": [
        1,
        4,
        5,
        2,
        8,
        3,
        6,
        7,
        12,
        10,
        9,
        13,
        16,
        14,
        15,
        17,
        18,
        11,
        21,
        20,
        19,
        22
      ]
    },
    "LFT": {
      "makespan": 110,
      "execution_time": 7.128715515136719e-05,
      "schedule": {
        "1": [
          0,
          0
        ],
        "4": [
          0,
          1
        ],
        "5": [
          1,
          11
        ],
        "3": [
          11,
          14
        ],
        "2": [
          14,
          23
        ],
        "6": [
          23,
          27
        ],
        "8": [
          27,
          37
        ],
        "12": [
          37,
          43
        ],
        "7": [
          43,
          50
        ],
        "13": [
          50,
          51
        ],
        "9": [
          51,
          53
        ],
        "10": [
          53,
          62
        ],
        "14": [
          62,
          64
        ],
        "16": [
          64,
          71
        ],
        "15": [
          71,
          78
        ],
        "17": [
          78,
          87
        ],
        "18": [
          87,
          93
        ],
        "11": [
          93,
          94
        ],
        "19": [
          94,
          97
        ],
        "20": [
          97,
          103
        ],
        "21": [
          103,
          110
        ],
        "22": [
          110,
          110
        ]
      },
      "activity_order": [
        1,
        4,
        5,
        3,
        2,
        6,
        8,
        12,
        7,
        13,
        9,
        10,
        14,
        16,
        15,
        17,
        18,
        11,
        19,
        20,
        21,
        22
      ]
    },
    "MTS": {
      "makespan": 110,
      "execution_time": 4.00543212890625e-05,
      "schedule": {
        "1": [
          0,
          0
        ],
        "4": [
          0,
          1
        ],
        "5": [
          1,
          11
        ],
        "3": [
          11,
          14
        ],
        "8": [
          14,
          24
        ],
        "6": [
          24,
          28
        ],
        "10": [
          28,
          37
        ],
        "12": [
          37,
          43
        ],
        "2": [
          43,
          52
        ],
        "7": [
          52,
          59
        ],
        "9": [
          59,
          61
        ],
        "13": [
          61,
          62
        ],
        "14": [
          62,
          64
        ],
        "15": [
          64,
          71
        ],
        "16": [
          71,
          78
        ],
        "11": [
          78,
          79
        ],
        "17": [
          79,
          88
        ],
        "18": [
          88,
          94
        ],
        "19": [
          94,
          97
        ],
        "20": [
          97,
          103
        ],
        "21": [
          103,
          110
        ],
        "22": [
          110,
          110
        ]
      },
      "activity_order": [
        1,
        4,
        5,
        3,
        8,
        6,
        10,
        12,
        2,
        7,
        9,
        13,
        14,
        15,
        16,
        11,
        17,
        18,
        19,
        20,
        21,
        22
      ]
    },
    "TIMROS": {
      "makespan": 110,
      "execution_time": 3.886222839355469e-05,
      "schedule": {
        "1": [
          0,
          0
        ],
        "2": [
          0,
          9
        ],
        "7": [
          9,
          16
        ],
        "3": [
          16,
          19
        ],
        "6": [
          19,
          23
        ],
        "12": [
          23,
          29
        ],
        "4": [
          29,
          30
        ],
        "5": [
          30,
          40
        ],
        "8": [
          40,
          50
        ],
        "10": [
          50,
          59
        ],
        "9": [
          59,
          61
        ],
        "14": [
          61,
          63
        ],
        "15": [
          63,
          70
        ],
        "18": [
          70,
          76
        ],
        "11": [
          76,
          77
        ],
        "20": [
          77,
          83
        ],
        "13": [
          83,
          84
        ],
        "16": [
          84,
          91
        ],
        "17": [
          91,
          100
        ],
        "21": [
          100,
          107
        ],
        "19": [
          107,
          110
        ],
        "22": [
          110,
          110
        ]
      },