{
  "instance": "inst_set1a_sf1_nc1.5_n20_m25_03",
  "results": {
    "HRPW*": {
      "makespan": 123,
      "execution_time": 5.173683166503906e-05,
      "schedule": {
        "1": [
          0,
          0
        ],
        "4": [
          0,
          3
        ],
        "6": [
          3,
          13
        ],
        "2": [
          13,
          20
        ],
        "10": [
          20,
          29
        ],
        "5": [
          29,
          34
        ],
        "7": [
          34,
          38
        ],
        "12": [
          38,
          42
        ],
        "14": [
          42,
          51
        ],
        "15": [
          51,
          58
        ],
        "17": [
          58,
          65
        ],
        "8": [
          65,
          69
        ],
        "3": [
          69,
          70
        ],
        "9": [
          70,
          79
        ],
        "13": [
          79,
          86
        ],
        "18": [
          86,
          95
        ],
        "16": [
          95,
          98
        ],
        "11": [
          98,
          100
        ],
        "19": [
          100,
          108
        ],
        "20": [
          108,
          116
        ],
        "21": [
          116,
          123
        ],
        "22": [
          123,
          123
        ]
      },
      "activity_order": [
        1,
        4,
        6,
        2,
        10,
        5,
        7,
        12,
        14,
        15,
        17,
        8,
        3,
        9,
        13,
        18,
        16,
        11,
        19,
        20,
        21,
        22
      ]
    },
    "LST": {
      "makespan": 123,
      "execution_time": 4.2438507080078125e-05,
      "schedule": {
        "1": [
          0,
          0
        ],
        "4": [
          0,
          3
        ],
        "6": [
          3,
          13
        ],
        "2": [
          13,
          20
        ],
        "10": [
          20,
          29
        ],
        "5": [
          29,
          34
        ],
        "7": [
          34,
          38
        ],
        "12": [
          38,
          42
        ],
        "14": [
          42,
          51
        ],
        "15": [
          51,
          58
        ],
        "17": [
          58,
          65
        ],
        "8": [
          65,
          69
        ],
        "3": [
          69,
          70
        ],
        "9": [
          70,
          79
        ],
        "13": [
          79,
          86
        ],
        "18": [
          86,
          95
        ],
        "16": [
          95,
          98
        ],
        "11": [
          98,
          100
        ],
        "19": [
          100,
          108
        ],
        "20": [
          108,
          116
        ],
        "21": [
          116,
          123
        ],
        "22": [
          123,
          123
        ]
      },
      "activity_order": [
        1,
        4,
        6,
        2,
        10,
        5,
        7,
        12,
        14,
        15,
        17,
        8,
        3,
        9,
        13,
        18,
        16,
        11,
        19,
        20,
        21,
        22
      ]
    },
    "LFT": {
      "makespan": 123,
      "execution_time": 4.267692565917969e-05,
      "schedule": {
        "1": [
          0,
          0
        ],
        "4": [
          0,
          3
        ],
        "6": [
          3,
          13
        ],
        "2": [
          13,
          20
        ],
        "5": [
          20,
          25
        ],
        "10": [
          25,
          34
        ],
        "7": [
          34,
          38
        ],
        "12": [
          38,
          42
        ],
        "14": [
          42,
          51
        ],
        "15": [
          51,
          58
        ],
        "3": [
          58,
          59
        ],
        "8": [
          59,
          63
        ],
        "17": [
          63,
          70
        ],
        "13": [
          70,
          77
        ],
        "9": [
          77,
          86
        ],
        "11": [
          86,
          88
        ],
        "16": [
          88,
          91
        ],
        "18": [
          91,
          100
        ],
        "19": [
          100,
          108
        ],
        "20": [
          108,
          116
        ],
        "21": [
          116,
          123
        ],
        "22": [
          123,
          123
        ]
      },
      "activity_order": [
        1,
        4,
        6,
        2,
        5,
        10,
        7,
        12,
        14,
        15,
        3,
        8,
        17,
        13,
        9,
        11,
        16,
        18,
        19,
        20,
        21,
        22
      ]
    },
    "MTS": {
      "makespan": 123,
      "execution_time": 4.482269287109375e-05,
      "schedule": {
        "1": [
          0,
          0
        ],
        "4": [
          0,
          3
        ],
        "6": [
          3,
          13
        ],
        "2": [
          13,
          20
        ],
        "5": [
          20,
          25
        ],
        "10": [
          25,
          34
        ],
        "7": [
          34,
          38
        ],
        "12": [
          38,
          42
        ],
        "8": [
          42,
          46
        ],
        "14": [
          46,
          55
        ],
        "15": [
          55,
          62
        ],
        "13": [
          62,
          69
        ],
        "17": [
          69,
          76
        ],
        "3": [
          76,
          77
        ],
        "9": [
          77,
          86
        ],
        "11": [
          86,
          88
        ],
        "16": [
          88,
          91
        ],
        "18": [
          91,
          100
        ],
        "19": [
          100,
          108
        ],
        "20": [
          108,
          116
        ],
        "21": [
          116,
          123
        ],
        "22": [
          123,
          123
        ]
      },
      "activity_order": [
        1,
        4,
        6,
        2,
        5,
        10,
        7,
        12,
        8,
        14,
        15,
        13,
        17,
        3,
        9,
        11,
        16,
        18,
        19,
        20,
        21,
        22
      ]
    },
    "TIMROS": {
      "makespan": 123,
      "execution_time": 4.482269287109375e-05,
      "schedule": {
        "1": [
          0,
          0
        ],
        "2": [
          0,
          7
        ],
        "5": [
          7,
          12
        ],
        "7": [
          12,
          16
        ],
        "4": [
          16,
          19
        ],
        "6": [
          19,
          29
        ],
        "10": [
          29,
          38
        ],
        "8": [
          38,
          42
        ],
        "13": [
          42,
          49
        ],
        "12": [
          49,
          53
        ],
        "14": [
          53,
          62
        ],
        "15": [
          62,
          69
        ],
        "17": [
          69,
          76
        ],
        "18": [
          76,
          85
        ],
        "19": [
          85,
          93
        ],
        "16": [
          93,
          96
        ],
        "11": [
          96,
          98
        ],
        "21": [
          98,
          105
        ],
        "3": [
          105,
          106
        ],
        "9": [
          106,
          115
        ],
        "20": [
          115,
          123
        ],
        "22": [
          123,
          123
        ]
      },