{
  "instance": "inst_set1a_sf0.5_nc2.1_n20_m10_02",
  "results": {
    "HRPW*": {
      "makespan": 110,
      "execution_time": 3.62396240234375e-05,
      "schedule": {
        "1": [
          0,
          0
        ],
        "3": [
          0,
          8
        ],
        "4": [
          8,
          12
        ],
        "2": [
          12,
          16
        ],
        "5": [
          16,
          25
        ],
        "7": [
          25,
          28
        ],
        "13": [
          28,
          33
        ],
        "12": [
          33,
          34
        ],
        "16": [
          34,
          44
        ],
        "8": [
          44,
          53
        ],
        "6": [
          53,
          55
        ],
        "10": [
          55,
          59
        ],
        "11": [
          59,
          63
        ],
        "17": [
          63,
          68
        ],
        "15": [
          68,
          72
        ],
        "9": [
          72,
          78
        ],
        "18": [
          78,
          88
        ],
        "14": [
          88,
          89
        ],
        "19": [
          89,
          99
        ],
        "20": [
          99,
          106
        ],
        "21": [
          106,
          110
        ],
        "22": [
          110,
          110
        ]
      },
      "activity_order": [
        1,
        3,
        4,
        2,
        5,
        7,
        13,
        12,
        16,
        8,
        6,
        10,
        11,
        17,
        15,
        9,
        18,
        14,
        19,
        20,
        21,
        22
      ]
    },
    "LST": {
      "makespan": 110,
      "execution_time": 3.3855438232421875e-05,
      "schedule": {
        "1": [
          0,
          0
        ],
        "3": [
          0,
          8
        ],
        "4": [
          8,
          12
        ],
        "2": [
          12,
          16
        ],
        "5": [
          16,
          25
        ],
        "7": [
          25,
          28
        ],
        "13": [
          28,
          33
        ],
        "12": [
          33,
          34
        ],
        "16": [
          34,
          44
        ],
        "8": [
          44,
          53
        ],
        "6": [
          53,
          55
        ],
        "10": [
          55,
          59
        ],
        "11": [
          59,
          63
        ],
        "17": [
          63,
          68
        ],
        "15": [
          68,
          72
        ],
        "9": [
          72,
          78
        ],
        "18": [
          78,
          88
        ],
        "14": [
          88,
          89
        ],
        "19": [
          89,
          99
        ],
        "20": [
          99,
          106
        ],
        "21": [
          106,
          110
        ],
        "22": [
          110,
          110
        ]
      },
      "activity_order": [
        1,
        3,
        4,
        2,
        5,
        7,
        13,
        12,
        16,
        8,
        6,
        10,
        11,
        17,
        15,
        9,
        18,
        14,
        19,
        20,
        21,
        22
      ]
    },
    "LFT": {
      "makespan": 110,
      "execution_time": 3.266334533691406e-05,
      "schedule": {
        "1": [
          0,
          0
        ],
        "3": [
          0,
          8
        ],
        "4": [
          8,
          12
        ],
        "2": [
          12,
          16
        ],
        "7": [
          16,
          19
        ],
        "5": [
          19,
          28
        ],
        "12": [
          28,
          29
        ],
        "13": [
          29,
          34
        ],
        "6": [
          34,
          36
        ],
        "8": [
          36,
          45
        ],
        "10": [
          45,
          49
        ],
        "16": [
          49,
          59
        ],
        "11": [
          59,
          63
        ],
        "15": [
          63,
          67
        ],
        "17": [
          67,
          72
        ],
        "9": [
          72,
          78
        ],
        "14": [
          78,
          79
        ],
        "18": [
          79,
          89
        ],
        "19": [
          89,
          99
        ],
        "20": [
          99,
          106
        ],
        "21": [
          106,
          110
        ],
        "22": [
          110,
          110
        ]
      },
      "activity_order": [
        1,
        3,
        4,
        2,
        7,
        5,
        12,
        13,
        6,
        8,
        10,
        16,
        11,
        15,
        17,
        9,
        14,
        18,
        19,
        20,
        21,
        22
      ]
    },
    "MTS": {
      "makespan": 110,
      "execution_time": 3.9577484130859375e-05,
      "schedule": {
        "1": [
          0,
          0
        ],
        "3": [
          0,
          8
        ],
        "2": [
          8,
          12
        ],
        "4": [
          12,
          16
        ],
        "7": [
          16,
          19
        ],
        "6": [
          19,
          21
        ],
        "5": [
          21,
          30
        ],
        "11": [
          30,
          34
        ],
        "13": [
          34,
          39
        ],
        "8": [
          39,
          48
        ],
        "10": [
          48,
          52
        ],
        "12": [
          52,
          53
        ],
        "9": [
          53,
          59
        ],
        "16": [
          59,
          69
        ],
        "14": [
          69,
          70
        ],
        "15": [
          70,
          74
        ],
        "17": [
          74,
          79
        ],
        "18": [
          79,
          89
        ],
        "19": [
          89,
          99
        ],
        "20": [
          99,
          106
        ],
        "21": [
          106,
          110
        ],
        "22": [
          110,
          110
        ]
      },
      "activity_order": [
        1,
        3,
        2,
        4,
        7,
        6,
        5,
        11,
        13,
        8,
        10,
        12,
        9,
        16,
        14,
        15,
        17,
        18,
        19,
        20,
        21,
        22
      ]
    },
    "TIMROS": {
      "makespan": 110,
      "execution_time": 3.6716461181640625e-05,
      "schedule": {
        "1": [
          0,
          0
        ],
        "3": [
          0,
          8
        ],
        "2": [
          8,
          12
        ],
        "8": [
          12,
          21
        ],
        "4": [
          21,
          25
        ],
        "5": [
          25,
          34
        ],
        "6": [
          34,
          36
        ],
        "11": [
          36,
          40
        ],
        "20": [
          40,
          47
        ],
        "7": [
          47,
          50
        ],
        "9": [
          50,
          56
        ],
        "10": [
          56,
          60
        ],
        "13": [
          60,
          65
        ],
        "14": [
          65,
          66
        ],
        "19": [
          66,
          76
        ],
        "15": [
          76,
          80
        ],
        "12": [
          80,
          81
        ],
        "16": [
          81,
          91
        ],
        "17": [
          91,
          96
        ],
        "18": [
          96,
          106
        ],
        "21": [
          106,
          110
        ],
        "22": [
          110,
          110
        ]
      },
      "activity_order": [
        1,
        3,
        2,
        8,
        4,
        5,
        6,
        11,
        20,
        7,
        9,
        10,
        13,
        14,
        19,
        15,
        12,
        16,
        17,
        18,
        21,
        22
      ]
    },