{
  "instance": "inst_set1a_sf0.5_nc1.8_n20_m15_05",
  "results": {
    "HRPW*": {
      "makespan": 113,
      "execution_time": 4.410743713378906e-05,
      "schedule": {
        "1": [
          0,
          0
        ],
        "3": [
          0,
          10
        ],
        "4": [
          10,
          19
        ],
        "5": [
          19,
          25
        ],
        "2": [
          25,
          27
        ],
        "8": [
          27,
          34
        ],
        "6": [
          34,
          40
        ],
        "7": [
          40,
          47
        ],
        "10": [
          47,
          57
        ],
        "16": [
          57,
          66
        ],
        "12": [
          66,
          73
        ],
        "9": [
          73,
          75
        ],
        "13": [
          75,
          77
        ],
        "15": [
          77,
          82
        ],
        "14": [
          82,
          86
        ],
        "17": [
          86,
          91
        ],
        "18": [
          91,
          96
        ],
        "11": [
          96,
          100
        ],
        "20": [
          100,
          105
        ],
        "19": [
          105,
          109
        ],
        "21": [
          109,
          113
        ],
        "22": [
          113,
          113
        ]
      },
      "activity_order": [
        1,
        3,
        4,
        5,
        2,
        8,
        6,
        7,
        10,
        16,
        12,
        9,
        13,
        15,
        14,
        17,
        18,
        11,
        20,
        19,
        21,
        22
      ]
    },
    "LST": {
      "makespan": 113,
      "execution_time": 4.2438507080078125e-05,
      "schedule": {
        "1": [
          0,
          0
        ],
        "3": [
          0,
          10
        ],
        "4": [
          10,
          19
        ],
        "5": [
          19,
          25
        ],
        "2": [
          25,
          27
        ],
        "8": [
          27,
          34
        ],
        "6": [
          34,
          40
        ],
        "7": [
          40,
          47
        ],
        "10": [
          47,
          57
        ],
        "16": [
          57,
          66
        ],
        "12": [
          66,
          73
        ],
        "9": [
          73,
          75
        ],
        "13": [
          75,
          77
        ],
        "15": [
          77,
          82
        ],
        "14": [
          82,
          86
        ],
        "17": [
          86,
          91
        ],
        "18": [
          91,
          96
        ],
        "11": [
          96,
          100
        ],
        "20": [
          100,
          105
        ],
        "19": [
          105,
          109
        ],
        "21": [
          109,
          113
        ],
        "22": [
          113,
          113
        ]
      },
      "activity_order": [
        1,
        3,
        4,
        5,
        2,
        8,
        6,
        7,
        10,
        16,
        12,
        9,
        13,
        15,
        14,
        17,
        18,
        11,
        20,
        19,
        21,
        22
      ]
    },
    "LFT": {
      "makespan": 113,
      "execution_time": 4.029273986816406e-05,
      "schedule": {
        "1": [
          0,
          0
        ],
        "3": [
          0,
          10
        ],
        "2": [
          10,
          12
        ],
        "5": [
          12,
          18
        ],
        "4": [
          18,
          27
        ],
        "6": [
          27,
          33
        ],
        "8": [
          33,
          40
        ],
        "7": [
          40,
          47
        ],
        "9": [
          47,
          49
        ],
        "12": [
          49,
          56
        ],
        "13": [
          56,
          58
        ],
        "16": [
          58,
          67
        ],
        "10": [
          67,
          77
        ],
        "14": [
          77,
          81
        ],
        "15": [
          81,
          86
        ],
        "11": [
          86,
          90
        ],
        "17": [
          90,
          95
        ],
        "18": [
          95,
          100
        ],
        "19": [
          100,
          104
        ],
        "20": [
          104,
          109
        ],
        "21": [
          109,
          113
        ],
        "22": [
          113,
          113
        ]
      },
      "activity_order": [
        1,
        3,
        2,
        5,
        4,
        6,
        8,
        7,
        9,
        12,
        13,
        16,
        10,
        14,
        15,
        11,
        17,
        18,
        19,
        20,
        21,
        22
      ]
    },
    "MTS": {
      "makespan": 113,
      "execution_time": 4.029273986816406e-05,
      "schedule": {
        "1": [
          0,
          0
        ],
        "3": [
          0,
          10
        ],
        "5": [
          10,
          16
        ],
        "2": [
          16,
          18
        ],
        "6": [
          18,
          24
        ],
        "4": [
          24,
          33
        ],
        "7": [
          33,
          40
        ],
        "8": [
          40,
          47
        ],
        "12": [
          47,
          54
        ],
        "9": [
          54,
          56
        ],
        "16": [
          56,
          65
        ],
        "10": [
          65,
          75
        ],
        "13": [
          75,
          77
        ],
        "17": [
          77,
          82
        ],
        "18": [
          82,
          87
        ],
        "11": [
          87,
          91
        ],
        "14": [
          91,
          95
        ],
        "15": [
          95,
          100
        ],
        "19": [
          100,
          104
        ],
        "20": [
          104,
          109
        ],
        "21": [
          109,
          113
        ],
        "22": [
          113,
          113
        ]
      },
      "activity_order": [
        1,
        3,
        5,
        2,
        6,
        4,
        7,
        8,
        12,
        9,
        16,
        10,
        13,
        17,
        18,
        11,
        14,
        15,
        19,
        20,
        21,
        22
      ]
    },
    "TIMROS": {
      "makespan": 113,
      "execution_time": 4.076957702636719e-05,
      "schedule": {
        "1": [
          0,
          0
        ],
        "4": [
          0,
          9
        ],
        "3": [
          9,
          19
        ],
        "5": [
          19,
          25
        ],
        "6": [
          25,
          31
        ],
        "10": [
          31,
          41
        ],
        "12": [
          41,
          48
        ],
        "17": [
          48,
          53
        ],
        "2": [
          53,
          55
        ],
        "11": [
          55,
          59
        ],
        "8": [
          59,
          66
        ],
        "16": [
          66,
          75
        ],
        "7": [
          75,
          82
        ],
        "9": [
          82,
          84
        ],
        "14": [
          84,
          88
        ],
        "18": [
          88,
          93
        ],
        "21": [
          93,
          97
        ],
        "19": [
          97,
          101
        ],
        "13": [
          101,
          103
        ],
        "15": [
          103,
          108
        ],
        "20": [
          108,
          113
        ],
        "22": [
          113,
          113
        ]
      },