{
  "instance": "inst_set1a_sf0.75_nc1.8_n20_m20_01",
  "results": {
    "HRPW*": {
      "makespan": 118,
      "execution_time": 5.173683166503906e-05,
      "schedule": {
        "1": [
          0,
          0
        ],
        "2": [
          0,
          7
        ],
        "3": [
          7,
          12
        ],
        "4": [
          12,
          19
        ],
        "8": [
          19,
          26
        ],
        "9": [
          26,
          33
        ],
        "7": [
          33,
          35
        ],
        "6": [
          35,
          39
        ],
        "14": [
          39,
          49
        ],
        "12": [
          49,
          57
        ],
        "11": [
          57,
          66
        ],
        "10": [
          66,
          69
        ],
        "5": [
          69,
          70
        ],
        "16": [
          70,
          73
        ],
        "17": [
          73,
          76
        ],
        "13": [
          76,
          85
        ],
        "15": [
          85,
          94
        ],
        "18": [
          94,
          101
        ],
        "19": [
          101,
          109
        ],
        "21": [
          109,
          117
        ],
        "20": [
          117,
          118
        ],
        "22": [
          118,
          118
        ]
      },
      "activity_order": [
        1,
        2,
        3,
        4,
        8,
        9,
        7,
        6,
        14,
        12,
        11,
        10,
        5,
        16,
        17,
        13,
        15,
        18,
        19,
        21,
        20,
        22
      ]
    },
    "LST": {
      "makespan": 118,
      "execution_time": 4.291534423828125e-05,
      "schedule": {
        "1": [
          0,
          0
        ],
        "2": [
          0,
          7
        ],
        "3": [
          7,
          12
        ],
        "4": [
          12,
          19
        ],
        "8": [
          19,
          26
        ],
        "9": [
          26,
          33
        ],
        "7": [
          33,
          35
        ],
        "6": [
          35,
          39
        ],
        "14": [
          39,
          49
        ],
        "12": [
          49,
          57
        ],
        "11": [
          57,
          66
        ],
        "10": [
          66,
          69
        ],
        "5": [
          69,
          70
        ],
        "16": [
          70,
          73
        ],
        "17": [
          73,
          76
        ],
        "13": [
          76,
          85
        ],
        "15": [
          85,
          94
        ],
        "18": [
          94,
          101
        ],
        "19": [
          101,
          109
        ],
        "21": [
          109,
          117
        ],
        "20": [
          117,
          118
        ],
        "22": [
          118,
          118
        ]
      },
      "activity_order": [
        1,
        2,
        3,
        4,
        8,
        9,
        7,
        6,
        14,
        12,
        11,
        10,
        5,
        16,
        17,
        13,
        15,
        18,
        19,
        21,
        20,
        22
      ]
    },
    "LFT": {
      "makespan": 118,
      "execution_time": 4.291534423828125e-05,
      "schedule": {
        "1": [
          0,
          0
        ],
        "2": [
          0,
          7
        ],
        "3": [
          7,
          12
        ],
        "4": [
          12,
          19
        ],
        "7": [
          19,
          21
        ],
        "8": [
          21,
          28
        ],
        "9": [
          28,
          35
        ],
        "6": [
          35,
          39
        ],
        "5": [
          39,
          40
        ],
        "12": [
          40,
          48
        ],
        "14": [
          48,
          58
        ],
        "10": [
          58,
          61
        ],
        "11": [
          61,
          70
        ],
        "16": [
          70,
          73
        ],
        "17": [
          73,
          76
        ],
        "13": [
          76,
          85
        ],
        "15": [
          85,
          94
        ],
        "18": [
          94,
          101
        ],
        "19": [
          101,
          109
        ],
        "20": [
          109,
          110
        ],
        "21": [
          110,
          118
        ],
        "22": [
          118,
          118
        ]
      },
      "activity_order": [
        1,
        2,
        3,
        4,
        7,
        8,
        9,
        6,
        5,
        12,
        14,
        10,
        11,
        16,
        17,
        13,
        15,
        18,
        19,
        20,
        21,
        22
      ]
    },
    "MTS": {
      "makespan": 118,
      "execution_time": 4.3392181396484375e-05,
      "schedule": {
        "1": [
          0,
          0
        ],
        "3": [
          0,
          5
        ],
        "4": [
          5,
          12
        ],
        "2": [
          12,
          19
        ],
        "9": [
          19,
          26
        ],
        "8": [
          26,
          33
        ],
        "6": [
          33,
          37
        ],
        "12": [
          37,
          45
        ],
        "7": [
          45,
          47
        ],
        "10": [
          47,
          50
        ],
        "14": [
          50,
          60
        ],
        "5": [
          60,
          61
        ],
        "16": [
          61,
          64
        ],
        "17": [
          64,
          67
        ],
        "11": [
          67,
          76
        ],
        "13": [
          76,
          85
        ],
        "15": [
          85,
          94
        ],
        "18": [
          94,
          101
        ],
        "19": [
          101,
          109
        ],
        "20": [
          109,
          110
        ],
        "21": [
          110,
          118
        ],
        "22": [
          118,
          118
        ]
      },
      "activity_order": [
        1,
        3,
        4,
        2,
        9,
        8,
        6,
        12,
        7,
        10,
        14,
        5,
        16,
        17,
        11,
        13,
        15,
        18,
        19,
        20,
        21,
        22
      ]
    },
    "TIMROS": {
      "makespan": 118,
      "execution_time": 4.673004150390625e-05,
      "schedule": {
        "1": [
          0,
          0
        ],
        "2": [
          0,
          7
        ],
        "4": [
          7,
          14
        ],
        "8": [
          14,
          21
        ],
        "3": [
          21,
          26
        ],
        "9": [
          26,
          33
        ],
        "12": [
          33,
          41
        ],
        "6": [
          41,
          45
        ],
        "11": [
          45,
          54
        ],
        "15": [
          54,
          63
        ],
        "10": [
          63,
          66
        ],
        "13": [
          66,
          75
        ],
        "7": [
          75,
          77
        ],
        "14": [
          77,
          87
        ],
        "16": [
          87,
          90
        ],
        "18": [
          90,
          97
        ],
        "5": [
          97,
          98
        ],
        "17": [
          98,
          101
        ],
        "19": [
          101,
          109
        ],
        "21": [
          109,
          117
        ],
        "20": [
          117,
          118
        ],
        "22": [
          118,
          118
        ]
      },