{
  "instance": "inst_set1a_sf0.5_nc1.5_n20_m13_04",
  "results": {
    "HRPW*": {
      "makespan": 116,
      "execution_time": 4.4345855712890625e-05,
      "schedule": {
        "1": [
          0,
          0
        ],
        "3": [
          0,
          6
        ],
        "4": [
          6,
          9
        ],
        "8": [
          9,
          18
        ],
        "12": [
          18,
          27
        ],
        "13": [
          27,
          30
        ],
        "9": [
          30,
          32
        ],
        "15": [
          32,
          42
        ],
        "6": [
          42,
          43
        ],
        "7": [
          43,
          45
        ],
        "5": [
          45,
          48
        ],
        "10": [
          48,
          55
        ],
        "2": [
          55,
          58
        ],
        "11": [
          58,
          61
        ],
        "16": [
          61,
          70
        ],
        "18": [
          70,
          79
        ],
        "14": [
          79,
          87
        ],
        "17": [
          87,
          88
        ],
        "20": [
          88,
          98
        ],
        "21": [
          98,
          108
        ],
        "19": [
          108,
          116
        ],
        "22": [
          116,
          116
        ]
      },
      "activity_order": [
        1,
        3,
        4,
        8,
        12,
        13,
        9,
        15,
        6,
        7,
        5,
        10,
        2,
        11,
        16,
        18,
        14,
        17,
        20,
        21,
        19,
        22
      ]
    },
    "LST": {
      "makespan": 116,
      "execution_time": 4.1961669921875e-05,
      "schedule": {
        "1": [
          0,
          0
        ],
        "3": [
          0,
          6
        ],
        "4": [
          6,
          9
        ],
        "8": [
          9,
          18
        ],
        "12": [
          18,
          27
        ],
        "13": [
          27,
          30
        ],
        "9": [
          30,
          32
        ],
        "15": [
          32,
          42
        ],
        "6": [
          42,
          43
        ],
        "7": [
          43,
          45
        ],
        "5": [
          45,
          48
        ],
        "10": [
          48,
          55
        ],
        "2": [
          55,
          58
        ],
        "11": [
          58,
          61
        ],
        "16": [
          61,
          70
        ],
        "18": [
          70,
          79
        ],
        "14": [
          79,
          87
        ],
        "17": [
          87,
          88
        ],
        "20": [
          88,
          98
        ],
        "21": [
          98,
          108
        ],
        "19": [
          108,
          116
        ],
        "22": [
          116,
          116
        ]
      },
      "activity_order": [
        1,
        3,
        4,
        8,
        12,
        13,
        9,
        15,
        6,
        7,
        5,
        10,
        2,
        11,
        16,
        18,
        14,
        17,
        20,
        21,
        19,
        22
      ]
    },
    "LFT": {
      "makespan": 116,
      "execution_time": 4.100799560546875e-05,
      "schedule": {
        "1": [
          0,
          0
        ],
        "3": [
          0,
          6
        ],
        "4": [
          6,
          9
        ],
        "8": [
          9,
          18
        ],
        "12": [
          18,
          27
        ],
        "9": [
          27,
          29
        ],
        "13": [
          29,
          32
        ],
        "6": [
          32,
          33
        ],
        "7": [
          33,
          35
        ],
        "5": [
          35,
          38
        ],
        "2": [
          38,
          41
        ],
        "11": [
          41,
          44
        ],
        "15": [
          44,
          54
        ],
        "10": [
          54,
          61
        ],
        "16": [
          61,
          70
        ],
        "14": [
          70,
          78
        ],
        "17": [
          78,
          79
        ],
        "18": [
          79,
          88
        ],
        "19": [
          88,
          96
        ],
        "20": [
          96,
          106
        ],
        "21": [
          106,
          116
        ],
        "22": [
          116,
          116
        ]
      },
      "activity_order": [
        1,
        3,
        4,
        8,
        12,
        9,
        13,
        6,
        7,
        5,
        2,
        11,
        15,
        10,
        16,
        14,
        17,
        18,
        19,
        20,
        21,
        22
      ]
    },
    "MTS": {
      "makespan": 116,
      "execution_time": 4.696846008300781e-05,
      "schedule": {
        "1": [
          0,
          0
        ],
        "4": [
          0,
          3
        ],
        "3": [
          3,
          9
        ],
        "6": [
          9,
          10
        ],
        "7": [
          10,
          12
        ],
        "5": [
          12,
          15
        ],
        "8": [
          15,
          24
        ],
        "12": [
          24,
          33
        ],
        "2": [
          33,
          36
        ],
        "10": [
          36,
          43
        ],
        "11": [
          43,
          46
        ],
        "13": [
          46,
          49
        ],
        "9": [
          49,
          51
        ],
        "16": [
          51,
          60
        ],
        "15": [
          60,
          70
        ],
        "14": [
          70,
          78
        ],
        "17": [
          78,
          79
        ],
        "18": [
          79,
          88
        ],
        "19": [
          88,
          96
        ],
        "20": [
          96,
          106
        ],
        "21": [
          106,
          116
        ],
        "22": [
          116,
          116
        ]
      },
      "activity_order": [
        1,
        4,
        3,
        6,
        7,
        5,
        8,
        12,
        2,
        10,
        11,
        13,
        9,
        16,
        15,
        14,
        17,
        18,
        19,
        20,
        21,
        22
      ]
    },
    "TIMROS": {
      "makespan": 116,
      "execution_time": 4.792213439941406e-05,
      "schedule": {
        "1": [
          0,
          0
        ],
        "3": [
          0,
          6
        ],
        "8": [
          6,
          15
        ],
        "4": [
          15,
          18
        ],
        "12": [
          18,
          27
        ],
        "5": [
          27,
          30
        ],
        "13": [
          30,
          33
        ],
        "2": [
          33,
          36
        ],
        "9": [
          36,
          38
        ],
        "15": [
          38,
          48
        ],
        "18": [
          48,
          57
        ],
        "6": [
          57,
          58
        ],
        "7": [
          58,
          60
        ],
        "10": [
          60,
          67
        ],
        "14": [
          67,
          75
        ],
        "19": [
          75,
          83
        ],
        "11": [
          83,
          86
        ],
        "16": [
          86,
          95
        ],
        "20": [
          95,
          105
        ],
        "17": [
          105,
          106
        ],
        "21": [
          106,
          116
        ],
        "22": [
          116,
          116
        ]
      },
      "activity_order": [
        1,
        3,
        8,
        4,
        12,
        5,
        13,
        2,
        9,
        15,
        18,
        6,
        7,
        10,
        14,
        19,
        11,
        16,
        20,
        17,
        21,
        22
      ]
    },