{
  "instance": "inst_set1a_sf0.75_nc1.5_n20_m25_02",
  "results": {
    "HRPW*": {
      "makespan": 116,
      "execution_time": 3.910064697265625e-05,
      "schedule": {
        "1": [
          0,
          0
        ],
        "2": [
          0,
          7
        ],
        "4": [
          7,
          10
        ],
        "8": [
          10,
          13
        ],
        "6": [
          13,
          19
        ],
        "10": [
          19,
          28
        ],
        "5": [
          28,
          33
        ],
        "9": [
          33,
          40
        ],
        "3": [
          40,
          50
        ],
        "7": [
          50,
          52
        ],
        "11": [
          52,
          59
        ],
        "12": [
          59,
          65
        ],
        "15": [
          65,
          72
        ],
        "14": [
          72,
          74
        ],
        "16": [
          74,
          78
        ],
        "17": [
          78,
          88
        ],
        "13": [
          88,
          90
        ],
        "18": [
          90,
          100
        ],
        "20": [
          100,
          107
        ],
        "21": [
          107,
          114
        ],
        "19": [
          114,
          116
        ],
        "22": [
          116,
          116
        ]
      },
      "activity_order": [
        1,
        2,
        4,
        8,
        6,
        10,
        5,
        9,
        3,
        7,
        11,
        12,
        15,
        14,
        16,
        17,
        13,
        18,
        20,
        21,
        19,
        22
      ]
    },
    "LST": {
      "makespan": 116,
      "execution_time": 3.647804260253906e-05,
      "schedule": {
        "1": [
          0,
          0
        ],
        "2": [
          0,
          7
        ],
        "4": [
          7,
          10
        ],
        "8": [
          10,
          13
        ],
        "6": [
          13,
          19
        ],
        "10": [
          19,
          28
        ],
        "5": [
          28,
          33
        ],
        "9": [
          33,
          40
        ],
        "3": [
          40,
          50
        ],
        "7": [
          50,
          52
        ],
        "11": [
          52,
          59
        ],
        "12": [
          59,
          65
        ],
        "15": [
          65,
          72
        ],
        "14": [
          72,
          74
        ],
        "16": [
          74,
          78
        ],
        "17": [
          78,
          88
        ],
        "13": [
          88,
          90
        ],
        "18": [
          90,
          100
        ],
        "20": [
          100,
          107
        ],
        "21": [
          107,
          114
        ],
        "19": [
          114,
          116
        ],
        "22": [
          116,
          116
        ]
      },
      "activity_order": [
        1,
        2,
        4,
        8,
        6,
        10,
        5,
        9,
        3,
        7,
        11,
        12,
        15,
        14,
        16,
        17,
        13,
        18,
        20,
        21,
        19,
        22
      ]
    },
    "LFT": {
      "makespan": 116,
      "execution_time": 4.00543212890625e-05,
      "schedule": {
        "1": [
          0,
          0
        ],
        "4": [
          0,
          3
        ],
        "8": [
          3,
          6
        ],
        "2": [
          6,
          13
        ],
        "5": [
          13,
          18
        ],
        "6": [
          18,
          24
        ],
        "7": [
          24,
          26
        ],
        "9": [
          26,
          33
        ],
        "10": [
          33,
          42
        ],
        "3": [
          42,
          52
        ],
        "11": [
          52,
          59
        ],
        "12": [
          59,
          65
        ],
        "14": [
          65,
          67
        ],
        "15": [
          67,
          74
        ],
        "16": [
          74,
          78
        ],
        "13": [
          78,
          80
        ],
        "17": [
          80,
          90
        ],
        "18": [
          90,
          100
        ],
        "19": [
          100,
          102
        ],
        "20": [
          102,
          109
        ],
        "21": [
          109,
          116
        ],
        "22": [
          116,
          116
        ]
      },
      "activity_order": [
        1,
        4,
        8,
        2,
        5,
        6,
        7,
        9,
        10,
        3,
        11,
        12,
        14,
        15,
        16,
        13,
        17,
        18,
        19,
        20,
        21,
        22
      ]
    },
    "MTS": {
      "makespan": 116,
      "execution_time": 3.7670135498046875e-05,
      "schedule": {
        "1": [
          0,
          0
        ],
        "4": [
          0,
          3
        ],
        "2": [
          3,
          10
        ],
        "8": [
          10,
          13
        ],
        "5": [
          13,
          18
        ],
        "6": [
          18,
          24
        ],
        "7": [
          24,
          26
        ],
        "9": [
          26,
          33
        ],
        "10": [
          33,
          42
        ],
        "11": [
          42,
          49
        ],
        "12": [
          49,
          55
        ],
        "3": [
          55,
          65
        ],
        "14": [
          65,
          67
        ],
        "15": [
          67,
          74
        ],
        "16": [
          74,
          78
        ],
        "13": [
          78,
          80
        ],
        "17": [
          80,
          90
        ],
        "18": [
          90,
          100
        ],
        "19": [
          100,
          102
        ],
        "20": [
          102,
          109
        ],
        "21": [
          109,
          116
        ],
        "22": [
          116,
          116
        ]
      },
      "activity_order": [
        1,
        4,
        2,
        8,
        5,
        6,
        7,
        9,
        10,
        11,
        12,
        3,
        14,
        15,
        16,
        13,
        17,
        18,
        19,
        20,
        21,
        22
      ]
    },
    "TIMROS": {
      "makespan": 116,
      "execution_time": 3.719329833984375e-05,
      "schedule": {
        "1": [
          0,
          0
        ],
        "3": [
          0,
          10
        ],
        "15": [
          10,
          17
        ],
        "2": [
          17,
          24
        ],
        "5": [
          24,
          29
        ],
        "13": [
          29,
          31
        ],
        "4": [
          31,
          34
        ],
        "6": [
          34,
          40
        ],
        "8": [
          40,
          43
        ],
        "10": [
          43,
          52
        ],
        "9": [
          52,
          59
        ],
        "12": [
          59,
          65
        ],
        "7": [
          65,
          67
        ],
        "11": [
          67,
          74
        ],
        "19": [
          74,
          76
        ],
        "14": [
          76,
          78
        ],
        "16": [
          78,
          82
        ],
        "17": [
          82,
          92
        ],
        "18": [
          92,
          102
        ],
        "20": [
          102,
          109
        ],
        "21": [
          109,
          116
        ],
        "22": [
          116,
          116
        ]
      },