{
  "instance": "inst_set1a_sf0.5_nc2.1_n20_m13_02",
  "results": {
    "HRPW*": {
      "makespan": 122,
      "execution_time": 5.030632019042969e-05,
      "schedule": {
        "1": [
          0,
          0
        ],
        "4": [
          0,
          5
        ],
        "2": [
          5,
          6
        ],
        "5": [
          6,
          11
        ],
        "8": [
          11,
          17
        ],
        "6": [
          17,
          27
        ],
        "9": [
          27,
          37
        ],
        "7": [
          37,
          39
        ],
        "10": [
          39,
          49
        ],
        "12": [
          49,
          59
        ],
        "11": [
          59,
          67
        ],
        "3": [
          67,
          70
        ],
        "14": [
          70,
          76
        ],
        "13": [
          76,
          80
        ],
        "16": [
          80,
          89
        ],
        "18": [
          89,
          98
        ],
        "15": [
          98,
          101
        ],
        "17": [
          101,
          104
        ],
        "19": [
          104,
          112
        ],
        "20": [
          112,
          119
        ],
        "21": [
          119,
          122
        ],
        "22": [
          122,
          122
        ]
      },
      "activity_order": [
        1,
        4,
        2,
        5,
        8,
        6,
        9,
        7,
        10,
        12,
        11,
        3,
        14,
        13,
        16,
        18,
        15,
        17,
        19,
        20,
        21,
        22
      ]
    },
    "LST": {
      "makespan": 122,
      "execution_time": 6.937980651855469e-05,
      "schedule": {
        "1": [
          0,
          0
        ],
        "4": [
          0,
          5
        ],
        "2": [
          5,
          6
        ],
        "5": [
          6,
          11
        ],
        "8": [
          11,
          17
        ],
        "6": [
          17,
          27
        ],
        "9": [
          27,
          37
        ],
        "7": [
          37,
          39
        ],
        "10": [
          39,
          49
        ],
        "12": [
          49,
          59
        ],
        "11": [
          59,
          67
        ],
        "3": [
          67,
          70
        ],
        "14": [
          70,
          76
        ],
        "13": [
          76,
          80
        ],
        "16": [
          80,
          89
        ],
        "18": [
          89,
          98
        ],
        "15": [
          98,
          101
        ],
        "17": [
          101,
          104
        ],
        "19": [
          104,
          112
        ],
        "20": [
          112,
          119
        ],
        "21": [
          119,
          122
        ],
        "22": [
          122,
          122
        ]
      },
      "activity_order": [
        1,
        4,
        2,
        5,
        8,
        6,
        9,
        7,
        10,
        12,
        11,
        3,
        14,
        13,
        16,
        18,
        15,
        17,
        19,
        20,
        21,
        22
      ]
    },
    "LFT": {
      "makespan": 122,
      "execution_time": 4.9114227294921875e-05,
      "schedule": {
        "1": [
          0,
          0
        ],
        "2": [
          0,
          1
        ],
        "4": [
          1,
          6
        ],
        "5": [
          6,
          11
        ],
        "7": [
          11,
          13
        ],
        "8": [
          13,
          19
        ],
        "6": [
          19,
          29
        ],
        "9": [
          29,
          39
        ],
        "3": [
          39,
          42
        ],
        "10": [
          42,
          52
        ],
        "12": [
          52,
          62
        ],
        "14": [
          62,
          68
        ],
        "11": [
          68,
          76
        ],
        "13": [
          76,
          80
        ],
        "15": [
          80,
          83
        ],
        "16": [
          83,
          92
        ],
        "17": [
          92,
          95
        ],
        "18": [
          95,
          104
        ],
        "19": [
          104,
          112
        ],
        "20": [
          112,
          119
        ],
        "21": [
          119,
          122
        ],
        "22": [
          122,
          122
        ]
      },
      "activity_order": [
        1,
        2,
        4,
        5,
        7,
        8,
        6,
        9,
        3,
        10,
        12,
        14,
        11,
        13,
        15,
        16,
        17,
        18,
        19,
        20,
        21,
        22
      ]
    },
    "MTS": {
      "makespan": 122,
      "execution_time": 4.8160552978515625e-05,
      "schedule": {
        "1": [
          0,
          0
        ],
        "2": [
          0,
          1
        ],
        "4": [
          1,
          6
        ],
        "8": [
          6,
          12
        ],
        "6": [
          12,
          22
        ],
        "7": [
          22,
          24
        ],
        "12": [
          24,
          34
        ],
        "5": [
          34,
          39
        ],
        "3": [
          39,
          42
        ],
        "11": [
          42,
          50
        ],
        "9": [
          50,
          60
        ],
        "10": [
          60,
          70
        ],
        "14": [
          70,
          76
        ],
        "13": [
          76,
          80
        ],
        "15": [
          80,
          83
        ],
        "16": [
          83,
          92
        ],
        "17": [
          92,
          95
        ],
        "18": [
          95,
          104
        ],
        "19": [
          104,
          112
        ],
        "20": [
          112,
          119
        ],
        "21": [
          119,
          122
        ],
        "22": [
          122,
          122
        ]
      },
      "activity_order": [
        1,
        2,
        4,
        8,
        6,
        7,
        12,
        5,
        3,
        11,
        9,
        10,
        14,
        13,
        15,
        16,
        17,
        18,
        19,
        20,
        21,
        22
      ]
    },
    "TIMROS": {
      "makespan": 122,
      "execution_time": 4.649162292480469e-05,
      "schedule": {
        "1": [
          0,
          0
        ],
        "3": [
          0,
          3
        ],
        "4": [
          3,
          8
        ],
        "6": [
          8,
          18
        ],
        "8": [
          18,
          24
        ],
        "12": [
          24,
          34
        ],
        "2": [
          34,
          35
        ],
        "11": [
          35,
          43
        ],
        "5": [
          43,
          48
        ],
        "9": [
          48,
          58
        ],
        "14": [
          58,
          64
        ],
        "15": [
          64,
          67
        ],
        "7": [
          67,
          69
        ],
        "16": [
          69,
          78
        ],
        "10": [
          78,
          88
        ],
        "19": [
          88,
          96
        ],
        "13": [
          96,
          100
        ],
        "18": [
          100,
          109
        ],
        "17": [
          109,
          112
        ],
        "20": [
          112,
          119
        ],
        "21": [
          119,
          122
        ],
        "22": [
          122,
          122
        ]
      },