{
  "instance": "inst_set1a_sf0_nc1.8_n20_m25_03",
  "results": {
    "HRPW*": {
      "makespan": 79,
      "execution_time": 0.00031495094299316406,
      "schedule": {
        "1": [
          0,
          0
        ],
        "4": [
          0,
          2
        ],
        "5": [
          2,
          11
        ],
        "3": [
          11,
          19
        ],
        "7": [
          19,
          26
        ],
        "2": [
          26,
          32
        ],
        "8": [
          32,
          37
        ],
        "10": [
          37,
          43
        ],
        "11": [
          43,
          47
        ],
        "6": [
          32,
          35
        ],
        "12": [
          47,
          51
        ],
        "13": [
          47,
          56
        ],
        "14": [
          51,
          58
        ],
        "15": [
          56,
          65
        ],
        "9": [
          58,
          59
        ],
        "16": [
          59,
          61
        ],
        "17": [
          65,
          69
        ],
        "19": [
          69,
          77
        ],
        "18": [
          61,
          62
        ],
        "20": [
          69,
          74
        ],
        "21": [
          77,
          79
        ],
        "22": [
          79,
          79
        ]
      },
      "activity_order": [
        1,
        4,
        5,
        3,
        7,
        2,
        8,
        10,
        11,
        6,
        12,
        13,
        14,
        15,
        9,
        16,
        17,
        19,
        18,
        20,
        21,
        22
      ]
    },
    "LST": {
      "makespan": 79,
      "execution_time": 0.0005035400390625,
      "schedule": {
        "1": [
          0,
          0
        ],
        "4": [
          0,
          2
        ],
        "5": [
          2,
          11
        ],
        "3": [
          11,
          19
        ],
        "7": [
          19,
          26
        ],
        "2": [
          26,
          32
        ],
        "8": [
          32,
          37
        ],
        "10": [
          37,
          43
        ],
        "11": [
          43,
          47
        ],
        "6": [
          32,
          35
        ],
        "12": [
          47,
          51
        ],
        "13": [
          47,
          56
        ],
        "14": [
          51,
          58
        ],
        "15": [
          56,
          65
        ],
        "9": [
          58,
          59
        ],
        "16": [
          59,
          61
        ],
        "17": [
          65,
          69
        ],
        "19": [
          69,
          77
        ],
        "18": [
          61,
          62
        ],
        "20": [
          69,
          74
        ],
        "21": [
          77,
          79
        ],
        "22": [
          79,
          79
        ]
      },
      "activity_order": [
        1,
        4,
        5,
        3,
        7,
        2,
        8,
        10,
        11,
        6,
        12,
        13,
        14,
        15,
        9,
        16,
        17,
        19,
        18,
        20,
        21,
        22
      ]
    },
    "LFT": {
      "makespan": 82,
      "execution_time": 0.0004220008850097656,
      "schedule": {
        "1": [
          0,
          0
        ],
        "4": [
          0,
          2
        ],
        "3": [
          2,
          10
        ],
        "5": [
          10,
          19
        ],
        "7": [
          19,
          26
        ],
        "8": [
          26,
          31
        ],
        "2": [
          31,
          37
        ],
        "6": [
          37,
          40
        ],
        "11": [
          37,
          41
        ],
        "10": [
          41,
          47
        ],
        "12": [
          47,
          51
        ],
        "13": [
          47,
          56
        ],
        "14": [
          51,
          58
        ],
        "9": [
          58,
          59
        ],
        "16": [
          59,
          61
        ],
        "17": [
          59,
          63
        ],
        "18": [
          61,
          62
        ],
        "15": [
          63,
          72
        ],
        "19": [
          72,
          80
        ],
        "20": [
          63,
          68
        ],
        "21": [
          80,
          82
        ],
        "22": [
          82,
          82
        ]
      },
      "activity_order": [
        1,
        4,
        3,
        5,
        7,
        8,
        2,
        6,
        11,
        10,
        12,
        13,
        14,
        9,
        16,
        17,
        18,
        15,
        19,
        20,
        21,
        22
      ]
    },
    "MTS": {
      "makespan": 79,
      "execution_time": 0.0003261566162109375,
      "schedule": {
        "1": [
          0,
          0
        ],
        "4": [
          0,
          2
        ],
        "5": [
          2,
          11
        ],
        "3": [
          11,
          19
        ],
        "7": [
          19,
          26
        ],
        "8": [
          26,
          31
        ],
        "2": [
          31,
          37
        ],
        "11": [
          37,
          41
        ],
        "6": [
          37,
          40
        ],
        "10": [
          41,
          47
        ],
        "12": [
          47,
          51
        ],
        "9": [
          51,
          52
        ],
        "14": [
          52,
          59
        ],
        "13": [
          47,
          56
        ],
        "16": [
          59,
          61
        ],
        "15": [
          56,
          65
        ],
        "17": [
          65,
          69
        ],
        "18": [
          61,
          62
        ],
        "19": [
          69,
          77
        ],
        "20": [
          69,
          74
        ],
        "21": [
          77,
          79
        ],
        "22": [
          79,
          79
        ]
      },
      "activity_order": [
        1,
        4,
        5,
        3,
        7,
        8,
        2,
        11,
        6,
        10,
        12,
        9,
        14,
        13,
        16,
        15,
        17,
        18,
        19,
        20,
        21,
        22
      ]
    },
    "TIMROS": {
      "makespan": 76,
      "execution_time": 0.0003292560577392578,
      "schedule": {
        "1": [
          0,
          0
        ],
        "2": [
          0,
          6
        ],
        "4": [
          6,
          8
        ],
        "5": [
          8,
          17
        ],
        "3": [
          17,
          25
        ],
        "6": [
          17,
          20
        ],
        "9": [
          25,
          26
        ],
        "7": [
          26,
          33
        ],
        "10": [
          33,
          39
        ],
        "17": [
          33,
          37
        ],
        "8": [
          39,
          44
        ],
        "11": [
          44,
          48
        ],
        "12": [
          48,
          52
        ],
        "13": [
          48,
          57
        ],
        "15": [
          57,
          66
        ],
        "14": [
          52,
          59
        ],
        "16": [
          59,
          61
        ],
        "19": [
          66,
          74
        ],
        "21": [
          74,
          76
        ],
        "18": [
          61,
          62
        ],
        "20": [
          62,
          67
        ],
        "22": [
          76,
          76
        ]
      },
      "activity_order": [
        1,
        2,
        4,
        5,
        3,
        6,
        9,
        7,
        10,
        17,
        8,
        11,
        12,
        13,
        15,
        14,
        16,
        19,
        21,
        18,
        20,
        22
      ]
    },
    "HRU1": {
      "makespan": 76,