{
  "instance": "inst_set1a_sf0.5_nc1.5_n20_m13_03",
  "results": {
    "HRPW*": {
      "makespan": 125,
      "execution_time": 4.7206878662109375e-05,
      "schedule": {
        "1": [
          0,
          0
        ],
        "2": [
          0,
          10
        ],
        "3": [
          10,
          18
        ],
        "4": [
          18,
          28
        ],
        "9": [
          28,
          38
        ],
        "5": [
          38,
          43
        ],
        "7": [
          43,
          50
        ],
        "6": [
          50,
          58
        ],
        "10": [
          58,
          59
        ],
        "11": [
          59,
          62
        ],
        "8": [
          62,
          67
        ],
        "13": [
          67,
          71
        ],
        "12": [
          71,
          75
        ],
        "14": [
          75,
          85
        ],
        "17": [
          85,
          93
        ],
        "16": [
          93,
          98
        ],
        "20": [
          98,
          108
        ],
        "15": [
          108,
          110
        ],
        "18": [
          110,
          111
        ],
        "19": [
          111,
          118
        ],
        "21": [
          118,
          125
        ],
        "22": [
          125,
          125
        ]
      },
      "activity_order": [
        1,
        2,
        3,
        4,
        9,
        5,
        7,
        6,
        10,
        11,
        8,
        13,
        12,
        14,
        17,
        16,
        20,
        15,
        18,
        19,
        21,
        22
      ]
    },
    "LST": {
      "makespan": 125,
      "execution_time": 3.7670135498046875e-05,
      "schedule": {
        "1": [
          0,
          0
        ],
        "2": [
          0,
          10
        ],
        "3": [
          10,
          18
        ],
        "4": [
          18,
          28
        ],
        "9": [
          28,
          38
        ],
        "5": [
          38,
          43
        ],
        "7": [
          43,
          50
        ],
        "6": [
          50,
          58
        ],
        "10": [
          58,
          59
        ],
        "11": [
          59,
          62
        ],
        "8": [
          62,
          67
        ],
        "13": [
          67,
          71
        ],
        "12": [
          71,
          75
        ],
        "14": [
          75,
          85
        ],
        "17": [
          85,
          93
        ],
        "16": [
          93,
          98
        ],
        "20": [
          98,
          108
        ],
        "15": [
          108,
          110
        ],
        "18": [
          110,
          111
        ],
        "19": [
          111,
          118
        ],
        "21": [
          118,
          125
        ],
        "22": [
          125,
          125
        ]
      },
      "activity_order": [
        1,
        2,
        3,
        4,
        9,
        5,
        7,
        6,
        10,
        11,
        8,
        13,
        12,
        14,
        17,
        16,
        20,
        15,
        18,
        19,
        21,
        22
      ]
    },
    "LFT": {
      "makespan": 125,
      "execution_time": 4.9591064453125e-05,
      "schedule": {
        "1": [
          0,
          0
        ],
        "2": [
          0,
          10
        ],
        "3": [
          10,
          18
        ],
        "4": [
          18,
          28
        ],
        "5": [
          28,
          33
        ],
        "9": [
          33,
          43
        ],
        "10": [
          43,
          44
        ],
        "7": [
          44,
          51
        ],
        "11": [
          51,
          54
        ],
        "6": [
          54,
          62
        ],
        "8": [
          62,
          67
        ],
        "13": [
          67,
          71
        ],
        "12": [
          71,
          75
        ],
        "16": [
          75,
          80
        ],
        "14": [
          80,
          90
        ],
        "15": [
          90,
          92
        ],
        "17": [
          92,
          100
        ],
        "18": [
          100,
          101
        ],
        "19": [
          101,
          108
        ],
        "20": [
          108,
          118
        ],
        "21": [
          118,
          125
        ],
        "22": [
          125,
          125
        ]
      },
      "activity_order": [
        1,
        2,
        3,
        4,
        5,
        9,
        10,
        7,
        11,
        6,
        8,
        13,
        12,
        16,
        14,
        15,
        17,
        18,
        19,
        20,
        21,
        22
      ]
    },
    "MTS": {
      "makespan": 125,
      "execution_time": 3.695487976074219e-05,
      "schedule": {
        "1": [
          0,
          0
        ],
        "2": [
          0,
          10
        ],
        "3": [
          10,
          18
        ],
        "5": [
          18,
          23
        ],
        "7": [
          23,
          30
        ],
        "9": [
          30,
          40
        ],
        "10": [
          40,
          41
        ],
        "4": [
          41,
          51
        ],
        "8": [
          51,
          56
        ],
        "6": [
          56,
          64
        ],
        "11": [
          64,
          67
        ],
        "12": [
          67,
          71
        ],
        "13": [
          71,
          75
        ],
        "15": [
          75,
          77
        ],
        "16": [
          77,
          82
        ],
        "14": [
          82,
          92
        ],
        "17": [
          92,
          100
        ],
        "18": [
          100,
          101
        ],
        "19": [
          101,
          108
        ],
        "20": [
          108,
          118
        ],
        "21": [
          118,
          125
        ],
        "22": [
          125,
          125
        ]
      },
      "activity_order": [
        1,
        2,
        3,
        5,
        7,
        9,
        10,
        4,
        8,
        6,
        11,
        12,
        13,
        15,
        16,
        14,
        17,
        18,
        19,
        20,
        21,
        22
      ]
    },
    "TIMROS": {
      "makespan": 125,
      "execution_time": 3.886222839355469e-05,
      "schedule": {
        "1": [
          0,
          0
        ],
        "4": [
          0,
          10
        ],
        "2": [
          10,
          20
        ],
        "9": [
          20,
          30
        ],
        "3": [
          30,
          38
        ],
        "6": [
          38,
          46
        ],
        "7": [
          46,
          53
        ],
        "17": [
          53,
          61
        ],
        "5": [
          61,
          66
        ],
        "8": [
          66,
          71
        ],
        "12": [
          71,
          75
        ],
        "15": [
          75,
          77
        ],
        "10": [
          77,
          78
        ],
        "20": [
          78,
          88
        ],
        "11": [
          88,
          91
        ],
        "13": [
          91,
          95
        ],
        "14": [
          95,
          105
        ],
        "19": [
          105,
          112
        ],
        "16": [
          112,
          117
        ],
        "18": [
          117,
          118
        ],
        "21": [
          118,
          125
        ],
        "22": [
          125,
          125
        ]
      },