{
  "instance": "inst_set1a_sf0.75_nc1.8_n20_m10_01",
  "results": {
    "HRPW*": {
      "makespan": 121,
      "execution_time": 3.7670135498046875e-05,
      "schedule": {
        "1": [
          0,
          0
        ],
        "4": [
          0,
          8
        ],
        "5": [
          8,
          11
        ],
        "3": [
          11,
          19
        ],
        "7": [
          19,
          25
        ],
        "2": [
          25,
          34
        ],
        "8": [
          34,
          44
        ],
        "9": [
          44,
          53
        ],
        "13": [
          53,
          60
        ],
        "6": [
          60,
          69
        ],
        "11": [
          69,
          74
        ],
        "12": [
          74,
          78
        ],
        "14": [
          78,
          84
        ],
        "15": [
          84,
          90
        ],
        "10": [
          90,
          93
        ],
        "16": [
          93,
          97
        ],
        "18": [
          97,
          101
        ],
        "20": [
          101,
          109
        ],
        "17": [
          109,
          111
        ],
        "19": [
          111,
          116
        ],
        "21": [
          116,
          121
        ],
        "22": [
          121,
          121
        ]
      },
      "activity_order": [
        1,
        4,
        5,
        3,
        7,
        2,
        8,
        9,
        13,
        6,
        11,
        12,
        14,
        15,
        10,
        16,
        18,
        20,
        17,
        19,
        21,
        22
      ]
    },
    "LST": {
      "makespan": 121,
      "execution_time": 4.792213439941406e-05,
      "schedule": {
        "1": [
          0,
          0
        ],
        "4": [
          0,
          8
        ],
        "5": [
          8,
          11
        ],
        "3": [
          11,
          19
        ],
        "7": [
          19,
          25
        ],
        "2": [
          25,
          34
        ],
        "8": [
          34,
          44
        ],
        "9": [
          44,
          53
        ],
        "13": [
          53,
          60
        ],
        "6": [
          60,
          69
        ],
        "11": [
          69,
          74
        ],
        "12": [
          74,
          78
        ],
        "14": [
          78,
          84
        ],
        "15": [
          84,
          90
        ],
        "10": [
          90,
          93
        ],
        "16": [
          93,
          97
        ],
        "18": [
          97,
          101
        ],
        "20": [
          101,
          109
        ],
        "17": [
          109,
          111
        ],
        "19": [
          111,
          116
        ],
        "21": [
          116,
          121
        ],
        "22": [
          121,
          121
        ]
      },
      "activity_order": [
        1,
        4,
        5,
        3,
        7,
        2,
        8,
        9,
        13,
        6,
        11,
        12,
        14,
        15,
        10,
        16,
        18,
        20,
        17,
        19,
        21,
        22
      ]
    },
    "LFT": {
      "makespan": 121,
      "execution_time": 3.552436828613281e-05,
      "schedule": {
        "1": [
          0,
          0
        ],
        "4": [
          0,
          8
        ],
        "5": [
          8,
          11
        ],
        "7": [
          11,
          17
        ],
        "3": [
          17,
          25
        ],
        "2": [
          25,
          34
        ],
        "8": [
          34,
          44
        ],
        "9": [
          44,
          53
        ],
        "13": [
          53,
          60
        ],
        "11": [
          60,
          65
        ],
        "12": [
          65,
          69
        ],
        "10": [
          69,
          72
        ],
        "14": [
          72,
          78
        ],
        "15": [
          78,
          84
        ],
        "16": [
          84,
          88
        ],
        "6": [
          88,
          97
        ],
        "17": [
          97,
          99
        ],
        "18": [
          99,
          103
        ],
        "19": [
          103,
          108
        ],
        "20": [
          108,
          116
        ],
        "21": [
          116,
          121
        ],
        "22": [
          121,
          121
        ]
      },
      "activity_order": [
        1,
        4,
        5,
        7,
        3,
        2,
        8,
        9,
        13,
        11,
        12,
        10,
        14,
        15,
        16,
        6,
        17,
        18,
        19,
        20,
        21,
        22
      ]
    },
    "MTS": {
      "makespan": 121,
      "execution_time": 3.552436828613281e-05,
      "schedule": {
        "1": [
          0,
          0
        ],
        "4": [
          0,
          8
        ],
        "5": [
          8,
          11
        ],
        "3": [
          11,
          19
        ],
        "2": [
          19,
          28
        ],
        "7": [
          28,
          34
        ],
        "13": [
          34,
          41
        ],
        "8": [
          41,
          51
        ],
        "9": [
          51,
          60
        ],
        "11": [
          60,
          65
        ],
        "14": [
          65,
          71
        ],
        "16": [
          71,
          75
        ],
        "10": [
          75,
          78
        ],
        "12": [
          78,
          82
        ],
        "15": [
          82,
          88
        ],
        "6": [
          88,
          97
        ],
        "17": [
          97,
          99
        ],
        "18": [
          99,
          103
        ],
        "19": [
          103,
          108
        ],
        "20": [
          108,
          116
        ],
        "21": [
          116,
          121
        ],
        "22": [
          121,
          121
        ]
      },
      "activity_order": [
        1,
        4,
        5,
        3,
        2,
        7,
        13,
        8,
        9,
        11,
        14,
        16,
        10,
        12,
        15,
        6,
        17,
        18,
        19,
        20,
        21,
        22
      ]
    },
    "TIMROS": {
      "makespan": 121,
      "execution_time": 3.457069396972656e-05,
      "schedule": {
        "1": [
          0,
          0
        ],
        "4": [
          0,
          8
        ],
        "2": [
          8,
          17
        ],
        "6": [
          17,
          26
        ],
        "3": [
          26,
          34
        ],
        "9": [
          34,
          43
        ],
        "5": [
          43,
          46
        ],
        "7": [
          46,
          52
        ],
        "8": [
          52,
          62
        ],
        "13": [
          62,
          69
        ],
        "14": [
          69,
          75
        ],
        "15": [
          75,
          81
        ],
        "11": [
          81,
          86
        ],
        "12": [
          86,
          90
        ],
        "16": [
          90,
          94
        ],
        "17": [
          94,
          96
        ],
        "18": [
          96,
          100
        ],
        "21": [
          100,
          105
        ],
        "10": [
          105,
          108
        ],
        "20": [
          108,
          116
        ],
        "19": [
          116,
          121
        ],
        "22": [
          121,
          121
        ]
      },