{
  "instance": "inst_set1a_sf0_nc1.5_n20_m20_02",
  "results": {
    "HRPW*": {
      "makespan": 102,
      "execution_time": 3.600120544433594e-05,
      "schedule": {
        "1": [
          0,
          0
        ],
        "4": [
          0,
          10
        ],
        "2": [
          10,
          20
        ],
        "6": [
          20,
          26
        ],
        "10": [
          26,
          34
        ],
        "14": [
          34,
          36
        ],
        "3": [
          36,
          40
        ],
        "7": [
          40,
          46
        ],
        "12": [
          46,
          49
        ],
        "17": [
          49,
          51
        ],
        "18": [
          51,
          58
        ],
        "5": [
          58,
          64
        ],
        "9": [
          64,
          72
        ],
        "8": [
          72,
          82
        ],
        "13": [
          82,
          85
        ],
        "11": [
          85,
          86
        ],
        "15": [
          86,
          88
        ],
        "19": [
          88,
          95
        ],
        "16": [
          95,
          97
        ],
        "20": [
          97,
          101
        ],
        "21": [
          101,
          102
        ],
        "22": [
          102,
          102
        ]
      },
      "activity_order": [
        1,
        4,
        2,
        6,
        10,
        14,
        3,
        7,
        12,
        17,
        18,
        5,
        9,
        8,
        13,
        11,
        15,
        19,
        16,
        20,
        21,
        22
      ]
    },
    "LST": {
      "makespan": 102,
      "execution_time": 4.553794860839844e-05,
      "schedule": {
        "1": [
          0,
          0
        ],
        "4": [
          0,
          10
        ],
        "2": [
          10,
          20
        ],
        "6": [
          20,
          26
        ],
        "10": [
          26,
          34
        ],
        "14": [
          34,
          36
        ],
        "3": [
          36,
          40
        ],
        "7": [
          40,
          46
        ],
        "12": [
          46,
          49
        ],
        "17": [
          49,
          51
        ],
        "18": [
          51,
          58
        ],
        "5": [
          58,
          64
        ],
        "9": [
          64,
          72
        ],
        "8": [
          72,
          82
        ],
        "13": [
          82,
          85
        ],
        "11": [
          85,
          86
        ],
        "15": [
          86,
          88
        ],
        "19": [
          88,
          95
        ],
        "16": [
          95,
          97
        ],
        "20": [
          97,
          101
        ],
        "21": [
          101,
          102
        ],
        "22": [
          102,
          102
        ]
      },
      "activity_order": [
        1,
        4,
        2,
        6,
        10,
        14,
        3,
        7,
        12,
        17,
        18,
        5,
        9,
        8,
        13,
        11,
        15,
        19,
        16,
        20,
        21,
        22
      ]
    },
    "LFT": {
      "makespan": 102,
      "execution_time": 0.0001652240753173828,
      "schedule": {
        "1": [
          0,
          0
        ],
        "4": [
          0,
          10
        ],
        "2": [
          10,
          20
        ],
        "6": [
          20,
          26
        ],
        "14": [
          26,
          28
        ],
        "12": [
          28,
          31
        ],
        "17": [
          31,
          33
        ],
        "3": [
          33,
          37
        ],
        "7": [
          37,
          43
        ],
        "10": [
          43,
          51
        ],
        "11": [
          51,
          52
        ],
        "13": [
          52,
          55
        ],
        "5": [
          55,
          61
        ],
        "18": [
          61,
          68
        ],
        "15": [
          68,
          70
        ],
        "9": [
          70,
          78
        ],
        "16": [
          78,
          80
        ],
        "8": [
          80,
          90
        ],
        "19": [
          90,
          97
        ],
        "20": [
          97,
          101
        ],
        "21": [
          101,
          102
        ],
        "22": [
          102,
          102
        ]
      },
      "activity_order": [
        1,
        4,
        2,
        6,
        14,
        12,
        17,
        3,
        7,
        10,
        11,
        13,
        5,
        18,
        15,
        9,
        16,
        8,
        19,
        20,
        21,
        22
      ]
    },
    "MTS": {
      "makespan": 102,
      "execution_time": 4.1484832763671875e-05,
      "schedule": {
        "1": [
          0,
          0
        ],
        "4": [
          0,
          10
        ],
        "2": [
          10,
          20
        ],
        "6": [
          20,
          26
        ],
        "3": [
          26,
          30
        ],
        "10": [
          30,
          38
        ],
        "14": [
          38,
          40
        ],
        "11": [
          40,
          41
        ],
        "13": [
          41,
          44
        ],
        "17": [
          44,
          46
        ],
        "7": [
          46,
          52
        ],
        "12": [
          52,
          55
        ],
        "15": [
          55,
          57
        ],
        "5": [
          57,
          63
        ],
        "8": [
          63,
          73
        ],
        "9": [
          73,
          81
        ],
        "16": [
          81,
          83
        ],
        "18": [
          83,
          90
        ],
        "19": [
          90,
          97
        ],
        "20": [
          97,
          101
        ],
        "21": [
          101,
          102
        ],
        "22": [
          102,
          102
        ]
      },
      "activity_order": [
        1,
        4,
        2,
        6,
        3,
        10,
        14,
        11,
        13,
        17,
        7,
        12,
        15,
        5,
        8,
        9,
        16,
        18,
        19,
        20,
        21,
        22
      ]
    },
    "TIMROS": {
      "makespan": 102,
      "execution_time": 4.0531158447265625e-05,
      "schedule": {
        "1": [
          0,
          0
        ],
        "4": [
          0,
          10
        ],
        "10": [
          10,
          18
        ],
        "6": [
          18,
          24
        ],
        "7": [
          24,
          30
        ],
        "2": [
          30,
          40
        ],
        "8": [
          40,
          50
        ],
        "13": [
          50,
          53
        ],
        "9": [
          53,
          61
        ],
        "14": [
          61,
          63
        ],
        "17": [
          63,
          65
        ],
        "21": [
          65,
          66
        ],
        "3": [
          66,
          70
        ],
        "5": [
          70,
          76
        ],
        "12": [
          76,
          79
        ],
        "18": [
          79,
          86
        ],
        "19": [
          86,
          93
        ],
        "11": [
          93,
          94
        ],
        "15": [
          94,
          96
        ],
        "16": [
          96,
          98
        ],
        "20": [
          98,
          102
        ],
        "22": [
          102,
          102
        ]
      },