{
  "instance": "inst_set1a_sf0_nc2.1_n20_m20_03",
  "results": {
    "HRPW*": {
      "makespan": 58,
      "execution_time": 0.00025844573974609375,
      "schedule": {
        "1": [
          0,
          0
        ],
        "4": [
          0,
          9
        ],
        "7": [
          9,
          19
        ],
        "2": [
          0,
          7
        ],
        "6": [
          9,
          13
        ],
        "3": [
          7,
          8
        ],
        "8": [
          19,
          24
        ],
        "5": [
          19,
          25
        ],
        "12": [
          24,
          34
        ],
        "15": [
          24,
          30
        ],
        "9": [
          34,
          37
        ],
        "10": [
          37,
          45
        ],
        "16": [
          34,
          44
        ],
        "17": [
          37,
          44
        ],
        "13": [
          37,
          42
        ],
        "11": [
          45,
          47
        ],
        "14": [
          42,
          45
        ],
        "18": [
          47,
          50
        ],
        "19": [
          47,
          56
        ],
        "21": [
          50,
          58
        ],
        "20": [
          50,
          57
        ],
        "22": [
          58,
          58
        ]
      },
      "activity_order": [
        1,
        4,
        7,
        2,
        6,
        3,
        8,
        5,
        12,
        15,
        9,
        10,
        16,
        17,
        13,
        11,
        14,
        18,
        19,
        21,
        20,
        22
      ]
    },
    "LST": {
      "makespan": 58,
      "execution_time": 0.00027751922607421875,
      "schedule": {
        "1": [
          0,
          0
        ],
        "4": [
          0,
          9
        ],
        "7": [
          9,
          19
        ],
        "2": [
          0,
          7
        ],
        "6": [
          9,
          13
        ],
        "3": [
          7,
          8
        ],
        "8": [
          19,
          24
        ],
        "5": [
          19,
          25
        ],
        "12": [
          24,
          34
        ],
        "15": [
          24,
          30
        ],
        "9": [
          34,
          37
        ],
        "10": [
          37,
          45
        ],
        "16": [
          34,
          44
        ],
        "17": [
          37,
          44
        ],
        "13": [
          37,
          42
        ],
        "11": [
          45,
          47
        ],
        "14": [
          42,
          45
        ],
        "18": [
          47,
          50
        ],
        "19": [
          47,
          56
        ],
        "21": [
          50,
          58
        ],
        "20": [
          50,
          57
        ],
        "22": [
          58,
          58
        ]
      },
      "activity_order": [
        1,
        4,
        7,
        2,
        6,
        3,
        8,
        5,
        12,
        15,
        9,
        10,
        16,
        17,
        13,
        11,
        14,
        18,
        19,
        21,
        20,
        22
      ]
    },
    "LFT": {
      "makespan": 56,
      "execution_time": 0.0002760887145996094,
      "schedule": {
        "1": [
          0,
          0
        ],
        "4": [
          0,
          9
        ],
        "6": [
          9,
          13
        ],
        "7": [
          9,
          19
        ],
        "2": [
          0,
          7
        ],
        "3": [
          7,
          8
        ],
        "8": [
          19,
          24
        ],
        "5": [
          19,
          25
        ],
        "9": [
          25,
          28
        ],
        "12": [
          28,
          38
        ],
        "15": [
          24,
          30
        ],
        "10": [
          28,
          36
        ],
        "11": [
          36,
          38
        ],
        "17": [
          38,
          45
        ],
        "13": [
          30,
          35
        ],
        "14": [
          38,
          41
        ],
        "16": [
          38,
          48
        ],
        "18": [
          45,
          48
        ],
        "19": [
          41,
          50
        ],
        "20": [
          48,
          55
        ],
        "21": [
          48,
          56
        ],
        "22": [
          56,
          56
        ]
      },
      "activity_order": [
        1,
        4,
        6,
        7,
        2,
        3,
        8,
        5,
        9,
        12,
        15,
        10,
        11,
        17,
        13,
        14,
        16,
        18,
        19,
        20,
        21,
        22
      ]
    },
    "MTS": {
      "makespan": 56,
      "execution_time": 0.00032520294189453125,
      "schedule": {
        "1": [
          0,
          0
        ],
        "4": [
          0,
          9
        ],
        "2": [
          0,
          7
        ],
        "6": [
          9,
          13
        ],
        "3": [
          7,
          8
        ],
        "7": [
          9,
          19
        ],
        "5": [
          19,
          25
        ],
        "8": [
          19,
          24
        ],
        "12": [
          24,
          34
        ],
        "9": [
          34,
          37
        ],
        "11": [
          25,
          27
        ],
        "15": [
          24,
          30
        ],
        "17": [
          37,
          44
        ],
        "10": [
          37,
          45
        ],
        "16": [
          34,
          44
        ],
        "13": [
          37,
          42
        ],
        "14": [
          42,
          45
        ],
        "18": [
          45,
          48
        ],
        "19": [
          45,
          54
        ],
        "20": [
          48,
          55
        ],
        "21": [
          48,
          56
        ],
        "22": [
          56,
          56
        ]
      },
      "activity_order": [
        1,
        4,
        2,
        6,
        3,
        7,
        5,
        8,
        12,
        9,
        11,
        15,
        17,
        10,
        16,
        13,
        14,
        18,
        19,
        20,
        21,
        22
      ]
    },
    "TIMROS": {
      "makespan": 78,
      "execution_time": 0.0002613067626953125,
      "schedule": {
        "1": [
          0,
          0
        ],
        "2": [
          0,
          7
        ],
        "4": [
          0,
          9
        ],
        "6": [
          9,
          13
        ],
        "12": [
          13,
          23
        ],
        "7": [
          9,
          19
        ],
        "17": [
          23,
          30
        ],
        "8": [
          30,
          35
        ],
        "15": [
          35,
          41
        ],
        "3": [
          35,
          36
        ],
        "16": [
          41,
          51
        ],
        "5": [
          36,
          42
        ],
        "20": [
          51,
          58
        ],
        "9": [
          42,
          45
        ],
        "13": [
          58,
          63
        ],
        "10": [
          45,
          53
        ],
        "11": [
          53,
          55
        ],
        "18": [
          63,
          66
        ],
        "21": [
          66,
          74
        ],
        "14": [
          66,
          69
        ],
        "19": [
          69,
          78
        ],
        "22": [
          78,
          78
        ]
      },
      "activity_order": [
        1,
        2,
        4,
        6,
        12,
        7,
        17,
        8,
        15,
        3,
        16,
        5,
        20,
        9,
        13,
        10,
        11,
        18,
        21,
        14,
        19,
        22
      ]
    },
    "HRU1": {
      "makespan": 62,