{
  "instance": "inst_set1a_sf0_nc1.5_n20_m20_03",
  "results": {
    "HRPW*": {
      "makespan": 129,
      "execution_time": 5.936622619628906e-05,
      "schedule": {
        "1": [
          0,
          0
        ],
        "3": [
          0,
          9
        ],
        "5": [
          9,
          19
        ],
        "4": [
          19,
          27
        ],
        "6": [
          27,
          32
        ],
        "7": [
          32,
          35
        ],
        "9": [
          35,
          44
        ],
        "2": [
          44,
          53
        ],
        "11": [
          53,
          58
        ],
        "10": [
          58,
          68
        ],
        "16": [
          68,
          74
        ],
        "8": [
          74,
          76
        ],
        "12": [
          76,
          78
        ],
        "18": [
          78,
          88
        ],
        "13": [
          88,
          98
        ],
        "15": [
          98,
          107
        ],
        "14": [
          107,
          113
        ],
        "17": [
          113,
          116
        ],
        "19": [
          116,
          122
        ],
        "20": [
          122,
          126
        ],
        "21": [
          126,
          129
        ],
        "22": [
          129,
          129
        ]
      },
      "activity_order": [
        1,
        3,
        5,
        4,
        6,
        7,
        9,
        2,
        11,
        10,
        16,
        8,
        12,
        18,
        13,
        15,
        14,
        17,
        19,
        20,
        21,
        22
      ]
    },
    "LST": {
      "makespan": 129,
      "execution_time": 4.7206878662109375e-05,
      "schedule": {
        "1": [
          0,
          0
        ],
        "3": [
          0,
          9
        ],
        "5": [
          9,
          19
        ],
        "4": [
          19,
          27
        ],
        "6": [
          27,
          32
        ],
        "7": [
          32,
          35
        ],
        "9": [
          35,
          44
        ],
        "2": [
          44,
          53
        ],
        "11": [
          53,
          58
        ],
        "10": [
          58,
          68
        ],
        "16": [
          68,
          74
        ],
        "8": [
          74,
          76
        ],
        "12": [
          76,
          78
        ],
        "18": [
          78,
          88
        ],
        "13": [
          88,
          98
        ],
        "15": [
          98,
          107
        ],
        "14": [
          107,
          113
        ],
        "17": [
          113,
          116
        ],
        "19": [
          116,
          122
        ],
        "20": [
          122,
          126
        ],
        "21": [
          126,
          129
        ],
        "22": [
          129,
          129
        ]
      },
      "activity_order": [
        1,
        3,
        5,
        4,
        6,
        7,
        9,
        2,
        11,
        10,
        16,
        8,
        12,
        18,
        13,
        15,
        14,
        17,
        19,
        20,
        21,
        22
      ]
    },
    "LFT": {
      "makespan": 129,
      "execution_time": 5.173683166503906e-05,
      "schedule": {
        "1": [
          0,
          0
        ],
        "3": [
          0,
          9
        ],
        "5": [
          9,
          19
        ],
        "4": [
          19,
          27
        ],
        "6": [
          27,
          32
        ],
        "7": [
          32,
          35
        ],
        "9": [
          35,
          44
        ],
        "11": [
          44,
          49
        ],
        "2": [
          49,
          58
        ],
        "8": [
          58,
          60
        ],
        "10": [
          60,
          70
        ],
        "12": [
          70,
          72
        ],
        "16": [
          72,
          78
        ],
        "14": [
          78,
          84
        ],
        "17": [
          84,
          87
        ],
        "18": [
          87,
          97
        ],
        "15": [
          97,
          106
        ],
        "13": [
          106,
          116
        ],
        "19": [
          116,
          122
        ],
        "20": [
          122,
          126
        ],
        "21": [
          126,
          129
        ],
        "22": [
          129,
          129
        ]
      },
      "activity_order": [
        1,
        3,
        5,
        4,
        6,
        7,
        9,
        11,
        2,
        8,
        10,
        12,
        16,
        14,
        17,
        18,
        15,
        13,
        19,
        20,
        21,
        22
      ]
    },
    "MTS": {
      "makespan": 129,
      "execution_time": 4.220008850097656e-05,
      "schedule": {
        "1": [
          0,
          0
        ],
        "3": [
          0,
          9
        ],
        "5": [
          9,
          19
        ],
        "4": [
          19,
          27
        ],
        "6": [
          27,
          32
        ],
        "7": [
          32,
          35
        ],
        "9": [
          35,
          44
        ],
        "10": [
          44,
          54
        ],
        "2": [
          54,
          63
        ],
        "8": [
          63,
          65
        ],
        "11": [
          65,
          70
        ],
        "12": [
          70,
          72
        ],
        "16": [
          72,
          78
        ],
        "17": [
          78,
          81
        ],
        "13": [
          81,
          91
        ],
        "14": [
          91,
          97
        ],
        "15": [
          97,
          106
        ],
        "18": [
          106,
          116
        ],
        "19": [
          116,
          122
        ],
        "20": [
          122,
          126
        ],
        "21": [
          126,
          129
        ],
        "22": [
          129,
          129
        ]
      },
      "activity_order": [
        1,
        3,
        5,
        4,
        6,
        7,
        9,
        10,
        2,
        8,
        11,
        12,
        16,
        17,
        13,
        14,
        15,
        18,
        19,
        20,
        21,
        22
      ]
    },
    "TIMROS": {
      "makespan": 129,
      "execution_time": 4.3392181396484375e-05,
      "schedule": {
        "1": [
          0,
          0
        ],
        "2": [
          0,
          9
        ],
        "3": [
          9,
          18
        ],
        "5": [
          18,
          28
        ],
        "15": [
          28,
          37
        ],
        "4": [
          37,
          45
        ],
        "20": [
          45,
          49
        ],
        "6": [
          49,
          54
        ],
        "8": [
          54,
          56
        ],
        "7": [
          56,
          59
        ],
        "9": [
          59,
          68
        ],
        "10": [
          68,
          78
        ],
        "13": [
          78,
          88
        ],
        "17": [
          88,
          91
        ],
        "21": [
          91,
          94
        ],
        "14": [
          94,
          100
        ],
        "11": [
          100,
          105
        ],
        "16": [
          105,
          111
        ],
        "12": [
          111,
          113
        ],
        "18": [
          113,
          123
        ],
        "19": [
          123,
          129
        ],
        "22": [
          129,
          129
        ]
      },