{
  "instance": "inst_set1a_sf0.75_nc1.8_n20_m10_01",
  "results": {
    "HRPW*": {
      "makespan": 66,
      "execution_time": 0.0002732276916503906,
      "schedule": {
        "1": [
          0,
          0
        ],
        "4": [
          0,
          8
        ],
        "5": [
          8,
          11
        ],
        "3": [
          0,
          8
        ],
        "7": [
          11,
          17
        ],
        "2": [
          0,
          9
        ],
        "8": [
          17,
          27
        ],
        "9": [
          27,
          36
        ],
        "13": [
          11,
          18
        ],
        "6": [
          11,
          20
        ],
        "11": [
          36,
          41
        ],
        "12": [
          27,
          31
        ],
        "14": [
          18,
          24
        ],
        "15": [
          36,
          42
        ],
        "10": [
          42,
          45
        ],
        "16": [
          45,
          49
        ],
        "18": [
          49,
          53
        ],
        "20": [
          53,
          61
        ],
        "17": [
          49,
          51
        ],
        "19": [
          61,
          66
        ],
        "21": [
          53,
          58
        ],
        "22": [
          66,
          66
        ]
      },
      "activity_order": [
        1,
        4,
        5,
        3,
        7,
        2,
        8,
        9,
        13,
        6,
        11,
        12,
        14,
        15,
        10,
        16,
        18,
        20,
        17,
        19,
        21,
        22
      ]
    },
    "LST": {
      "makespan": 66,
      "execution_time": 0.00019812583923339844,
      "schedule": {
        "1": [
          0,
          0
        ],
        "4": [
          0,
          8
        ],
        "5": [
          8,
          11
        ],
        "3": [
          0,
          8
        ],
        "7": [
          11,
          17
        ],
        "2": [
          0,
          9
        ],
        "8": [
          17,
          27
        ],
        "9": [
          27,
          36
        ],
        "13": [
          11,
          18
        ],
        "6": [
          11,
          20
        ],
        "11": [
          36,
          41
        ],
        "12": [
          27,
          31
        ],
        "14": [
          18,
          24
        ],
        "15": [
          36,
          42
        ],
        "10": [
          42,
          45
        ],
        "16": [
          45,
          49
        ],
        "18": [
          49,
          53
        ],
        "20": [
          53,
          61
        ],
        "17": [
          49,
          51
        ],
        "19": [
          61,
          66
        ],
        "21": [
          53,
          58
        ],
        "22": [
          66,
          66
        ]
      },
      "activity_order": [
        1,
        4,
        5,
        3,
        7,
        2,
        8,
        9,
        13,
        6,
        11,
        12,
        14,
        15,
        10,
        16,
        18,
        20,
        17,
        19,
        21,
        22
      ]
    },
    "LFT": {
      "makespan": 63,
      "execution_time": 0.0002048015594482422,
      "schedule": {
        "1": [
          0,
          0
        ],
        "4": [
          0,
          8
        ],
        "5": [
          8,
          11
        ],
        "7": [
          11,
          17
        ],
        "3": [
          0,
          8
        ],
        "2": [
          0,
          9
        ],
        "8": [
          17,
          27
        ],
        "9": [
          27,
          36
        ],
        "13": [
          11,
          18
        ],
        "11": [
          36,
          41
        ],
        "12": [
          27,
          31
        ],
        "10": [
          31,
          34
        ],
        "14": [
          18,
          24
        ],
        "15": [
          36,
          42
        ],
        "16": [
          42,
          46
        ],
        "6": [
          11,
          20
        ],
        "17": [
          46,
          48
        ],
        "18": [
          46,
          50
        ],
        "19": [
          50,
          55
        ],
        "20": [
          55,
          63
        ],
        "21": [
          50,
          55
        ],
        "22": [
          63,
          63
        ]
      },
      "activity_order": [
        1,
        4,
        5,
        7,
        3,
        2,
        8,
        9,
        13,
        11,
        12,
        10,
        14,
        15,
        16,
        6,
        17,
        18,
        19,
        20,
        21,
        22
      ]
    },
    "MTS": {
      "makespan": 59,
      "execution_time": 0.00019407272338867188,
      "schedule": {
        "1": [
          0,
          0
        ],
        "4": [
          0,
          8
        ],
        "5": [
          8,
          11
        ],
        "3": [
          0,
          8
        ],
        "2": [
          0,
          9
        ],
        "7": [
          11,
          17
        ],
        "13": [
          11,
          18
        ],
        "8": [
          17,
          27
        ],
        "9": [
          27,
          36
        ],
        "11": [
          36,
          41
        ],
        "14": [
          18,
          24
        ],
        "16": [
          18,
          22
        ],
        "10": [
          22,
          25
        ],
        "12": [
          27,
          31
        ],
        "15": [
          36,
          42
        ],
        "6": [
          11,
          20
        ],
        "17": [
          42,
          44
        ],
        "18": [
          42,
          46
        ],
        "19": [
          46,
          51
        ],
        "20": [
          51,
          59
        ],
        "21": [
          46,
          51
        ],
        "22": [
          59,
          59
        ]
      },
      "activity_order": [
        1,
        4,
        5,
        3,
        2,
        7,
        13,
        8,
        9,
        11,
        14,
        16,
        10,
        12,
        15,
        6,
        17,
        18,
        19,
        20,
        21,
        22
      ]
    },
    "TIMROS": {
      "makespan": 65,
      "execution_time": 0.00019431114196777344,
      "schedule": {
        "1": [
          0,
          0
        ],
        "4": [
          0,
          8
        ],
        "2": [
          0,
          9
        ],
        "6": [
          9,
          18
        ],
        "3": [
          0,
          8
        ],
        "9": [
          8,
          17
        ],
        "5": [
          18,
          21
        ],
        "7": [
          21,
          27
        ],
        "8": [
          27,
          37
        ],
        "13": [
          21,
          28
        ],
        "14": [
          28,
          34
        ],
        "15": [
          28,
          34
        ],
        "11": [
          37,
          42
        ],
        "12": [
          37,
          41
        ],
        "16": [
          41,
          45
        ],
        "17": [
          45,
          47
        ],
        "18": [
          45,
          49
        ],
        "21": [
          49,
          54
        ],
        "10": [
          49,
          52
        ],
        "20": [
          52,
          60
        ],
        "19": [
          60,
          65
        ],
        "22": [
          65,
          65
        ]
      },
      "activity_order": [
        1,
        4,
        2,
        6,
        3,
        9,
        5,
        7,
        8,
        13,
        14,
        15,
        11,
        12,
        16,
        17,
        18,
        21,
        10,
        20,
        19,
        22
      ]
    },
    "HRU1": {
      "makespan": 65,