{
  "instance": "inst_set1a_sf0.75_nc2.1_n20_m20_00",
  "results": {
    "HRPW*": {
      "makespan": 58,
      "execution_time": 0.0003612041473388672,
      "schedule": {
        "1": [
          0,
          0
        ],
        "2": [
          0,
          6
        ],
        "3": [
          0,
          9
        ],
        "4": [
          0,
          7
        ],
        "6": [
          9,
          15
        ],
        "10": [
          15,
          24
        ],
        "12": [
          24,
          33
        ],
        "5": [
          7,
          12
        ],
        "7": [
          6,
          7
        ],
        "8": [
          12,
          13
        ],
        "13": [
          13,
          19
        ],
        "11": [
          24,
          34
        ],
        "15": [
          34,
          41
        ],
        "9": [
          41,
          48
        ],
        "14": [
          33,
          35
        ],
        "17": [
          48,
          49
        ],
        "16": [
          41,
          44
        ],
        "18": [
          49,
          54
        ],
        "20": [
          48,
          53
        ],
        "21": [
          54,
          58
        ],
        "19": [
          54,
          57
        ],
        "22": [
          58,
          58
        ]
      },
      "activity_order": [
        1,
        2,
        3,
        4,
        6,
        10,
        12,
        5,
        7,
        8,
        13,
        11,
        15,
        9,
        14,
        17,
        16,
        18,
        20,
        21,
        19,
        22
      ]
    },
    "LST": {
      "makespan": 58,
      "execution_time": 0.00034165382385253906,
      "schedule": {
        "1": [
          0,
          0
        ],
        "2": [
          0,
          6
        ],
        "3": [
          0,
          9
        ],
        "4": [
          0,
          7
        ],
        "6": [
          9,
          15
        ],
        "10": [
          15,
          24
        ],
        "12": [
          24,
          33
        ],
        "5": [
          7,
          12
        ],
        "7": [
          6,
          7
        ],
        "8": [
          12,
          13
        ],
        "13": [
          13,
          19
        ],
        "11": [
          24,
          34
        ],
        "15": [
          34,
          41
        ],
        "9": [
          41,
          48
        ],
        "14": [
          33,
          35
        ],
        "17": [
          48,
          49
        ],
        "16": [
          41,
          44
        ],
        "18": [
          49,
          54
        ],
        "20": [
          48,
          53
        ],
        "21": [
          54,
          58
        ],
        "19": [
          54,
          57
        ],
        "22": [
          58,
          58
        ]
      },
      "activity_order": [
        1,
        2,
        3,
        4,
        6,
        10,
        12,
        5,
        7,
        8,
        13,
        11,
        15,
        9,
        14,
        17,
        16,
        18,
        20,
        21,
        19,
        22
      ]
    },
    "LFT": {
      "makespan": 63,
      "execution_time": 0.00037860870361328125,
      "schedule": {
        "1": [
          0,
          0
        ],
        "2": [
          0,
          6
        ],
        "3": [
          0,
          9
        ],
        "4": [
          0,
          7
        ],
        "6": [
          9,
          15
        ],
        "5": [
          7,
          12
        ],
        "7": [
          6,
          7
        ],
        "8": [
          12,
          13
        ],
        "10": [
          15,
          24
        ],
        "12": [
          24,
          33
        ],
        "13": [
          13,
          19
        ],
        "14": [
          33,
          35
        ],
        "15": [
          33,
          40
        ],
        "17": [
          40,
          41
        ],
        "9": [
          41,
          48
        ],
        "11": [
          48,
          58
        ],
        "16": [
          40,
          43
        ],
        "18": [
          43,
          48
        ],
        "19": [
          58,
          61
        ],
        "20": [
          58,
          63
        ],
        "21": [
          58,
          62
        ],
        "22": [
          63,
          63
        ]
      },
      "activity_order": [
        1,
        2,
        3,
        4,
        6,
        5,
        7,
        8,
        10,
        12,
        13,
        14,
        15,
        17,
        9,
        11,
        16,
        18,
        19,
        20,
        21,
        22
      ]
    },
    "MTS": {
      "makespan": 56,
      "execution_time": 0.0003561973571777344,
      "schedule": {
        "1": [
          0,
          0
        ],
        "2": [
          0,
          6
        ],
        "4": [
          0,
          7
        ],
        "5": [
          7,
          12
        ],
        "3": [
          0,
          9
        ],
        "8": [
          12,
          13
        ],
        "7": [
          6,
          7
        ],
        "12": [
          9,
          18
        ],
        "6": [
          18,
          24
        ],
        "13": [
          13,
          19
        ],
        "15": [
          18,
          25
        ],
        "10": [
          24,
          33
        ],
        "14": [
          33,
          35
        ],
        "11": [
          33,
          43
        ],
        "17": [
          43,
          44
        ],
        "9": [
          44,
          51
        ],
        "16": [
          35,
          38
        ],
        "18": [
          44,
          49
        ],
        "19": [
          51,
          54
        ],
        "20": [
          51,
          56
        ],
        "21": [
          49,
          53
        ],
        "22": [
          56,
          56
        ]
      },
      "activity_order": [
        1,
        2,
        4,
        5,
        3,
        8,
        7,
        12,
        6,
        13,
        15,
        10,
        14,
        11,
        17,
        9,
        16,
        18,
        19,
        20,
        21,
        22
      ]
    },
    "TIMROS": {
      "makespan": 60,
      "execution_time": 0.00033593177795410156,
      "schedule": {
        "1": [
          0,
          0
        ],
        "3": [
          0,
          9
        ],
        "4": [
          0,
          7
        ],
        "12": [
          9,
          18
        ],
        "13": [
          9,
          15
        ],
        "2": [
          0,
          6
        ],
        "5": [
          15,
          20
        ],
        "6": [
          18,
          24
        ],
        "10": [
          24,
          33
        ],
        "8": [
          20,
          21
        ],
        "15": [
          21,
          28
        ],
        "7": [
          28,
          29
        ],
        "11": [
          33,
          43
        ],
        "9": [
          43,
          50
        ],
        "21": [
          43,
          47
        ],
        "14": [
          47,
          49
        ],
        "16": [
          49,
          52
        ],
        "20": [
          52,
          57
        ],
        "17": [
          50,
          51
        ],
        "18": [
          52,
          57
        ],
        "19": [
          57,
          60
        ],
        "22": [
          60,
          60
        ]
      },
      "activity_order": [
        1,
        3,
        4,
        12,
        13,
        2,
        5,
        6,
        10,
        8,
        15,
        7,
        11,
        9,
        21,
        14,
        16,
        20,
        17,
        18,
        19,
        22
      ]
    },
    "HRU1": {
      "makespan": 53,