{
  "instance": "inst_set1a_sf1_nc1.5_n20_m25_02",
  "results": {
    "HRPW*": {
      "makespan": 104,
      "execution_time": 0.000339508056640625,
      "schedule": {
        "1": [
          0,
          0
        ],
        "3": [
          0,
          4
        ],
        "2": [
          4,
          7
        ],
        "5": [
          7,
          9
        ],
        "10": [
          9,
          18
        ],
        "8": [
          18,
          22
        ],
        "6": [
          22,
          30
        ],
        "13": [
          30,
          35
        ],
        "12": [
          35,
          37
        ],
        "14": [
          37,
          46
        ],
        "9": [
          46,
          52
        ],
        "15": [
          52,
          54
        ],
        "4": [
          54,
          61
        ],
        "16": [
          61,
          62
        ],
        "17": [
          62,
          71
        ],
        "7": [
          71,
          79
        ],
        "18": [
          79,
          84
        ],
        "11": [
          84,
          85
        ],
        "19": [
          85,
          92
        ],
        "20": [
          92,
          98
        ],
        "21": [
          98,
          104
        ],
        "22": [
          104,
          104
        ]
      },
      "activity_order": [
        1,
        3,
        2,
        5,
        10,
        8,
        6,
        13,
        12,
        14,
        9,
        15,
        4,
        16,
        17,
        7,
        18,
        11,
        19,
        20,
        21,
        22
      ]
    },
    "LST": {
      "makespan": 104,
      "execution_time": 0.0003993511199951172,
      "schedule": {
        "1": [
          0,
          0
        ],
        "3": [
          0,
          4
        ],
        "2": [
          4,
          7
        ],
        "5": [
          7,
          9
        ],
        "10": [
          9,
          18
        ],
        "8": [
          18,
          22
        ],
        "6": [
          22,
          30
        ],
        "13": [
          30,
          35
        ],
        "12": [
          35,
          37
        ],
        "14": [
          37,
          46
        ],
        "9": [
          46,
          52
        ],
        "15": [
          52,
          54
        ],
        "4": [
          54,
          61
        ],
        "16": [
          61,
          62
        ],
        "17": [
          62,
          71
        ],
        "7": [
          71,
          79
        ],
        "18": [
          79,
          84
        ],
        "11": [
          84,
          85
        ],
        "19": [
          85,
          92
        ],
        "20": [
          92,
          98
        ],
        "21": [
          98,
          104
        ],
        "22": [
          104,
          104
        ]
      },
      "activity_order": [
        1,
        3,
        2,
        5,
        10,
        8,
        6,
        13,
        12,
        14,
        9,
        15,
        4,
        16,
        17,
        7,
        18,
        11,
        19,
        20,
        21,
        22
      ]
    },
    "LFT": {
      "makespan": 104,
      "execution_time": 0.0003323554992675781,
      "schedule": {
        "1": [
          0,
          0
        ],
        "2": [
          0,
          3
        ],
        "3": [
          3,
          7
        ],
        "5": [
          7,
          9
        ],
        "8": [
          9,
          13
        ],
        "10": [
          13,
          22
        ],
        "6": [
          22,
          30
        ],
        "12": [
          30,
          32
        ],
        "13": [
          32,
          37
        ],
        "14": [
          37,
          46
        ],
        "9": [
          46,
          52
        ],
        "15": [
          52,
          54
        ],
        "16": [
          54,
          55
        ],
        "4": [
          55,
          62
        ],
        "17": [
          62,
          71
        ],
        "7": [
          71,
          79
        ],
        "18": [
          79,
          84
        ],
        "11": [
          84,
          85
        ],
        "19": [
          85,
          92
        ],
        "20": [
          92,
          98
        ],
        "21": [
          98,
          104
        ],
        "22": [
          104,
          104
        ]
      },
      "activity_order": [
        1,
        2,
        3,
        5,
        8,
        10,
        6,
        12,
        13,
        14,
        9,
        15,
        16,
        4,
        17,
        7,
        18,
        11,
        19,
        20,
        21,
        22
      ]
    },
    "MTS": {
      "makespan": 104,
      "execution_time": 0.000339508056640625,
      "schedule": {
        "1": [
          0,
          0
        ],
        "3": [
          0,
          4
        ],
        "2": [
          4,
          7
        ],
        "5": [
          7,
          9
        ],
        "10": [
          9,
          18
        ],
        "12": [
          18,
          20
        ],
        "6": [
          20,
          28
        ],
        "8": [
          28,
          32
        ],
        "13": [
          32,
          37
        ],
        "14": [
          37,
          46
        ],
        "16": [
          46,
          47
        ],
        "4": [
          47,
          54
        ],
        "9": [
          54,
          60
        ],
        "15": [
          60,
          62
        ],
        "17": [
          62,
          71
        ],
        "7": [
          71,
          79
        ],
        "11": [
          79,
          80
        ],
        "18": [
          80,
          85
        ],
        "19": [
          85,
          92
        ],
        "20": [
          92,
          98
        ],
        "21": [
          98,
          104
        ],
        "22": [
          104,
          104
        ]
      },
      "activity_order": [
        1,
        3,
        2,
        5,
        10,
        12,
        6,
        8,
        13,
        14,
        16,
        4,
        9,
        15,
        17,
        7,
        11,
        18,
        19,
        20,
        21,
        22
      ]
    },
    "TIMROS": {
      "makespan": 104,
      "execution_time": 0.0003807544708251953,
      "schedule": {
        "1": [
          0,
          0
        ],
        "4": [
          0,
          7
        ],
        "3": [
          7,
          11
        ],
        "10": [
          11,
          20
        ],
        "6": [
          20,
          28
        ],
        "7": [
          28,
          36
        ],
        "2": [
          36,
          39
        ],
        "9": [
          39,
          45
        ],
        "5": [
          45,
          47
        ],
        "8": [
          47,
          51
        ],
        "13": [
          51,
          56
        ],
        "12": [
          56,
          58
        ],
        "14": [
          58,
          67
        ],
        "15": [
          67,
          69
        ],
        "11": [
          69,
          70
        ],
        "20": [
          70,
          76
        ],
        "16": [
          76,
          77
        ],
        "17": [
          77,
          86
        ],
        "21": [
          86,
          92
        ],
        "18": [
          92,
          97
        ],
        "19": [
          97,
          104
        ],
        "22": [
          104,
          104
        ]
      },
      "activity_order": [
        1,
        4,
        3,
        10,
        6,
        7,
        2,
        9,
        5,
        8,
        13,
        12,
        14,
        15,
        11,
        20,
        16,
        17,
        21,
        18,
        19,
        22
      ]
    },