{
  "instance": "inst_set1a_sf0.5_nc1.8_n20_m13_00",
  "results": {
    "HRPW*": {
      "makespan": 124,
      "execution_time": 3.5762786865234375e-05,
      "schedule": {
        "1": [
          0,
          0
        ],
        "2": [
          0,
          8
        ],
        "3": [
          8,
          10
        ],
        "5": [
          10,
          19
        ],
        "4": [
          19,
          21
        ],
        "7": [
          21,
          30
        ],
        "11": [
          30,
          39
        ],
        "6": [
          39,
          42
        ],
        "8": [
          42,
          45
        ],
        "9": [
          45,
          53
        ],
        "10": [
          53,
          55
        ],
        "12": [
          55,
          64
        ],
        "13": [
          64,
          72
        ],
        "14": [
          72,
          80
        ],
        "16": [
          80,
          88
        ],
        "17": [
          88,
          92
        ],
        "15": [
          92,
          96
        ],
        "18": [
          96,
          99
        ],
        "19": [
          99,
          108
        ],
        "20": [
          108,
          116
        ],
        "21": [
          116,
          124
        ],
        "22": [
          124,
          124
        ]
      },
      "activity_order": [
        1,
        2,
        3,
        5,
        4,
        7,
        11,
        6,
        8,
        9,
        10,
        12,
        13,
        14,
        16,
        17,
        15,
        18,
        19,
        20,
        21,
        22
      ]
    },
    "LST": {
      "makespan": 124,
      "execution_time": 3.457069396972656e-05,
      "schedule": {
        "1": [
          0,
          0
        ],
        "2": [
          0,
          8
        ],
        "3": [
          8,
          10
        ],
        "5": [
          10,
          19
        ],
        "4": [
          19,
          21
        ],
        "7": [
          21,
          30
        ],
        "11": [
          30,
          39
        ],
        "6": [
          39,
          42
        ],
        "8": [
          42,
          45
        ],
        "9": [
          45,
          53
        ],
        "10": [
          53,
          55
        ],
        "12": [
          55,
          64
        ],
        "13": [
          64,
          72
        ],
        "14": [
          72,
          80
        ],
        "16": [
          80,
          88
        ],
        "17": [
          88,
          92
        ],
        "15": [
          92,
          96
        ],
        "18": [
          96,
          99
        ],
        "19": [
          99,
          108
        ],
        "20": [
          108,
          116
        ],
        "21": [
          116,
          124
        ],
        "22": [
          124,
          124
        ]
      },
      "activity_order": [
        1,
        2,
        3,
        5,
        4,
        7,
        11,
        6,
        8,
        9,
        10,
        12,
        13,
        14,
        16,
        17,
        15,
        18,
        19,
        20,
        21,
        22
      ]
    },
    "LFT": {
      "makespan": 124,
      "execution_time": 3.337860107421875e-05,
      "schedule": {
        "1": [
          0,
          0
        ],
        "3": [
          0,
          2
        ],
        "2": [
          2,
          10
        ],
        "4": [
          10,
          12
        ],
        "5": [
          12,
          21
        ],
        "6": [
          21,
          24
        ],
        "7": [
          24,
          33
        ],
        "8": [
          33,
          36
        ],
        "10": [
          36,
          38
        ],
        "11": [
          38,
          47
        ],
        "9": [
          47,
          55
        ],
        "17": [
          55,
          59
        ],
        "12": [
          59,
          68
        ],
        "13": [
          68,
          76
        ],
        "18": [
          76,
          79
        ],
        "14": [
          79,
          87
        ],
        "15": [
          87,
          91
        ],
        "16": [
          91,
          99
        ],
        "19": [
          99,
          108
        ],
        "20": [
          108,
          116
        ],
        "21": [
          116,
          124
        ],
        "22": [
          124,
          124
        ]
      },
      "activity_order": [
        1,
        3,
        2,
        4,
        5,
        6,
        7,
        8,
        10,
        11,
        9,
        17,
        12,
        13,
        18,
        14,
        15,
        16,
        19,
        20,
        21,
        22
      ]
    },
    "MTS": {
      "makespan": 124,
      "execution_time": 3.743171691894531e-05,
      "schedule": {
        "1": [
          0,
          0
        ],
        "3": [
          0,
          2
        ],
        "2": [
          2,
          10
        ],
        "4": [
          10,
          12
        ],
        "5": [
          12,
          21
        ],
        "6": [
          21,
          24
        ],
        "7": [
          24,
          33
        ],
        "11": [
          33,
          42
        ],
        "8": [
          42,
          45
        ],
        "10": [
          45,
          47
        ],
        "9": [
          47,
          55
        ],
        "13": [
          55,
          63
        ],
        "17": [
          63,
          67
        ],
        "12": [
          67,
          76
        ],
        "14": [
          76,
          84
        ],
        "15": [
          84,
          88
        ],
        "16": [
          88,
          96
        ],
        "18": [
          96,
          99
        ],
        "19": [
          99,
          108
        ],
        "20": [
          108,
          116
        ],
        "21": [
          116,
          124
        ],
        "22": [
          124,
          124
        ]
      },
      "activity_order": [
        1,
        3,
        2,
        4,
        5,
        6,
        7,
        11,
        8,
        10,
        9,
        13,
        17,
        12,
        14,
        15,
        16,
        18,
        19,
        20,
        21,
        22
      ]
    },
    "TIMROS": {
      "makespan": 124,
      "execution_time": 3.3855438232421875e-05,
      "schedule": {
        "1": [
          0,
          0
        ],
        "2": [
          0,
          8
        ],
        "17": [
          8,
          12
        ],
        "3": [
          12,
          14
        ],
        "5": [
          14,
          23
        ],
        "15": [
          23,
          27
        ],
        "4": [
          27,
          29
        ],
        "7": [
          29,
          38
        ],
        "11": [
          38,
          47
        ],
        "16": [
          47,
          55
        ],
        "20": [
          55,
          63
        ],
        "6": [
          63,
          66
        ],
        "14": [
          66,
          74
        ],
        "10": [
          74,
          76
        ],
        "13": [
          76,
          84
        ],
        "8": [
          84,
          87
        ],
        "21": [
          87,
          95
        ],
        "12": [
          95,
          104
        ],
        "9": [
          104,
          112
        ],
        "18": [
          112,
          115
        ],
        "19": [
          115,
          124
        ],
        "22": [
          124,
          124
        ]
      },