{
  "instance": "inst_set1a_sf0_nc2.1_n20_m20_04",
  "results": {
    "HRPW*": {
      "makespan": 106,
      "execution_time": 4.076957702636719e-05,
      "schedule": {
        "1": [
          0,
          0
        ],
        "3": [
          0,
          9
        ],
        "6": [
          9,
          18
        ],
        "4": [
          18,
          19
        ],
        "5": [
          19,
          21
        ],
        "7": [
          21,
          22
        ],
        "9": [
          22,
          27
        ],
        "2": [
          27,
          29
        ],
        "8": [
          29,
          34
        ],
        "12": [
          34,
          44
        ],
        "15": [
          44,
          53
        ],
        "11": [
          53,
          55
        ],
        "13": [
          55,
          60
        ],
        "10": [
          60,
          67
        ],
        "18": [
          67,
          74
        ],
        "16": [
          74,
          80
        ],
        "14": [
          80,
          84
        ],
        "17": [
          84,
          86
        ],
        "21": [
          86,
          95
        ],
        "20": [
          95,
          103
        ],
        "19": [
          103,
          106
        ],
        "22": [
          106,
          106
        ]
      },
      "activity_order": [
        1,
        3,
        6,
        4,
        5,
        7,
        9,
        2,
        8,
        12,
        15,
        11,
        13,
        10,
        18,
        16,
        14,
        17,
        21,
        20,
        19,
        22
      ]
    },
    "LST": {
      "makespan": 106,
      "execution_time": 3.6716461181640625e-05,
      "schedule": {
        "1": [
          0,
          0
        ],
        "3": [
          0,
          9
        ],
        "6": [
          9,
          18
        ],
        "4": [
          18,
          19
        ],
        "5": [
          19,
          21
        ],
        "7": [
          21,
          22
        ],
        "9": [
          22,
          27
        ],
        "2": [
          27,
          29
        ],
        "8": [
          29,
          34
        ],
        "12": [
          34,
          44
        ],
        "15": [
          44,
          53
        ],
        "11": [
          53,
          55
        ],
        "13": [
          55,
          60
        ],
        "10": [
          60,
          67
        ],
        "18": [
          67,
          74
        ],
        "16": [
          74,
          80
        ],
        "14": [
          80,
          84
        ],
        "17": [
          84,
          86
        ],
        "21": [
          86,
          95
        ],
        "20": [
          95,
          103
        ],
        "19": [
          103,
          106
        ],
        "22": [
          106,
          106
        ]
      },
      "activity_order": [
        1,
        3,
        6,
        4,
        5,
        7,
        9,
        2,
        8,
        12,
        15,
        11,
        13,
        10,
        18,
        16,
        14,
        17,
        21,
        20,
        19,
        22
      ]
    },
    "LFT": {
      "makespan": 106,
      "execution_time": 3.552436828613281e-05,
      "schedule": {
        "1": [
          0,
          0
        ],
        "3": [
          0,
          9
        ],
        "4": [
          9,
          10
        ],
        "5": [
          10,
          12
        ],
        "7": [
          12,
          13
        ],
        "6": [
          13,
          22
        ],
        "2": [
          22,
          24
        ],
        "9": [
          24,
          29
        ],
        "8": [
          29,
          34
        ],
        "11": [
          34,
          36
        ],
        "13": [
          36,
          41
        ],
        "15": [
          41,
          50
        ],
        "12": [
          50,
          60
        ],
        "10": [
          60,
          67
        ],
        "14": [
          67,
          71
        ],
        "16": [
          71,
          77
        ],
        "18": [
          77,
          84
        ],
        "17": [
          84,
          86
        ],
        "19": [
          86,
          89
        ],
        "20": [
          89,
          97
        ],
        "21": [
          97,
          106
        ],
        "22": [
          106,
          106
        ]
      },
      "activity_order": [
        1,
        3,
        4,
        5,
        7,
        6,
        2,
        9,
        8,
        11,
        13,
        15,
        12,
        10,
        14,
        16,
        18,
        17,
        19,
        20,
        21,
        22
      ]
    },
    "MTS": {
      "makespan": 106,
      "execution_time": 4.863739013671875e-05,
      "schedule": {
        "1": [
          0,
          0
        ],
        "3": [
          0,
          9
        ],
        "4": [
          9,
          10
        ],
        "5": [
          10,
          12
        ],
        "7": [
          12,
          13
        ],
        "2": [
          13,
          15
        ],
        "6": [
          15,
          24
        ],
        "9": [
          24,
          29
        ],
        "8": [
          29,
          34
        ],
        "11": [
          34,
          36
        ],
        "15": [
          36,
          45
        ],
        "10": [
          45,
          52
        ],
        "13": [
          52,
          57
        ],
        "12": [
          57,
          67
        ],
        "14": [
          67,
          71
        ],
        "16": [
          71,
          77
        ],
        "17": [
          77,
          79
        ],
        "18": [
          79,
          86
        ],
        "19": [
          86,
          89
        ],
        "20": [
          89,
          97
        ],
        "21": [
          97,
          106
        ],
        "22": [
          106,
          106
        ]
      },
      "activity_order": [
        1,
        3,
        4,
        5,
        7,
        2,
        6,
        9,
        8,
        11,
        15,
        10,
        13,
        12,
        14,
        16,
        17,
        18,
        19,
        20,
        21,
        22
      ]
    },
    "TIMROS": {
      "makespan": 106,
      "execution_time": 3.552436828613281e-05,
      "schedule": {
        "1": [
          0,
          0
        ],
        "3": [
          0,
          9
        ],
        "6": [
          9,
          18
        ],
        "2": [
          18,
          20
        ],
        "10": [
          20,
          27
        ],
        "5": [
          27,
          29
        ],
        "15": [
          29,
          38
        ],
        "4": [
          38,
          39
        ],
        "19": [
          39,
          42
        ],
        "17": [
          42,
          44
        ],
        "7": [
          44,
          45
        ],
        "9": [
          45,
          50
        ],
        "14": [
          50,
          54
        ],
        "12": [
          54,
          64
        ],
        "11": [
          64,
          66
        ],
        "8": [
          66,
          71
        ],
        "13": [
          71,
          76
        ],
        "20": [
          76,
          84
        ],
        "18": [
          84,
          91
        ],
        "16": [
          91,
          97
        ],
        "21": [
          97,
          106
        ],
        "22": [
          106,
          106
        ]
      },
      "activity_order": [
        1,
        3,
        6,
        2,
        10,
        5,
        15,
        4,
        19,
        17,
        7,
        9,
        14,
        12,
        11,
        8,
        13,
        20,
        18,
        16,
        21,
        22
      ]
    },