{
  "instance": "inst_set1a_sf0_nc2.1_n20_m20_01",
  "results": {
    "HRPW*": {
      "makespan": 107,
      "execution_time": 3.910064697265625e-05,
      "schedule": {
        "1": [
          0,
          0
        ],
        "4": [
          0,
          5
        ],
        "9": [
          5,
          15
        ],
        "2": [
          15,
          23
        ],
        "3": [
          23,
          27
        ],
        "13": [
          27,
          36
        ],
        "5": [
          36,
          42
        ],
        "11": [
          42,
          52
        ],
        "6": [
          52,
          54
        ],
        "8": [
          54,
          59
        ],
        "14": [
          59,
          67
        ],
        "7": [
          67,
          71
        ],
        "10": [
          71,
          74
        ],
        "15": [
          74,
          81
        ],
        "16": [
          81,
          85
        ],
        "12": [
          85,
          87
        ],
        "21": [
          87,
          95
        ],
        "17": [
          95,
          97
        ],
        "18": [
          97,
          98
        ],
        "20": [
          98,
          103
        ],
        "19": [
          103,
          107
        ],
        "22": [
          107,
          107
        ]
      },
      "activity_order": [
        1,
        4,
        9,
        2,
        3,
        13,
        5,
        11,
        6,
        8,
        14,
        7,
        10,
        15,
        16,
        12,
        21,
        17,
        18,
        20,
        19,
        22
      ]
    },
    "LST": {
      "makespan": 107,
      "execution_time": 3.695487976074219e-05,
      "schedule": {
        "1": [
          0,
          0
        ],
        "4": [
          0,
          5
        ],
        "9": [
          5,
          15
        ],
        "2": [
          15,
          23
        ],
        "3": [
          23,
          27
        ],
        "13": [
          27,
          36
        ],
        "5": [
          36,
          42
        ],
        "11": [
          42,
          52
        ],
        "6": [
          52,
          54
        ],
        "8": [
          54,
          59
        ],
        "14": [
          59,
          67
        ],
        "7": [
          67,
          71
        ],
        "10": [
          71,
          74
        ],
        "15": [
          74,
          81
        ],
        "16": [
          81,
          85
        ],
        "12": [
          85,
          87
        ],
        "21": [
          87,
          95
        ],
        "17": [
          95,
          97
        ],
        "18": [
          97,
          98
        ],
        "20": [
          98,
          103
        ],
        "19": [
          103,
          107
        ],
        "22": [
          107,
          107
        ]
      },
      "activity_order": [
        1,
        4,
        9,
        2,
        3,
        13,
        5,
        11,
        6,
        8,
        14,
        7,
        10,
        15,
        16,
        12,
        21,
        17,
        18,
        20,
        19,
        22
      ]
    },
    "LFT": {
      "makespan": 107,
      "execution_time": 4.076957702636719e-05,
      "schedule": {
        "1": [
          0,
          0
        ],
        "4": [
          0,
          5
        ],
        "2": [
          5,
          13
        ],
        "9": [
          13,
          23
        ],
        "3": [
          23,
          27
        ],
        "6": [
          27,
          29
        ],
        "13": [
          29,
          38
        ],
        "5": [
          38,
          44
        ],
        "7": [
          44,
          48
        ],
        "8": [
          48,
          53
        ],
        "10": [
          53,
          56
        ],
        "11": [
          56,
          66
        ],
        "12": [
          66,
          68
        ],
        "14": [
          68,
          76
        ],
        "16": [
          76,
          80
        ],
        "17": [
          80,
          82
        ],
        "18": [
          82,
          83
        ],
        "15": [
          83,
          90
        ],
        "19": [
          90,
          94
        ],
        "20": [
          94,
          99
        ],
        "21": [
          99,
          107
        ],
        "22": [
          107,
          107
        ]
      },
      "activity_order": [
        1,
        4,
        2,
        9,
        3,
        6,
        13,
        5,
        7,
        8,
        10,
        11,
        12,
        14,
        16,
        17,
        18,
        15,
        19,
        20,
        21,
        22
      ]
    },
    "MTS": {
      "makespan": 107,
      "execution_time": 3.6716461181640625e-05,
      "schedule": {
        "1": [
          0,
          0
        ],
        "4": [
          0,
          5
        ],
        "2": [
          5,
          13
        ],
        "3": [
          13,
          17
        ],
        "9": [
          17,
          27
        ],
        "6": [
          27,
          29
        ],
        "5": [
          29,
          35
        ],
        "8": [
          35,
          40
        ],
        "11": [
          40,
          50
        ],
        "13": [
          50,
          59
        ],
        "14": [
          59,
          67
        ],
        "16": [
          67,
          71
        ],
        "7": [
          71,
          75
        ],
        "10": [
          75,
          78
        ],
        "12": [
          78,
          80
        ],
        "18": [
          80,
          81
        ],
        "15": [
          81,
          88
        ],
        "17": [
          88,
          90
        ],
        "19": [
          90,
          94
        ],
        "20": [
          94,
          99
        ],
        "21": [
          99,
          107
        ],
        "22": [
          107,
          107
        ]
      },
      "activity_order": [
        1,
        4,
        2,
        3,
        9,
        6,
        5,
        8,
        11,
        13,
        14,
        16,
        7,
        10,
        12,
        18,
        15,
        17,
        19,
        20,
        21,
        22
      ]
    },
    "TIMROS": {
      "makespan": 107,
      "execution_time": 3.719329833984375e-05,
      "schedule": {
        "1": [
          0,
          0
        ],
        "4": [
          0,
          5
        ],
        "9": [
          5,
          15
        ],
        "3": [
          15,
          19
        ],
        "16": [
          19,
          23
        ],
        "5": [
          23,
          29
        ],
        "2": [
          29,
          37
        ],
        "11": [
          37,
          47
        ],
        "13": [
          47,
          56
        ],
        "14": [
          56,
          64
        ],
        "6": [
          64,
          66
        ],
        "8": [
          66,
          71
        ],
        "7": [
          71,
          75
        ],
        "12": [
          75,
          77
        ],
        "21": [
          77,
          85
        ],
        "17": [
          85,
          87
        ],
        "10": [
          87,
          90
        ],
        "15": [
          90,
          97
        ],
        "18": [
          97,
          98
        ],
        "19": [
          98,
          102
        ],
        "20": [
          102,
          107
        ],
        "22": [
          107,
          107
        ]
      },
      "activity_order": [
        1,
        4,
        9,
        3,
        16,
        5,
        2,
        11,
        13,
        14,
        6,
        8,
        7,
        12,
        21,
        17,
        10,
        15,
        18,
        19,
        20,
        22
      ]
    },