{
  "instance": "inst_set1a_sf0.75_nc1.5_n20_m20_02",
  "results": {
    "HRPW*": {
      "makespan": 62,
      "execution_time": 0.0006585121154785156,
      "schedule": {
        "1": [
          0,
          0
        ],
        "4": [
          0,
          6
        ],
        "8": [
          6,
          15
        ],
        "3": [
          0,
          1
        ],
        "6": [
          1,
          9
        ],
        "5": [
          6,
          11
        ],
        "7": [
          1,
          11
        ],
        "15": [
          15,
          24
        ],
        "2": [
          15,
          19
        ],
        "10": [
          15,
          18
        ],
        "9": [
          18,
          20
        ],
        "13": [
          24,
          30
        ],
        "14": [
          20,
          30
        ],
        "12": [
          30,
          39
        ],
        "17": [
          39,
          45
        ],
        "16": [
          30,
          35
        ],
        "20": [
          45,
          54
        ],
        "11": [
          54,
          57
        ],
        "18": [
          39,
          42
        ],
        "19": [
          57,
          62
        ],
        "21": [
          30,
          31
        ],
        "22": [
          62,
          62
        ]
      },
      "activity_order": [
        1,
        4,
        8,
        3,
        6,
        5,
        7,
        15,
        2,
        10,
        9,
        13,
        14,
        12,
        17,
        16,
        20,
        11,
        18,
        19,
        21,
        22
      ]
    },
    "LST": {
      "makespan": 62,
      "execution_time": 0.0006496906280517578,
      "schedule": {
        "1": [
          0,
          0
        ],
        "4": [
          0,
          6
        ],
        "8": [
          6,
          15
        ],
        "3": [
          0,
          1
        ],
        "6": [
          1,
          9
        ],
        "5": [
          6,
          11
        ],
        "7": [
          1,
          11
        ],
        "15": [
          15,
          24
        ],
        "2": [
          15,
          19
        ],
        "10": [
          15,
          18
        ],
        "9": [
          18,
          20
        ],
        "13": [
          24,
          30
        ],
        "14": [
          20,
          30
        ],
        "12": [
          30,
          39
        ],
        "17": [
          39,
          45
        ],
        "16": [
          30,
          35
        ],
        "20": [
          45,
          54
        ],
        "11": [
          54,
          57
        ],
        "18": [
          39,
          42
        ],
        "19": [
          57,
          62
        ],
        "21": [
          30,
          31
        ],
        "22": [
          62,
          62
        ]
      },
      "activity_order": [
        1,
        4,
        8,
        3,
        6,
        5,
        7,
        15,
        2,
        10,
        9,
        13,
        14,
        12,
        17,
        16,
        20,
        11,
        18,
        19,
        21,
        22
      ]
    },
    "LFT": {
      "makespan": 52,
      "execution_time": 0.0006322860717773438,
      "schedule": {
        "1": [
          0,
          0
        ],
        "4": [
          0,
          6
        ],
        "3": [
          0,
          1
        ],
        "8": [
          6,
          15
        ],
        "5": [
          6,
          11
        ],
        "2": [
          15,
          19
        ],
        "6": [
          1,
          9
        ],
        "9": [
          11,
          13
        ],
        "10": [
          15,
          18
        ],
        "7": [
          1,
          11
        ],
        "15": [
          15,
          24
        ],
        "13": [
          24,
          30
        ],
        "14": [
          19,
          29
        ],
        "17": [
          29,
          35
        ],
        "12": [
          35,
          44
        ],
        "16": [
          30,
          35
        ],
        "11": [
          35,
          38
        ],
        "18": [
          44,
          47
        ],
        "19": [
          47,
          52
        ],
        "20": [
          38,
          47
        ],
        "21": [
          30,
          31
        ],
        "22": [
          52,
          52
        ]
      },
      "activity_order": [
        1,
        4,
        3,
        8,
        5,
        2,
        6,
        9,
        10,
        7,
        15,
        13,
        14,
        17,
        12,
        16,
        11,
        18,
        19,
        20,
        21,
        22
      ]
    },
    "MTS": {
      "makespan": 53,
      "execution_time": 0.0006346702575683594,
      "schedule": {
        "1": [
          0,
          0
        ],
        "4": [
          0,
          6
        ],
        "3": [
          0,
          1
        ],
        "8": [
          6,
          15
        ],
        "2": [
          15,
          19
        ],
        "5": [
          6,
          11
        ],
        "6": [
          1,
          9
        ],
        "9": [
          11,
          13
        ],
        "10": [
          15,
          18
        ],
        "13": [
          9,
          15
        ],
        "7": [
          15,
          25
        ],
        "12": [
          19,
          28
        ],
        "15": [
          25,
          34
        ],
        "16": [
          15,
          20
        ],
        "11": [
          20,
          23
        ],
        "14": [
          28,
          38
        ],
        "17": [
          38,
          44
        ],
        "18": [
          28,
          31
        ],
        "19": [
          44,
          49
        ],
        "20": [
          44,
          53
        ],
        "21": [
          34,
          35
        ],
        "22": [
          53,
          53
        ]
      },
      "activity_order": [
        1,
        4,
        3,
        8,
        2,
        5,
        6,
        9,
        10,
        13,
        7,
        12,
        15,
        16,
        11,
        14,
        17,
        18,
        19,
        20,
        21,
        22
      ]
    },
    "TIMROS": {
      "makespan": 72,
      "execution_time": 0.0006225109100341797,
      "schedule": {
        "1": [
          0,
          0
        ],
        "4": [
          0,
          6
        ],
        "5": [
          6,
          11
        ],
        "9": [
          11,
          13
        ],
        "11": [
          13,
          16
        ],
        "8": [
          6,
          15
        ],
        "15": [
          15,
          24
        ],
        "10": [
          15,
          18
        ],
        "3": [
          24,
          25
        ],
        "7": [
          25,
          35
        ],
        "6": [
          25,
          33
        ],
        "13": [
          35,
          41
        ],
        "16": [
          41,
          46
        ],
        "17": [
          35,
          41
        ],
        "21": [
          41,
          42
        ],
        "2": [
          41,
          45
        ],
        "14": [
          45,
          55
        ],
        "20": [
          55,
          64
        ],
        "12": [
          55,
          64
        ],
        "18": [
          64,
          67
        ],
        "19": [
          67,
          72
        ],
        "22": [
          72,
          72
        ]
      },
      "activity_order": [
        1,
        4,
        5,
        9,
        11,
        8,
        15,
        10,
        3,
        7,
        6,
        13,
        16,
        17,
        21,
        2,
        14,
        20,
        12,
        18,
        19,
        22
      ]
    },
    "HRU1": {
      "makespan": 49,