{
  "instance": "inst_set1a_sf0.75_nc2.1_n20_m20_03",
  "results": {
    "HRPW*": {
      "makespan": 110,
      "execution_time": 5.650520324707031e-05,
      "schedule": {
        "1": [
          0,
          0
        ],
        "3": [
          0,
          8
        ],
        "2": [
          8,
          18
        ],
        "4": [
          18,
          21
        ],
        "6": [
          21,
          26
        ],
        "7": [
          26,
          34
        ],
        "13": [
          34,
          38
        ],
        "8": [
          38,
          41
        ],
        "5": [
          41,
          43
        ],
        "14": [
          43,
          51
        ],
        "11": [
          51,
          60
        ],
        "15": [
          60,
          67
        ],
        "9": [
          67,
          74
        ],
        "16": [
          74,
          82
        ],
        "17": [
          82,
          85
        ],
        "18": [
          85,
          88
        ],
        "12": [
          88,
          90
        ],
        "10": [
          90,
          91
        ],
        "19": [
          91,
          98
        ],
        "20": [
          98,
          104
        ],
        "21": [
          104,
          110
        ],
        "22": [
          110,
          110
        ]
      },
      "activity_order": [
        1,
        3,
        2,
        4,
        6,
        7,
        13,
        8,
        5,
        14,
        11,
        15,
        9,
        16,
        17,
        18,
        12,
        10,
        19,
        20,
        21,
        22
      ]
    },
    "LST": {
      "makespan": 110,
      "execution_time": 4.7206878662109375e-05,
      "schedule": {
        "1": [
          0,
          0
        ],
        "3": [
          0,
          8
        ],
        "2": [
          8,
          18
        ],
        "4": [
          18,
          21
        ],
        "6": [
          21,
          26
        ],
        "7": [
          26,
          34
        ],
        "13": [
          34,
          38
        ],
        "8": [
          38,
          41
        ],
        "5": [
          41,
          43
        ],
        "14": [
          43,
          51
        ],
        "11": [
          51,
          60
        ],
        "15": [
          60,
          67
        ],
        "9": [
          67,
          74
        ],
        "16": [
          74,
          82
        ],
        "17": [
          82,
          85
        ],
        "18": [
          85,
          88
        ],
        "12": [
          88,
          90
        ],
        "10": [
          90,
          91
        ],
        "19": [
          91,
          98
        ],
        "20": [
          98,
          104
        ],
        "21": [
          104,
          110
        ],
        "22": [
          110,
          110
        ]
      },
      "activity_order": [
        1,
        3,
        2,
        4,
        6,
        7,
        13,
        8,
        5,
        14,
        11,
        15,
        9,
        16,
        17,
        18,
        12,
        10,
        19,
        20,
        21,
        22
      ]
    },
    "LFT": {
      "makespan": 110,
      "execution_time": 4.458427429199219e-05,
      "schedule": {
        "1": [
          0,
          0
        ],
        "3": [
          0,
          8
        ],
        "4": [
          8,
          11
        ],
        "6": [
          11,
          16
        ],
        "13": [
          16,
          20
        ],
        "2": [
          20,
          30
        ],
        "5": [
          30,
          32
        ],
        "8": [
          32,
          35
        ],
        "7": [
          35,
          43
        ],
        "14": [
          43,
          51
        ],
        "15": [
          51,
          58
        ],
        "9": [
          58,
          65
        ],
        "11": [
          65,
          74
        ],
        "17": [
          74,
          77
        ],
        "10": [
          77,
          78
        ],
        "12": [
          78,
          80
        ],
        "16": [
          80,
          88
        ],
        "18": [
          88,
          91
        ],
        "19": [
          91,
          98
        ],
        "20": [
          98,
          104
        ],
        "21": [
          104,
          110
        ],
        "22": [
          110,
          110
        ]
      },
      "activity_order": [
        1,
        3,
        4,
        6,
        13,
        2,
        5,
        8,
        7,
        14,
        15,
        9,
        11,
        17,
        10,
        12,
        16,
        18,
        19,
        20,
        21,
        22
      ]
    },
    "MTS": {
      "makespan": 110,
      "execution_time": 4.553794860839844e-05,
      "schedule": {
        "1": [
          0,
          0
        ],
        "3": [
          0,
          8
        ],
        "4": [
          8,
          11
        ],
        "6": [
          11,
          16
        ],
        "2": [
          16,
          26
        ],
        "5": [
          26,
          28
        ],
        "7": [
          28,
          36
        ],
        "8": [
          36,
          39
        ],
        "13": [
          39,
          43
        ],
        "11": [
          43,
          52
        ],
        "15": [
          52,
          59
        ],
        "9": [
          59,
          66
        ],
        "14": [
          66,
          74
        ],
        "17": [
          74,
          77
        ],
        "18": [
          77,
          80
        ],
        "10": [
          80,
          81
        ],
        "12": [
          81,
          83
        ],
        "16": [
          83,
          91
        ],
        "19": [
          91,
          98
        ],
        "20": [
          98,
          104
        ],
        "21": [
          104,
          110
        ],
        "22": [
          110,
          110
        ]
      },
      "activity_order": [
        1,
        3,
        4,
        6,
        2,
        5,
        7,
        8,
        13,
        11,
        15,
        9,
        14,
        17,
        18,
        10,
        12,
        16,
        19,
        20,
        21,
        22
      ]
    },
    "TIMROS": {
      "makespan": 110,
      "execution_time": 4.38690185546875e-05,
      "schedule": {
        "1": [
          0,
          0
        ],
        "2": [
          0,
          10
        ],
        "3": [
          10,
          18
        ],
        "6": [
          18,
          23
        ],
        "4": [
          23,
          26
        ],
        "7": [
          26,
          34
        ],
        "13": [
          34,
          38
        ],
        "14": [
          38,
          46
        ],
        "8": [
          46,
          49
        ],
        "15": [
          49,
          56
        ],
        "12": [
          56,
          58
        ],
        "5": [
          58,
          60
        ],
        "16": [
          60,
          68
        ],
        "9": [
          68,
          75
        ],
        "11": [
          75,
          84
        ],
        "19": [
          84,
          91
        ],
        "17": [
          91,
          94
        ],
        "18": [
          94,
          97
        ],
        "21": [
          97,
          103
        ],
        "10": [
          103,
          104
        ],
        "20": [
          104,
          110
        ],
        "22": [
          110,
          110
        ]
      },