{
  "instance": "inst_set1a_sf0_nc1.5_n20_m10_03",
  "results": {
    "HRPW*": {
      "makespan": 119,
      "execution_time": 6.461143493652344e-05,
      "schedule": {
        "1": [
          0,
          0
        ],
        "2": [
          0,
          9
        ],
        "4": [
          9,
          14
        ],
        "3": [
          14,
          20
        ],
        "5": [
          20,
          28
        ],
        "7": [
          28,
          30
        ],
        "10": [
          30,
          39
        ],
        "11": [
          39,
          48
        ],
        "6": [
          48,
          52
        ],
        "9": [
          52,
          61
        ],
        "8": [
          61,
          69
        ],
        "13": [
          69,
          70
        ],
        "14": [
          70,
          71
        ],
        "15": [
          71,
          77
        ],
        "16": [
          77,
          82
        ],
        "18": [
          82,
          85
        ],
        "12": [
          85,
          94
        ],
        "17": [
          94,
          97
        ],
        "20": [
          97,
          107
        ],
        "19": [
          107,
          116
        ],
        "21": [
          116,
          119
        ],
        "22": [
          119,
          119
        ]
      },
      "activity_order": [
        1,
        2,
        4,
        3,
        5,
        7,
        10,
        11,
        6,
        9,
        8,
        13,
        14,
        15,
        16,
        18,
        12,
        17,
        20,
        19,
        21,
        22
      ]
    },
    "LST": {
      "makespan": 119,
      "execution_time": 5.5789947509765625e-05,
      "schedule": {
        "1": [
          0,
          0
        ],
        "2": [
          0,
          9
        ],
        "4": [
          9,
          14
        ],
        "3": [
          14,
          20
        ],
        "5": [
          20,
          28
        ],
        "7": [
          28,
          30
        ],
        "10": [
          30,
          39
        ],
        "11": [
          39,
          48
        ],
        "6": [
          48,
          52
        ],
        "9": [
          52,
          61
        ],
        "8": [
          61,
          69
        ],
        "13": [
          69,
          70
        ],
        "14": [
          70,
          71
        ],
        "15": [
          71,
          77
        ],
        "16": [
          77,
          82
        ],
        "18": [
          82,
          85
        ],
        "12": [
          85,
          94
        ],
        "17": [
          94,
          97
        ],
        "20": [
          97,
          107
        ],
        "19": [
          107,
          116
        ],
        "21": [
          116,
          119
        ],
        "22": [
          119,
          119
        ]
      },
      "activity_order": [
        1,
        2,
        4,
        3,
        5,
        7,
        10,
        11,
        6,
        9,
        8,
        13,
        14,
        15,
        16,
        18,
        12,
        17,
        20,
        19,
        21,
        22
      ]
    },
    "LFT": {
      "makespan": 119,
      "execution_time": 4.792213439941406e-05,
      "schedule": {
        "1": [
          0,
          0
        ],
        "4": [
          0,
          5
        ],
        "3": [
          5,
          11
        ],
        "2": [
          11,
          20
        ],
        "7": [
          20,
          22
        ],
        "5": [
          22,
          30
        ],
        "6": [
          30,
          34
        ],
        "10": [
          34,
          43
        ],
        "11": [
          43,
          52
        ],
        "13": [
          52,
          53
        ],
        "14": [
          53,
          54
        ],
        "8": [
          54,
          62
        ],
        "9": [
          62,
          71
        ],
        "15": [
          71,
          77
        ],
        "16": [
          77,
          82
        ],
        "18": [
          82,
          85
        ],
        "17": [
          85,
          88
        ],
        "12": [
          88,
          97
        ],
        "19": [
          97,
          106
        ],
        "20": [
          106,
          116
        ],
        "21": [
          116,
          119
        ],
        "22": [
          119,
          119
        ]
      },
      "activity_order": [
        1,
        4,
        3,
        2,
        7,
        5,
        6,
        10,
        11,
        13,
        14,
        8,
        9,
        15,
        16,
        18,
        17,
        12,
        19,
        20,
        21,
        22
      ]
    },
    "MTS": {
      "makespan": 119,
      "execution_time": 4.649162292480469e-05,
      "schedule": {
        "1": [
          0,
          0
        ],
        "4": [
          0,
          5
        ],
        "2": [
          5,
          14
        ],
        "5": [
          14,
          22
        ],
        "3": [
          22,
          28
        ],
        "7": [
          28,
          30
        ],
        "11": [
          30,
          39
        ],
        "9": [
          39,
          48
        ],
        "10": [
          48,
          57
        ],
        "6": [
          57,
          61
        ],
        "13": [
          61,
          62
        ],
        "14": [
          62,
          63
        ],
        "8": [
          63,
          71
        ],
        "15": [
          71,
          77
        ],
        "16": [
          77,
          82
        ],
        "18": [
          82,
          85
        ],
        "12": [
          85,
          94
        ],
        "17": [
          94,
          97
        ],
        "19": [
          97,
          106
        ],
        "20": [
          106,
          116
        ],
        "21": [
          116,
          119
        ],
        "22": [
          119,
          119
        ]
      },
      "activity_order": [
        1,
        4,
        2,
        5,
        3,
        7,
        11,
        9,
        10,
        6,
        13,
        14,
        8,
        15,
        16,
        18,
        12,
        17,
        19,
        20,
        21,
        22
      ]
    },
    "TIMROS": {
      "makespan": 119,
      "execution_time": 4.744529724121094e-05,
      "schedule": {
        "1": [
          0,
          0
        ],
        "2": [
          0,
          9
        ],
        "11": [
          9,
          18
        ],
        "3": [
          18,
          24
        ],
        "4": [
          24,
          29
        ],
        "5": [
          29,
          37
        ],
        "9": [
          37,
          46
        ],
        "12": [
          46,
          55
        ],
        "6": [
          55,
          59
        ],
        "8": [
          59,
          67
        ],
        "18": [
          67,
          70
        ],
        "20": [
          70,
          80
        ],
        "21": [
          80,
          83
        ],
        "7": [
          83,
          85
        ],
        "10": [
          85,
          94
        ],
        "16": [
          94,
          99
        ],
        "13": [
          99,
          100
        ],
        "14": [
          100,
          101
        ],
        "15": [
          101,
          107
        ],
        "17": [
          107,
          110
        ],
        "19": [
          110,
          119
        ],
        "22": [
          119,
          119
        ]
      },