{
  "instance": "inst_set1a_sf0.5_nc2.1_n20_m13_01",
  "results": {
    "HRPW*": {
      "makespan": 106,
      "execution_time": 4.506111145019531e-05,
      "schedule": {
        "1": [
          0,
          0
        ],
        "2": [
          0,
          7
        ],
        "3": [
          7,
          15
        ],
        "10": [
          15,
          23
        ],
        "11": [
          23,
          31
        ],
        "9": [
          31,
          39
        ],
        "8": [
          39,
          41
        ],
        "13": [
          41,
          49
        ],
        "12": [
          49,
          56
        ],
        "5": [
          56,
          63
        ],
        "4": [
          63,
          69
        ],
        "14": [
          69,
          74
        ],
        "15": [
          74,
          80
        ],
        "16": [
          80,
          82
        ],
        "6": [
          82,
          85
        ],
        "18": [
          85,
          89
        ],
        "17": [
          89,
          91
        ],
        "7": [
          91,
          96
        ],
        "19": [
          96,
          101
        ],
        "20": [
          101,
          105
        ],
        "21": [
          105,
          106
        ],
        "22": [
          106,
          106
        ]
      },
      "activity_order": [
        1,
        2,
        3,
        10,
        11,
        9,
        8,
        13,
        12,
        5,
        4,
        14,
        15,
        16,
        6,
        18,
        17,
        7,
        19,
        20,
        21,
        22
      ]
    },
    "LST": {
      "makespan": 106,
      "execution_time": 4.291534423828125e-05,
      "schedule": {
        "1": [
          0,
          0
        ],
        "2": [
          0,
          7
        ],
        "3": [
          7,
          15
        ],
        "10": [
          15,
          23
        ],
        "11": [
          23,
          31
        ],
        "9": [
          31,
          39
        ],
        "8": [
          39,
          41
        ],
        "13": [
          41,
          49
        ],
        "12": [
          49,
          56
        ],
        "5": [
          56,
          63
        ],
        "4": [
          63,
          69
        ],
        "14": [
          69,
          74
        ],
        "15": [
          74,
          80
        ],
        "16": [
          80,
          82
        ],
        "6": [
          82,
          85
        ],
        "18": [
          85,
          89
        ],
        "17": [
          89,
          91
        ],
        "7": [
          91,
          96
        ],
        "19": [
          96,
          101
        ],
        "20": [
          101,
          105
        ],
        "21": [
          105,
          106
        ],
        "22": [
          106,
          106
        ]
      },
      "activity_order": [
        1,
        2,
        3,
        10,
        11,
        9,
        8,
        13,
        12,
        5,
        4,
        14,
        15,
        16,
        6,
        18,
        17,
        7,
        19,
        20,
        21,
        22
      ]
    },
    "LFT": {
      "makespan": 106,
      "execution_time": 4.0531158447265625e-05,
      "schedule": {
        "1": [
          0,
          0
        ],
        "2": [
          0,
          7
        ],
        "3": [
          7,
          15
        ],
        "8": [
          15,
          17
        ],
        "10": [
          17,
          25
        ],
        "11": [
          25,
          33
        ],
        "9": [
          33,
          41
        ],
        "12": [
          41,
          48
        ],
        "13": [
          48,
          56
        ],
        "5": [
          56,
          63
        ],
        "4": [
          63,
          69
        ],
        "14": [
          69,
          74
        ],
        "16": [
          74,
          76
        ],
        "6": [
          76,
          79
        ],
        "15": [
          79,
          85
        ],
        "17": [
          85,
          87
        ],
        "18": [
          87,
          91
        ],
        "7": [
          91,
          96
        ],
        "19": [
          96,
          101
        ],
        "20": [
          101,
          105
        ],
        "21": [
          105,
          106
        ],
        "22": [
          106,
          106
        ]
      },
      "activity_order": [
        1,
        2,
        3,
        8,
        10,
        11,
        9,
        12,
        13,
        5,
        4,
        14,
        16,
        6,
        15,
        17,
        18,
        7,
        19,
        20,
        21,
        22
      ]
    },
    "MTS": {
      "makespan": 106,
      "execution_time": 4.1961669921875e-05,
      "schedule": {
        "1": [
          0,
          0
        ],
        "3": [
          0,
          8
        ],
        "2": [
          8,
          15
        ],
        "10": [
          15,
          23
        ],
        "8": [
          23,
          25
        ],
        "11": [
          25,
          33
        ],
        "9": [
          33,
          41
        ],
        "4": [
          41,
          47
        ],
        "5": [
          47,
          54
        ],
        "13": [
          54,
          62
        ],
        "12": [
          62,
          69
        ],
        "14": [
          69,
          74
        ],
        "16": [
          74,
          76
        ],
        "15": [
          76,
          82
        ],
        "18": [
          82,
          86
        ],
        "6": [
          86,
          89
        ],
        "7": [
          89,
          94
        ],
        "17": [
          94,
          96
        ],
        "19": [
          96,
          101
        ],
        "20": [
          101,
          105
        ],
        "21": [
          105,
          106
        ],
        "22": [
          106,
          106
        ]
      },
      "activity_order": [
        1,
        3,
        2,
        10,
        8,
        11,
        9,
        4,
        5,
        13,
        12,
        14,
        16,
        15,
        18,
        6,
        7,
        17,
        19,
        20,
        21,
        22
      ]
    },
    "TIMROS": {
      "makespan": 106,
      "execution_time": 4.267692565917969e-05,
      "schedule": {
        "1": [
          0,
          0
        ],
        "2": [
          0,
          7
        ],
        "9": [
          7,
          15
        ],
        "10": [
          15,
          23
        ],
        "3": [
          23,
          31
        ],
        "11": [
          31,
          39
        ],
        "12": [
          39,
          46
        ],
        "8": [
          46,
          48
        ],
        "13": [
          48,
          56
        ],
        "14": [
          56,
          61
        ],
        "16": [
          61,
          63
        ],
        "5": [
          63,
          70
        ],
        "4": [
          70,
          76
        ],
        "7": [
          76,
          81
        ],
        "18": [
          81,
          85
        ],
        "6": [
          85,
          88
        ],
        "15": [
          88,
          94
        ],
        "20": [
          94,
          98
        ],
        "21": [
          98,
          99
        ],
        "17": [
          99,
          101
        ],
        "19": [
          101,
          106
        ],
        "22": [
          106,
          106
        ]
      },