{
  "instance": "inst_set1a_sf0_nc1.8_n20_m25_04",
  "results": {
    "HRPW*": {
      "makespan": 57,
      "execution_time": 0.0003268718719482422,
      "schedule": {
        "1": [
          0,
          0
        ],
        "2": [
          0,
          1
        ],
        "5": [
          1,
          10
        ],
        "6": [
          10,
          19
        ],
        "3": [
          0,
          7
        ],
        "10": [
          7,
          13
        ],
        "4": [
          13,
          18
        ],
        "7": [
          19,
          24
        ],
        "15": [
          18,
          23
        ],
        "8": [
          23,
          30
        ],
        "11": [
          30,
          37
        ],
        "17": [
          24,
          33
        ],
        "13": [
          13,
          18
        ],
        "16": [
          37,
          45
        ],
        "9": [
          24,
          26
        ],
        "14": [
          45,
          46
        ],
        "18": [
          46,
          49
        ],
        "12": [
          37,
          45
        ],
        "20": [
          49,
          57
        ],
        "19": [
          49,
          51
        ],
        "21": [
          49,
          51
        ],
        "22": [
          57,
          57
        ]
      },
      "activity_order": [
        1,
        2,
        5,
        6,
        3,
        10,
        4,
        7,
        15,
        8,
        11,
        17,
        13,
        16,
        9,
        14,
        18,
        12,
        20,
        19,
        21,
        22
      ]
    },
    "LST": {
      "makespan": 57,
      "execution_time": 0.00035834312438964844,
      "schedule": {
        "1": [
          0,
          0
        ],
        "2": [
          0,
          1
        ],
        "5": [
          1,
          10
        ],
        "6": [
          10,
          19
        ],
        "3": [
          0,
          7
        ],
        "10": [
          7,
          13
        ],
        "4": [
          13,
          18
        ],
        "7": [
          19,
          24
        ],
        "15": [
          18,
          23
        ],
        "8": [
          23,
          30
        ],
        "11": [
          30,
          37
        ],
        "17": [
          24,
          33
        ],
        "13": [
          13,
          18
        ],
        "16": [
          37,
          45
        ],
        "9": [
          24,
          26
        ],
        "14": [
          45,
          46
        ],
        "18": [
          46,
          49
        ],
        "12": [
          37,
          45
        ],
        "20": [
          49,
          57
        ],
        "19": [
          49,
          51
        ],
        "21": [
          49,
          51
        ],
        "22": [
          57,
          57
        ]
      },
      "activity_order": [
        1,
        2,
        5,
        6,
        3,
        10,
        4,
        7,
        15,
        8,
        11,
        17,
        13,
        16,
        9,
        14,
        18,
        12,
        20,
        19,
        21,
        22
      ]
    },
    "LFT": {
      "makespan": 57,
      "execution_time": 0.00033283233642578125,
      "schedule": {
        "1": [
          0,
          0
        ],
        "2": [
          0,
          1
        ],
        "5": [
          1,
          10
        ],
        "6": [
          10,
          19
        ],
        "4": [
          0,
          5
        ],
        "7": [
          19,
          24
        ],
        "10": [
          5,
          11
        ],
        "15": [
          11,
          16
        ],
        "3": [
          16,
          23
        ],
        "8": [
          23,
          30
        ],
        "13": [
          23,
          28
        ],
        "14": [
          30,
          31
        ],
        "9": [
          24,
          26
        ],
        "11": [
          31,
          38
        ],
        "16": [
          38,
          46
        ],
        "17": [
          24,
          33
        ],
        "18": [
          46,
          49
        ],
        "12": [
          38,
          46
        ],
        "19": [
          49,
          51
        ],
        "20": [
          49,
          57
        ],
        "21": [
          49,
          51
        ],
        "22": [
          57,
          57
        ]
      },
      "activity_order": [
        1,
        2,
        5,
        6,
        4,
        7,
        10,
        15,
        3,
        8,
        13,
        14,
        9,
        11,
        16,
        17,
        18,
        12,
        19,
        20,
        21,
        22
      ]
    },
    "MTS": {
      "makespan": 67,
      "execution_time": 0.0003962516784667969,
      "schedule": {
        "1": [
          0,
          0
        ],
        "2": [
          0,
          1
        ],
        "5": [
          1,
          10
        ],
        "6": [
          10,
          19
        ],
        "10": [
          1,
          7
        ],
        "3": [
          7,
          14
        ],
        "8": [
          14,
          21
        ],
        "13": [
          14,
          19
        ],
        "14": [
          21,
          22
        ],
        "4": [
          22,
          27
        ],
        "9": [
          19,
          21
        ],
        "15": [
          27,
          32
        ],
        "18": [
          32,
          35
        ],
        "7": [
          21,
          26
        ],
        "11": [
          35,
          42
        ],
        "16": [
          42,
          50
        ],
        "12": [
          42,
          50
        ],
        "17": [
          50,
          59
        ],
        "19": [
          59,
          61
        ],
        "20": [
          59,
          67
        ],
        "21": [
          50,
          52
        ],
        "22": [
          67,
          67
        ]
      },
      "activity_order": [
        1,
        2,
        5,
        6,
        10,
        3,
        8,
        13,
        14,
        4,
        9,
        15,
        18,
        7,
        11,
        16,
        12,
        17,
        19,
        20,
        21,
        22
      ]
    },
    "TIMROS": {
      "makespan": 57,
      "execution_time": 0.0015108585357666016,
      "schedule": {
        "1": [
          0,
          0
        ],
        "3": [
          0,
          7
        ],
        "4": [
          7,
          12
        ],
        "2": [
          0,
          1
        ],
        "8": [
          12,
          19
        ],
        "10": [
          19,
          25
        ],
        "16": [
          25,
          33
        ],
        "5": [
          1,
          10
        ],
        "15": [
          33,
          38
        ],
        "6": [
          10,
          19
        ],
        "11": [
          38,
          45
        ],
        "14": [
          45,
          46
        ],
        "13": [
          25,
          30
        ],
        "18": [
          46,
          49
        ],
        "7": [
          19,
          24
        ],
        "17": [
          38,
          47
        ],
        "20": [
          49,
          57
        ],
        "9": [
          24,
          26
        ],
        "12": [
          47,
          55
        ],
        "19": [
          55,
          57
        ],
        "21": [
          55,
          57
        ],
        "22": [
          57,
          57
        ]
      },
      "activity_order": [
        1,
        3,
        4,
        2,
        8,
        10,
        16,
        5,
        15,
        6,
        11,
        14,
        13,
        18,
        7,
        17,
        20,
        9,
        12,
        19,
        21,
        22
      ]
    },
    "HRU1": {
      "makespan": 71,