{
  "instance": "inst_set1a_sf1_nc1.5_n20_m20_02",
  "results": {
    "HRPW*": {
      "makespan": 99,
      "execution_time": 0.0003528594970703125,
      "schedule": {
        "1": [
          0,
          0
        ],
        "4": [
          0,
          5
        ],
        "5": [
          5,
          13
        ],
        "3": [
          13,
          20
        ],
        "10": [
          20,
          25
        ],
        "6": [
          25,
          28
        ],
        "9": [
          28,
          31
        ],
        "12": [
          31,
          38
        ],
        "15": [
          38,
          46
        ],
        "7": [
          46,
          51
        ],
        "2": [
          51,
          57
        ],
        "13": [
          57,
          61
        ],
        "8": [
          61,
          67
        ],
        "18": [
          67,
          75
        ],
        "16": [
          75,
          77
        ],
        "17": [
          77,
          79
        ],
        "20": [
          79,
          86
        ],
        "21": [
          86,
          93
        ],
        "11": [
          93,
          96
        ],
        "14": [
          96,
          97
        ],
        "19": [
          97,
          99
        ],
        "22": [
          99,
          99
        ]
      },
      "activity_order": [
        1,
        4,
        5,
        3,
        10,
        6,
        9,
        12,
        15,
        7,
        2,
        13,
        8,
        18,
        16,
        17,
        20,
        21,
        11,
        14,
        19,
        22
      ]
    },
    "LST": {
      "makespan": 99,
      "execution_time": 0.0003333091735839844,
      "schedule": {
        "1": [
          0,
          0
        ],
        "4": [
          0,
          5
        ],
        "5": [
          5,
          13
        ],
        "3": [
          13,
          20
        ],
        "10": [
          20,
          25
        ],
        "6": [
          25,
          28
        ],
        "9": [
          28,
          31
        ],
        "12": [
          31,
          38
        ],
        "15": [
          38,
          46
        ],
        "7": [
          46,
          51
        ],
        "2": [
          51,
          57
        ],
        "13": [
          57,
          61
        ],
        "8": [
          61,
          67
        ],
        "18": [
          67,
          75
        ],
        "16": [
          75,
          77
        ],
        "17": [
          77,
          79
        ],
        "20": [
          79,
          86
        ],
        "21": [
          86,
          93
        ],
        "11": [
          93,
          96
        ],
        "14": [
          96,
          97
        ],
        "19": [
          97,
          99
        ],
        "22": [
          99,
          99
        ]
      },
      "activity_order": [
        1,
        4,
        5,
        3,
        10,
        6,
        9,
        12,
        15,
        7,
        2,
        13,
        8,
        18,
        16,
        17,
        20,
        21,
        11,
        14,
        19,
        22
      ]
    },
    "LFT": {
      "makespan": 99,
      "execution_time": 0.0003192424774169922,
      "schedule": {
        "1": [
          0,
          0
        ],
        "4": [
          0,
          5
        ],
        "5": [
          5,
          13
        ],
        "3": [
          13,
          20
        ],
        "10": [
          20,
          25
        ],
        "6": [
          25,
          28
        ],
        "9": [
          28,
          31
        ],
        "12": [
          31,
          38
        ],
        "7": [
          38,
          43
        ],
        "13": [
          43,
          47
        ],
        "15": [
          47,
          55
        ],
        "2": [
          55,
          61
        ],
        "16": [
          61,
          63
        ],
        "17": [
          63,
          65
        ],
        "8": [
          65,
          71
        ],
        "11": [
          71,
          74
        ],
        "14": [
          74,
          75
        ],
        "18": [
          75,
          83
        ],
        "19": [
          83,
          85
        ],
        "20": [
          85,
          92
        ],
        "21": [
          92,
          99
        ],
        "22": [
          99,
          99
        ]
      },
      "activity_order": [
        1,
        4,
        5,
        3,
        10,
        6,
        9,
        12,
        7,
        13,
        15,
        2,
        16,
        17,
        8,
        11,
        14,
        18,
        19,
        20,
        21,
        22
      ]
    },
    "MTS": {
      "makespan": 99,
      "execution_time": 0.0003256797790527344,
      "schedule": {
        "1": [
          0,
          0
        ],
        "4": [
          0,
          5
        ],
        "3": [
          5,
          12
        ],
        "5": [
          12,
          20
        ],
        "6": [
          20,
          23
        ],
        "9": [
          23,
          26
        ],
        "10": [
          26,
          31
        ],
        "7": [
          31,
          36
        ],
        "12": [
          36,
          43
        ],
        "15": [
          43,
          51
        ],
        "8": [
          51,
          57
        ],
        "2": [
          57,
          63
        ],
        "11": [
          63,
          66
        ],
        "13": [
          66,
          70
        ],
        "14": [
          70,
          71
        ],
        "16": [
          71,
          73
        ],
        "17": [
          73,
          75
        ],
        "18": [
          75,
          83
        ],
        "19": [
          83,
          85
        ],
        "20": [
          85,
          92
        ],
        "21": [
          92,
          99
        ],
        "22": [
          99,
          99
        ]
      },
      "activity_order": [
        1,
        4,
        3,
        5,
        6,
        9,
        10,
        7,
        12,
        15,
        8,
        2,
        11,
        13,
        14,
        16,
        17,
        18,
        19,
        20,
        21,
        22
      ]
    },
    "TIMROS": {
      "makespan": 99,
      "execution_time": 0.0003223419189453125,
      "schedule": {
        "1": [
          0,
          0
        ],
        "3": [
          0,
          7
        ],
        "2": [
          7,
          13
        ],
        "4": [
          13,
          18
        ],
        "5": [
          18,
          26
        ],
        "7": [
          26,
          31
        ],
        "8": [
          31,
          37
        ],
        "10": [
          37,
          42
        ],
        "12": [
          42,
          49
        ],
        "13": [
          49,
          53
        ],
        "6": [
          53,
          56
        ],
        "9": [
          56,
          59
        ],
        "15": [
          59,
          67
        ],
        "18": [
          67,
          75
        ],
        "11": [
          75,
          78
        ],
        "16": [
          78,
          80
        ],
        "20": [
          80,
          87
        ],
        "17": [
          87,
          89
        ],
        "21": [
          89,
          96
        ],
        "14": [
          96,
          97
        ],
        "19": [
          97,
          99
        ],
        "22": [
          99,
          99
        ]
      },
      "activity_order": [
        1,
        3,
        2,
        4,
        5,
        7,
        8,
        10,
        12,
        13,
        6,
        9,
        15,
        18,
        11,
        16,
        20,
        17,
        21,
        14,
        19,
        22
      ]
    },