{
  "instance": "inst_set1a_sf0_nc1.5_n20_m10_02",
  "results": {
    "HRPW*": {
      "makespan": 98,
      "execution_time": 5.650520324707031e-05,
      "schedule": {
        "1": [
          0,
          0
        ],
        "4": [
          0,
          7
        ],
        "3": [
          7,
          9
        ],
        "11": [
          9,
          16
        ],
        "6": [
          16,
          21
        ],
        "2": [
          21,
          28
        ],
        "14": [
          28,
          34
        ],
        "5": [
          34,
          36
        ],
        "8": [
          36,
          42
        ],
        "7": [
          42,
          49
        ],
        "16": [
          49,
          58
        ],
        "12": [
          58,
          63
        ],
        "9": [
          63,
          70
        ],
        "15": [
          70,
          71
        ],
        "17": [
          71,
          75
        ],
        "13": [
          75,
          77
        ],
        "10": [
          77,
          78
        ],
        "18": [
          78,
          79
        ],
        "21": [
          79,
          86
        ],
        "19": [
          86,
          92
        ],
        "20": [
          92,
          98
        ],
        "22": [
          98,
          98
        ]
      },
      "activity_order": [
        1,
        4,
        3,
        11,
        6,
        2,
        14,
        5,
        8,
        7,
        16,
        12,
        9,
        15,
        17,
        13,
        10,
        18,
        21,
        19,
        20,
        22
      ]
    },
    "LST": {
      "makespan": 98,
      "execution_time": 4.76837158203125e-05,
      "schedule": {
        "1": [
          0,
          0
        ],
        "4": [
          0,
          7
        ],
        "3": [
          7,
          9
        ],
        "11": [
          9,
          16
        ],
        "6": [
          16,
          21
        ],
        "2": [
          21,
          28
        ],
        "14": [
          28,
          34
        ],
        "5": [
          34,
          36
        ],
        "8": [
          36,
          42
        ],
        "7": [
          42,
          49
        ],
        "16": [
          49,
          58
        ],
        "12": [
          58,
          63
        ],
        "9": [
          63,
          70
        ],
        "15": [
          70,
          71
        ],
        "17": [
          71,
          75
        ],
        "13": [
          75,
          77
        ],
        "10": [
          77,
          78
        ],
        "18": [
          78,
          79
        ],
        "21": [
          79,
          86
        ],
        "19": [
          86,
          92
        ],
        "20": [
          92,
          98
        ],
        "22": [
          98,
          98
        ]
      },
      "activity_order": [
        1,
        4,
        3,
        11,
        6,
        2,
        14,
        5,
        8,
        7,
        16,
        12,
        9,
        15,
        17,
        13,
        10,
        18,
        21,
        19,
        20,
        22
      ]
    },
    "LFT": {
      "makespan": 98,
      "execution_time": 4.9591064453125e-05,
      "schedule": {
        "1": [
          0,
          0
        ],
        "4": [
          0,
          7
        ],
        "3": [
          7,
          9
        ],
        "6": [
          9,
          14
        ],
        "11": [
          14,
          21
        ],
        "5": [
          21,
          23
        ],
        "2": [
          23,
          30
        ],
        "14": [
          30,
          36
        ],
        "8": [
          36,
          42
        ],
        "7": [
          42,
          49
        ],
        "12": [
          49,
          54
        ],
        "15": [
          54,
          55
        ],
        "16": [
          55,
          64
        ],
        "9": [
          64,
          71
        ],
        "10": [
          71,
          72
        ],
        "13": [
          72,
          74
        ],
        "17": [
          74,
          78
        ],
        "18": [
          78,
          79
        ],
        "19": [
          79,
          85
        ],
        "20": [
          85,
          91
        ],
        "21": [
          91,
          98
        ],
        "22": [
          98,
          98
        ]
      },
      "activity_order": [
        1,
        4,
        3,
        6,
        11,
        5,
        2,
        14,
        8,
        7,
        12,
        15,
        16,
        9,
        10,
        13,
        17,
        18,
        19,
        20,
        21,
        22
      ]
    },
    "MTS": {
      "makespan": 98,
      "execution_time": 5.221366882324219e-05,
      "schedule": {
        "1": [
          0,
          0
        ],
        "3": [
          0,
          2
        ],
        "6": [
          2,
          7
        ],
        "4": [
          7,
          14
        ],
        "5": [
          14,
          16
        ],
        "7": [
          16,
          23
        ],
        "8": [
          23,
          29
        ],
        "11": [
          29,
          36
        ],
        "2": [
          36,
          43
        ],
        "10": [
          43,
          44
        ],
        "12": [
          44,
          49
        ],
        "14": [
          49,
          55
        ],
        "9": [
          55,
          62
        ],
        "13": [
          62,
          64
        ],
        "15": [
          64,
          65
        ],
        "16": [
          65,
          74
        ],
        "17": [
          74,
          78
        ],
        "18": [
          78,
          79
        ],
        "19": [
          79,
          85
        ],
        "20": [
          85,
          91
        ],
        "21": [
          91,
          98
        ],
        "22": [
          98,
          98
        ]
      },
      "activity_order": [
        1,
        3,
        6,
        4,
        5,
        7,
        8,
        11,
        2,
        10,
        12,
        14,
        9,
        13,
        15,
        16,
        17,
        18,
        19,
        20,
        21,
        22
      ]
    },
    "TIMROS": {
      "makespan": 98,
      "execution_time": 4.649162292480469e-05,
      "schedule": {
        "1": [
          0,
          0
        ],
        "4": [
          0,
          7
        ],
        "11": [
          7,
          14
        ],
        "2": [
          14,
          21
        ],
        "5": [
          21,
          23
        ],
        "8": [
          23,
          29
        ],
        "12": [
          29,
          34
        ],
        "15": [
          34,
          35
        ],
        "3": [
          35,
          37
        ],
        "6": [
          37,
          42
        ],
        "7": [
          42,
          49
        ],
        "14": [
          49,
          55
        ],
        "16": [
          55,
          64
        ],
        "17": [
          64,
          68
        ],
        "19": [
          68,
          74
        ],
        "9": [
          74,
          81
        ],
        "10": [
          81,
          82
        ],
        "13": [
          82,
          84
        ],
        "21": [
          84,
          91
        ],
        "18": [
          91,
          92
        ],
        "20": [
          92,
          98
        ],
        "22": [
          98,
          98
        ]
      },
      "activity_order": [
        1,
        4,
        11,
        2,
        5,
        8,
        12,
        15,
        3,
        6,
        7,
        14,
        16,
        17,
        19,
        9,
        10,
        13,
        21,
        18,
        20,
        22
      ]
    },
    "HRU1": {
      "makespan": 98,