{
  "instance": "inst_set1a_sf0.75_nc1.5_n20_m25_01",
  "results": {
    "HRPW*": {
      "makespan": 66,
      "execution_time": 0.00036787986755371094,
      "schedule": {
        "1": [
          0,
          0
        ],
        "3": [
          0,
          4
        ],
        "4": [
          4,
          5
        ],
        "5": [
          5,
          13
        ],
        "2": [
          5,
          9
        ],
        "6": [
          4,
          8
        ],
        "7": [
          9,
          15
        ],
        "9": [
          13,
          22
        ],
        "11": [
          22,
          26
        ],
        "12": [
          15,
          19
        ],
        "10": [
          13,
          19
        ],
        "13": [
          26,
          35
        ],
        "16": [
          19,
          28
        ],
        "8": [
          26,
          35
        ],
        "15": [
          35,
          43
        ],
        "14": [
          28,
          31
        ],
        "17": [
          43,
          47
        ],
        "18": [
          35,
          36
        ],
        "21": [
          47,
          57
        ],
        "19": [
          57,
          66
        ],
        "20": [
          35,
          38
        ],
        "22": [
          66,
          66
        ]
      },
      "activity_order": [
        1,
        3,
        4,
        5,
        2,
        6,
        7,
        9,
        11,
        12,
        10,
        13,
        16,
        8,
        15,
        14,
        17,
        18,
        21,
        19,
        20,
        22
      ]
    },
    "LST": {
      "makespan": 66,
      "execution_time": 0.0005307197570800781,
      "schedule": {
        "1": [
          0,
          0
        ],
        "3": [
          0,
          4
        ],
        "4": [
          4,
          5
        ],
        "5": [
          5,
          13
        ],
        "2": [
          5,
          9
        ],
        "6": [
          4,
          8
        ],
        "7": [
          9,
          15
        ],
        "9": [
          13,
          22
        ],
        "11": [
          22,
          26
        ],
        "12": [
          15,
          19
        ],
        "10": [
          13,
          19
        ],
        "13": [
          26,
          35
        ],
        "16": [
          19,
          28
        ],
        "8": [
          26,
          35
        ],
        "15": [
          35,
          43
        ],
        "14": [
          28,
          31
        ],
        "17": [
          43,
          47
        ],
        "18": [
          35,
          36
        ],
        "21": [
          47,
          57
        ],
        "19": [
          57,
          66
        ],
        "20": [
          35,
          38
        ],
        "22": [
          66,
          66
        ]
      },
      "activity_order": [
        1,
        3,
        4,
        5,
        2,
        6,
        7,
        9,
        11,
        12,
        10,
        13,
        16,
        8,
        15,
        14,
        17,
        18,
        21,
        19,
        20,
        22
      ]
    },
    "LFT": {
      "makespan": 62,
      "execution_time": 0.0004184246063232422,
      "schedule": {
        "1": [
          0,
          0
        ],
        "4": [
          0,
          1
        ],
        "3": [
          1,
          5
        ],
        "2": [
          5,
          9
        ],
        "6": [
          5,
          9
        ],
        "5": [
          1,
          9
        ],
        "7": [
          9,
          15
        ],
        "9": [
          9,
          18
        ],
        "11": [
          18,
          22
        ],
        "12": [
          15,
          19
        ],
        "10": [
          9,
          15
        ],
        "13": [
          22,
          31
        ],
        "14": [
          19,
          22
        ],
        "16": [
          22,
          31
        ],
        "15": [
          22,
          30
        ],
        "17": [
          30,
          34
        ],
        "18": [
          31,
          32
        ],
        "8": [
          34,
          43
        ],
        "19": [
          43,
          52
        ],
        "20": [
          31,
          34
        ],
        "21": [
          52,
          62
        ],
        "22": [
          62,
          62
        ]
      },
      "activity_order": [
        1,
        4,
        3,
        2,
        6,
        5,
        7,
        9,
        11,
        12,
        10,
        13,
        14,
        16,
        15,
        17,
        18,
        8,
        19,
        20,
        21,
        22
      ]
    },
    "MTS": {
      "makespan": 57,
      "execution_time": 0.00034308433532714844,
      "schedule": {
        "1": [
          0,
          0
        ],
        "3": [
          0,
          4
        ],
        "4": [
          4,
          5
        ],
        "2": [
          5,
          9
        ],
        "6": [
          4,
          8
        ],
        "5": [
          5,
          13
        ],
        "7": [
          9,
          15
        ],
        "9": [
          13,
          22
        ],
        "11": [
          22,
          26
        ],
        "12": [
          15,
          19
        ],
        "13": [
          26,
          35
        ],
        "10": [
          13,
          19
        ],
        "14": [
          19,
          22
        ],
        "16": [
          22,
          31
        ],
        "8": [
          26,
          35
        ],
        "15": [
          35,
          43
        ],
        "17": [
          43,
          47
        ],
        "18": [
          35,
          36
        ],
        "19": [
          36,
          45
        ],
        "20": [
          35,
          38
        ],
        "21": [
          47,
          57
        ],
        "22": [
          57,
          57
        ]
      },
      "activity_order": [
        1,
        3,
        4,
        2,
        6,
        5,
        7,
        9,
        11,
        12,
        13,
        10,
        14,
        16,
        8,
        15,
        17,
        18,
        19,
        20,
        21,
        22
      ]
    },
    "TIMROS": {
      "makespan": 80,
      "execution_time": 0.00047898292541503906,
      "schedule": {
        "1": [
          0,
          0
        ],
        "2": [
          0,
          4
        ],
        "3": [
          4,
          8
        ],
        "6": [
          8,
          12
        ],
        "11": [
          12,
          16
        ],
        "10": [
          8,
          14
        ],
        "7": [
          12,
          18
        ],
        "8": [
          18,
          27
        ],
        "4": [
          8,
          9
        ],
        "15": [
          27,
          35
        ],
        "5": [
          14,
          22
        ],
        "9": [
          35,
          44
        ],
        "17": [
          44,
          48
        ],
        "13": [
          44,
          53
        ],
        "19": [
          53,
          62
        ],
        "12": [
          53,
          57
        ],
        "16": [
          57,
          66
        ],
        "14": [
          66,
          69
        ],
        "18": [
          69,
          70
        ],
        "21": [
          70,
          80
        ],
        "20": [
          69,
          72
        ],
        "22": [
          80,
          80
        ]
      },
      "activity_order": [
        1,
        2,
        3,
        6,
        11,
        10,
        7,
        8,
        4,
        15,
        5,
        9,
        17,
        13,
        19,
        12,
        16,
        14,
        18,
        21,
        20,
        22
      ]
    },
    "HRU1": {
      "makespan": 69,