{
  "instance": "inst_set1a_sf0.5_nc1.5_n20_m10_05",
  "results": {
    "HRPW*": {
      "makespan": 70,
      "execution_time": 0.00016236305236816406,
      "schedule": {
        "1": [
          0,
          0
        ],
        "4": [
          0,
          4
        ],
        "5": [
          4,
          10
        ],
        "3": [
          10,
          20
        ],
        "9": [
          20,
          26
        ],
        "8": [
          10,
          19
        ],
        "2": [
          0,
          1
        ],
        "7": [
          4,
          7
        ],
        "16": [
          26,
          31
        ],
        "10": [
          31,
          37
        ],
        "12": [
          37,
          43
        ],
        "6": [
          20,
          24
        ],
        "14": [
          43,
          47
        ],
        "15": [
          47,
          49
        ],
        "17": [
          49,
          59
        ],
        "13": [
          43,
          52
        ],
        "18": [
          59,
          68
        ],
        "11": [
          19,
          22
        ],
        "20": [
          68,
          70
        ],
        "19": [
          68,
          69
        ],
        "21": [
          59,
          60
        ],
        "22": [
          70,
          70
        ]
      },
      "activity_order": [
        1,
        4,
        5,
        3,
        9,
        8,
        2,
        7,
        16,
        10,
        12,
        6,
        14,
        15,
        17,
        13,
        18,
        11,
        20,
        19,
        21,
        22
      ]
    },
    "LST": {
      "makespan": 70,
      "execution_time": 0.0001728534698486328,
      "schedule": {
        "1": [
          0,
          0
        ],
        "4": [
          0,
          4
        ],
        "5": [
          4,
          10
        ],
        "3": [
          10,
          20
        ],
        "9": [
          20,
          26
        ],
        "8": [
          10,
          19
        ],
        "2": [
          0,
          1
        ],
        "7": [
          4,
          7
        ],
        "16": [
          26,
          31
        ],
        "10": [
          31,
          37
        ],
        "12": [
          37,
          43
        ],
        "6": [
          20,
          24
        ],
        "14": [
          43,
          47
        ],
        "15": [
          47,
          49
        ],
        "17": [
          49,
          59
        ],
        "13": [
          43,
          52
        ],
        "18": [
          59,
          68
        ],
        "11": [
          19,
          22
        ],
        "20": [
          68,
          70
        ],
        "19": [
          68,
          69
        ],
        "21": [
          59,
          60
        ],
        "22": [
          70,
          70
        ]
      },
      "activity_order": [
        1,
        4,
        5,
        3,
        9,
        8,
        2,
        7,
        16,
        10,
        12,
        6,
        14,
        15,
        17,
        13,
        18,
        11,
        20,
        19,
        21,
        22
      ]
    },
    "LFT": {
      "makespan": 70,
      "execution_time": 0.0001819133758544922,
      "schedule": {
        "1": [
          0,
          0
        ],
        "4": [
          0,
          4
        ],
        "5": [
          4,
          10
        ],
        "2": [
          0,
          1
        ],
        "9": [
          10,
          16
        ],
        "3": [
          16,
          26
        ],
        "7": [
          4,
          7
        ],
        "15": [
          26,
          28
        ],
        "16": [
          28,
          33
        ],
        "6": [
          26,
          30
        ],
        "8": [
          10,
          19
        ],
        "10": [
          33,
          39
        ],
        "12": [
          39,
          45
        ],
        "14": [
          45,
          49
        ],
        "11": [
          19,
          22
        ],
        "17": [
          49,
          59
        ],
        "13": [
          45,
          54
        ],
        "18": [
          59,
          68
        ],
        "19": [
          68,
          69
        ],
        "20": [
          68,
          70
        ],
        "21": [
          59,
          60
        ],
        "22": [
          70,
          70
        ]
      },
      "activity_order": [
        1,
        4,
        5,
        2,
        9,
        3,
        7,
        15,
        16,
        6,
        8,
        10,
        12,
        14,
        11,
        17,
        13,
        18,
        19,
        20,
        21,
        22
      ]
    },
    "MTS": {
      "makespan": 70,
      "execution_time": 0.00016355514526367188,
      "schedule": {
        "1": [
          0,
          0
        ],
        "4": [
          0,
          4
        ],
        "3": [
          4,
          14
        ],
        "5": [
          14,
          20
        ],
        "7": [
          4,
          7
        ],
        "2": [
          0,
          1
        ],
        "9": [
          20,
          26
        ],
        "15": [
          26,
          28
        ],
        "16": [
          28,
          33
        ],
        "6": [
          14,
          18
        ],
        "8": [
          20,
          29
        ],
        "10": [
          33,
          39
        ],
        "12": [
          39,
          45
        ],
        "14": [
          45,
          49
        ],
        "17": [
          49,
          59
        ],
        "11": [
          29,
          32
        ],
        "13": [
          45,
          54
        ],
        "18": [
          59,
          68
        ],
        "19": [
          68,
          69
        ],
        "20": [
          68,
          70
        ],
        "21": [
          59,
          60
        ],
        "22": [
          70,
          70
        ]
      },
      "activity_order": [
        1,
        4,
        3,
        5,
        7,
        2,
        9,
        15,
        16,
        6,
        8,
        10,
        12,
        14,
        17,
        11,
        13,
        18,
        19,
        20,
        21,
        22
      ]
    },
    "TIMROS": {
      "makespan": 80,
      "execution_time": 0.00016045570373535156,
      "schedule": {
        "1": [
          0,
          0
        ],
        "3": [
          0,
          10
        ],
        "4": [
          10,
          14
        ],
        "5": [
          14,
          20
        ],
        "8": [
          20,
          29
        ],
        "9": [
          20,
          26
        ],
        "12": [
          26,
          32
        ],
        "16": [
          32,
          37
        ],
        "6": [
          10,
          14
        ],
        "7": [
          14,
          17
        ],
        "14": [
          37,
          41
        ],
        "18": [
          41,
          50
        ],
        "11": [
          29,
          32
        ],
        "15": [
          50,
          52
        ],
        "17": [
          52,
          62
        ],
        "20": [
          62,
          64
        ],
        "2": [
          14,
          15
        ],
        "10": [
          64,
          70
        ],
        "13": [
          70,
          79
        ],
        "19": [
          79,
          80
        ],
        "21": [
          62,
          63
        ],
        "22": [
          80,
          80
        ]
      },
      "activity_order": [
        1,
        3,
        4,
        5,
        8,
        9,
        12,
        16,
        6,
        7,
        14,
        18,
        11,
        15,
        17,
        20,
        2,
        10,
        13,
        19,
        21,
        22
      ]
    },
    "HRU1": {
      "makespan": 70,