{
  "instance": "inst_set1a_sf0.75_nc2.1_n20_m25_05",
  "results": {
    "HRPW*": {
      "makespan": 100,
      "execution_time": 4.1961669921875e-05,
      "schedule": {
        "1": [
          0,
          0
        ],
        "2": [
          0,
          2
        ],
        "5": [
          2,
          5
        ],
        "8": [
          5,
          13
        ],
        "11": [
          13,
          21
        ],
        "3": [
          21,
          23
        ],
        "7": [
          23,
          27
        ],
        "9": [
          27,
          32
        ],
        "4": [
          32,
          35
        ],
        "10": [
          35,
          36
        ],
        "13": [
          36,
          42
        ],
        "12": [
          42,
          47
        ],
        "15": [
          47,
          52
        ],
        "18": [
          52,
          61
        ],
        "6": [
          61,
          71
        ],
        "14": [
          71,
          78
        ],
        "17": [
          78,
          85
        ],
        "19": [
          85,
          93
        ],
        "16": [
          93,
          94
        ],
        "20": [
          94,
          99
        ],
        "21": [
          99,
          100
        ],
        "22": [
          100,
          100
        ]
      },
      "activity_order": [
        1,
        2,
        5,
        8,
        11,
        3,
        7,
        9,
        4,
        10,
        13,
        12,
        15,
        18,
        6,
        14,
        17,
        19,
        16,
        20,
        21,
        22
      ]
    },
    "LST": {
      "makespan": 100,
      "execution_time": 4.029273986816406e-05,
      "schedule": {
        "1": [
          0,
          0
        ],
        "2": [
          0,
          2
        ],
        "5": [
          2,
          5
        ],
        "8": [
          5,
          13
        ],
        "11": [
          13,
          21
        ],
        "3": [
          21,
          23
        ],
        "7": [
          23,
          27
        ],
        "9": [
          27,
          32
        ],
        "4": [
          32,
          35
        ],
        "10": [
          35,
          36
        ],
        "13": [
          36,
          42
        ],
        "12": [
          42,
          47
        ],
        "15": [
          47,
          52
        ],
        "18": [
          52,
          61
        ],
        "6": [
          61,
          71
        ],
        "14": [
          71,
          78
        ],
        "17": [
          78,
          85
        ],
        "19": [
          85,
          93
        ],
        "16": [
          93,
          94
        ],
        "20": [
          94,
          99
        ],
        "21": [
          99,
          100
        ],
        "22": [
          100,
          100
        ]
      },
      "activity_order": [
        1,
        2,
        5,
        8,
        11,
        3,
        7,
        9,
        4,
        10,
        13,
        12,
        15,
        18,
        6,
        14,
        17,
        19,
        16,
        20,
        21,
        22
      ]
    },
    "LFT": {
      "makespan": 100,
      "execution_time": 3.719329833984375e-05,
      "schedule": {
        "1": [
          0,
          0
        ],
        "2": [
          0,
          2
        ],
        "5": [
          2,
          5
        ],
        "3": [
          5,
          7
        ],
        "4": [
          7,
          10
        ],
        "7": [
          10,
          14
        ],
        "8": [
          14,
          22
        ],
        "9": [
          22,
          27
        ],
        "10": [
          27,
          28
        ],
        "11": [
          28,
          36
        ],
        "12": [
          36,
          41
        ],
        "13": [
          41,
          47
        ],
        "15": [
          47,
          52
        ],
        "18": [
          52,
          61
        ],
        "14": [
          61,
          68
        ],
        "6": [
          68,
          78
        ],
        "16": [
          78,
          79
        ],
        "17": [
          79,
          86
        ],
        "19": [
          86,
          94
        ],
        "20": [
          94,
          99
        ],
        "21": [
          99,
          100
        ],
        "22": [
          100,
          100
        ]
      },
      "activity_order": [
        1,
        2,
        5,
        3,
        4,
        7,
        8,
        9,
        10,
        11,
        12,
        13,
        15,
        18,
        14,
        6,
        16,
        17,
        19,
        20,
        21,
        22
      ]
    },
    "MTS": {
      "makespan": 100,
      "execution_time": 4.649162292480469e-05,
      "schedule": {
        "1": [
          0,
          0
        ],
        "2": [
          0,
          2
        ],
        "3": [
          2,
          4
        ],
        "5": [
          4,
          7
        ],
        "7": [
          7,
          11
        ],
        "9": [
          11,
          16
        ],
        "4": [
          16,
          19
        ],
        "8": [
          19,
          27
        ],
        "11": [
          27,
          35
        ],
        "10": [
          35,
          36
        ],
        "13": [
          36,
          42
        ],
        "12": [
          42,
          47
        ],
        "14": [
          47,
          54
        ],
        "6": [
          54,
          64
        ],
        "15": [
          64,
          69
        ],
        "18": [
          69,
          78
        ],
        "16": [
          78,
          79
        ],
        "17": [
          79,
          86
        ],
        "19": [
          86,
          94
        ],
        "20": [
          94,
          99
        ],
        "21": [
          99,
          100
        ],
        "22": [
          100,
          100
        ]
      },
      "activity_order": [
        1,
        2,
        3,
        5,
        7,
        9,
        4,
        8,
        11,
        10,
        13,
        12,
        14,
        6,
        15,
        18,
        16,
        17,
        19,
        20,
        21,
        22
      ]
    },
    "TIMROS": {
      "makespan": 100,
      "execution_time": 3.838539123535156e-05,
      "schedule": {
        "1": [
          0,
          0
        ],
        "4": [
          0,
          3
        ],
        "2": [
          3,
          5
        ],
        "8": [
          5,
          13
        ],
        "5": [
          13,
          16
        ],
        "11": [
          16,
          24
        ],
        "3": [
          24,
          26
        ],
        "6": [
          26,
          36
        ],
        "9": [
          36,
          41
        ],
        "12": [
          41,
          46
        ],
        "7": [
          46,
          50
        ],
        "14": [
          50,
          57
        ],
        "13": [
          57,
          63
        ],
        "18": [
          63,
          72
        ],
        "19": [
          72,
          80
        ],
        "10": [
          80,
          81
        ],
        "15": [
          81,
          86
        ],
        "17": [
          86,
          93
        ],
        "16": [
          93,
          94
        ],
        "20": [
          94,
          99
        ],
        "21": [
          99,
          100
        ],
        "22": [
          100,
          100
        ]
      },
      "activity_order": [
        1,
        4,
        2,
        8,
        5,
        11,
        3,
        6,
        9,
        12,
        7,
        14,
        13,
        18,
        19,
        10,
        15,
        17,
        16,
        20,
        21,
        22
      ]
    },