{
  "instance": "inst_set1a_sf0.75_nc1.8_n20_m20_02",
  "results": {
    "HRPW*": {
      "makespan": 114,
      "execution_time": 8.988380432128906e-05,
      "schedule": {
        "1": [
          0,
          0
        ],
        "2": [
          0,
          2
        ],
        "6": [
          2,
          11
        ],
        "4": [
          11,
          17
        ],
        "5": [
          17,
          25
        ],
        "12": [
          25,
          34
        ],
        "3": [
          34,
          39
        ],
        "13": [
          39,
          43
        ],
        "7": [
          43,
          49
        ],
        "8": [
          49,
          55
        ],
        "10": [
          55,
          63
        ],
        "15": [
          63,
          73
        ],
        "9": [
          73,
          77
        ],
        "11": [
          77,
          84
        ],
        "17": [
          84,
          93
        ],
        "14": [
          93,
          95
        ],
        "16": [
          95,
          96
        ],
        "18": [
          96,
          97
        ],
        "21": [
          97,
          106
        ],
        "19": [
          106,
          110
        ],
        "20": [
          110,
          114
        ],
        "22": [
          114,
          114
        ]
      },
      "activity_order": [
        1,
        2,
        6,
        4,
        5,
        12,
        3,
        13,
        7,
        8,
        10,
        15,
        9,
        11,
        17,
        14,
        16,
        18,
        21,
        19,
        20,
        22
      ]
    },
    "LST": {
      "makespan": 114,
      "execution_time": 6.961822509765625e-05,
      "schedule": {
        "1": [
          0,
          0
        ],
        "2": [
          0,
          2
        ],
        "6": [
          2,
          11
        ],
        "4": [
          11,
          17
        ],
        "5": [
          17,
          25
        ],
        "12": [
          25,
          34
        ],
        "3": [
          34,
          39
        ],
        "13": [
          39,
          43
        ],
        "7": [
          43,
          49
        ],
        "8": [
          49,
          55
        ],
        "10": [
          55,
          63
        ],
        "15": [
          63,
          73
        ],
        "9": [
          73,
          77
        ],
        "11": [
          77,
          84
        ],
        "17": [
          84,
          93
        ],
        "14": [
          93,
          95
        ],
        "16": [
          95,
          96
        ],
        "18": [
          96,
          97
        ],
        "21": [
          97,
          106
        ],
        "19": [
          106,
          110
        ],
        "20": [
          110,
          114
        ],
        "22": [
          114,
          114
        ]
      },
      "activity_order": [
        1,
        2,
        6,
        4,
        5,
        12,
        3,
        13,
        7,
        8,
        10,
        15,
        9,
        11,
        17,
        14,
        16,
        18,
        21,
        19,
        20,
        22
      ]
    },
    "LFT": {
      "makespan": 114,
      "execution_time": 6.556510925292969e-05,
      "schedule": {
        "1": [
          0,
          0
        ],
        "2": [
          0,
          2
        ],
        "4": [
          2,
          8
        ],
        "6": [
          8,
          17
        ],
        "5": [
          17,
          25
        ],
        "3": [
          25,
          30
        ],
        "12": [
          30,
          39
        ],
        "13": [
          39,
          43
        ],
        "7": [
          43,
          49
        ],
        "8": [
          49,
          55
        ],
        "9": [
          55,
          59
        ],
        "10": [
          59,
          67
        ],
        "14": [
          67,
          69
        ],
        "15": [
          69,
          79
        ],
        "11": [
          79,
          86
        ],
        "16": [
          86,
          87
        ],
        "18": [
          87,
          88
        ],
        "17": [
          88,
          97
        ],
        "19": [
          97,
          101
        ],
        "20": [
          101,
          105
        ],
        "21": [
          105,
          114
        ],
        "22": [
          114,
          114
        ]
      },
      "activity_order": [
        1,
        2,
        4,
        6,
        5,
        3,
        12,
        13,
        7,
        8,
        9,
        10,
        14,
        15,
        11,
        16,
        18,
        17,
        19,
        20,
        21,
        22
      ]
    },
    "MTS": {
      "makespan": 114,
      "execution_time": 7.033348083496094e-05,
      "schedule": {
        "1": [
          0,
          0
        ],
        "4": [
          0,
          6
        ],
        "5": [
          6,
          14
        ],
        "2": [
          14,
          16
        ],
        "6": [
          16,
          25
        ],
        "7": [
          25,
          31
        ],
        "13": [
          31,
          35
        ],
        "8": [
          35,
          41
        ],
        "9": [
          41,
          45
        ],
        "12": [
          45,
          54
        ],
        "3": [
          54,
          59
        ],
        "15": [
          59,
          69
        ],
        "10": [
          69,
          77
        ],
        "11": [
          77,
          84
        ],
        "14": [
          84,
          86
        ],
        "16": [
          86,
          87
        ],
        "17": [
          87,
          96
        ],
        "18": [
          96,
          97
        ],
        "19": [
          97,
          101
        ],
        "20": [
          101,
          105
        ],
        "21": [
          105,
          114
        ],
        "22": [
          114,
          114
        ]
      },
      "activity_order": [
        1,
        4,
        5,
        2,
        6,
        7,
        13,
        8,
        9,
        12,
        3,
        15,
        10,
        11,
        14,
        16,
        17,
        18,
        19,
        20,
        21,
        22
      ]
    },
    "TIMROS": {
      "makespan": 114,
      "execution_time": 6.628036499023438e-05,
      "schedule": {
        "1": [
          0,
          0
        ],
        "3": [
          0,
          5
        ],
        "2": [
          5,
          7
        ],
        "6": [
          7,
          16
        ],
        "10": [
          16,
          24
        ],
        "13": [
          24,
          28
        ],
        "4": [
          28,
          34
        ],
        "12": [
          34,
          43
        ],
        "5": [
          43,
          51
        ],
        "7": [
          51,
          57
        ],
        "14": [
          57,
          59
        ],
        "15": [
          59,
          69
        ],
        "8": [
          69,
          75
        ],
        "11": [
          75,
          82
        ],
        "20": [
          82,
          86
        ],
        "16": [
          86,
          87
        ],
        "9": [
          87,
          91
        ],
        "17": [
          91,
          100
        ],
        "18": [
          100,
          101
        ],
        "21": [
          101,
          110
        ],
        "19": [
          110,
          114
        ],
        "22": [
          114,
          114
        ]
      },