{
  "instance": "inst_set1a_sf1_nc2.1_n20_m20_04",
  "results": {
    "HRPW*": {
      "makespan": 118,
      "execution_time": 0.00033783912658691406,
      "schedule": {
        "1": [
          0,
          0
        ],
        "3": [
          0,
          6
        ],
        "2": [
          6,
          11
        ],
        "6": [
          11,
          21
        ],
        "7": [
          21,
          28
        ],
        "4": [
          28,
          32
        ],
        "5": [
          32,
          40
        ],
        "12": [
          40,
          48
        ],
        "13": [
          48,
          56
        ],
        "8": [
          56,
          61
        ],
        "9": [
          61,
          71
        ],
        "11": [
          71,
          75
        ],
        "14": [
          75,
          81
        ],
        "18": [
          81,
          84
        ],
        "19": [
          84,
          94
        ],
        "15": [
          94,
          101
        ],
        "16": [
          101,
          105
        ],
        "10": [
          105,
          111
        ],
        "17": [
          111,
          115
        ],
        "21": [
          115,
          117
        ],
        "20": [
          117,
          118
        ],
        "22": [
          118,
          118
        ]
      },
      "activity_order": [
        1,
        3,
        2,
        6,
        7,
        4,
        5,
        12,
        13,
        8,
        9,
        11,
        14,
        18,
        19,
        15,
        16,
        10,
        17,
        21,
        20,
        22
      ]
    },
    "LST": {
      "makespan": 118,
      "execution_time": 0.0003514289855957031,
      "schedule": {
        "1": [
          0,
          0
        ],
        "3": [
          0,
          6
        ],
        "2": [
          6,
          11
        ],
        "6": [
          11,
          21
        ],
        "7": [
          21,
          28
        ],
        "4": [
          28,
          32
        ],
        "5": [
          32,
          40
        ],
        "12": [
          40,
          48
        ],
        "13": [
          48,
          56
        ],
        "8": [
          56,
          61
        ],
        "9": [
          61,
          71
        ],
        "11": [
          71,
          75
        ],
        "14": [
          75,
          81
        ],
        "18": [
          81,
          84
        ],
        "19": [
          84,
          94
        ],
        "15": [
          94,
          101
        ],
        "16": [
          101,
          105
        ],
        "10": [
          105,
          111
        ],
        "17": [
          111,
          115
        ],
        "21": [
          115,
          117
        ],
        "20": [
          117,
          118
        ],
        "22": [
          118,
          118
        ]
      },
      "activity_order": [
        1,
        3,
        2,
        6,
        7,
        4,
        5,
        12,
        13,
        8,
        9,
        11,
        14,
        18,
        19,
        15,
        16,
        10,
        17,
        21,
        20,
        22
      ]
    },
    "LFT": {
      "makespan": 118,
      "execution_time": 0.0003266334533691406,
      "schedule": {
        "1": [
          0,
          0
        ],
        "2": [
          0,
          5
        ],
        "3": [
          5,
          11
        ],
        "4": [
          11,
          15
        ],
        "6": [
          15,
          25
        ],
        "7": [
          25,
          32
        ],
        "5": [
          32,
          40
        ],
        "12": [
          40,
          48
        ],
        "8": [
          48,
          53
        ],
        "13": [
          53,
          61
        ],
        "11": [
          61,
          65
        ],
        "9": [
          65,
          75
        ],
        "14": [
          75,
          81
        ],
        "18": [
          81,
          84
        ],
        "16": [
          84,
          88
        ],
        "15": [
          88,
          95
        ],
        "10": [
          95,
          101
        ],
        "17": [
          101,
          105
        ],
        "19": [
          105,
          115
        ],
        "20": [
          115,
          116
        ],
        "21": [
          116,
          118
        ],
        "22": [
          118,
          118
        ]
      },
      "activity_order": [
        1,
        2,
        3,
        4,
        6,
        7,
        5,
        12,
        8,
        13,
        11,
        9,
        14,
        18,
        16,
        15,
        10,
        17,
        19,
        20,
        21,
        22
      ]
    },
    "MTS": {
      "makespan": 118,
      "execution_time": 0.0003757476806640625,
      "schedule": {
        "1": [
          0,
          0
        ],
        "2": [
          0,
          5
        ],
        "3": [
          5,
          11
        ],
        "4": [
          11,
          15
        ],
        "6": [
          15,
          25
        ],
        "7": [
          25,
          32
        ],
        "12": [
          32,
          40
        ],
        "5": [
          40,
          48
        ],
        "8": [
          48,
          53
        ],
        "9": [
          53,
          63
        ],
        "11": [
          63,
          67
        ],
        "16": [
          67,
          71
        ],
        "13": [
          71,
          79
        ],
        "10": [
          79,
          85
        ],
        "14": [
          85,
          91
        ],
        "15": [
          91,
          98
        ],
        "17": [
          98,
          102
        ],
        "18": [
          102,
          105
        ],
        "19": [
          105,
          115
        ],
        "20": [
          115,
          116
        ],
        "21": [
          116,
          118
        ],
        "22": [
          118,
          118
        ]
      },
      "activity_order": [
        1,
        2,
        3,
        4,
        6,
        7,
        12,
        5,
        8,
        9,
        11,
        16,
        13,
        10,
        14,
        15,
        17,
        18,
        19,
        20,
        21,
        22
      ]
    },
    "TIMROS": {
      "makespan": 118,
      "execution_time": 0.0003254413604736328,
      "schedule": {
        "1": [
          0,
          0
        ],
        "3": [
          0,
          6
        ],
        "7": [
          6,
          13
        ],
        "2": [
          13,
          18
        ],
        "6": [
          18,
          28
        ],
        "12": [
          28,
          36
        ],
        "4": [
          36,
          40
        ],
        "9": [
          40,
          50
        ],
        "5": [
          50,
          58
        ],
        "13": [
          58,
          66
        ],
        "8": [
          66,
          71
        ],
        "15": [
          71,
          78
        ],
        "10": [
          78,
          84
        ],
        "14": [
          84,
          90
        ],
        "11": [
          90,
          94
        ],
        "16": [
          94,
          98
        ],
        "17": [
          98,
          102
        ],
        "18": [
          102,
          105
        ],
        "19": [
          105,
          115
        ],
        "21": [
          115,
          117
        ],
        "20": [
          117,
          118
        ],
        "22": [
          118,
          118
        ]
      },