{
  "instance": "inst_set1a_sf0_nc2.1_n20_m25_01",
  "results": {
    "HRPW*": {
      "makespan": 138,
      "execution_time": 6.771087646484375e-05,
      "schedule": {
        "1": [
          0,
          0
        ],
        "4": [
          0,
          10
        ],
        "2": [
          10,
          20
        ],
        "3": [
          20,
          25
        ],
        "6": [
          25,
          29
        ],
        "8": [
          29,
          35
        ],
        "9": [
          35,
          43
        ],
        "10": [
          43,
          44
        ],
        "11": [
          44,
          48
        ],
        "5": [
          48,
          50
        ],
        "15": [
          50,
          60
        ],
        "7": [
          60,
          69
        ],
        "12": [
          69,
          76
        ],
        "17": [
          76,
          85
        ],
        "16": [
          85,
          92
        ],
        "13": [
          92,
          99
        ],
        "18": [
          99,
          106
        ],
        "14": [
          106,
          110
        ],
        "19": [
          110,
          120
        ],
        "20": [
          120,
          129
        ],
        "21": [
          129,
          138
        ],
        "22": [
          138,
          138
        ]
      },
      "activity_order": [
        1,
        4,
        2,
        3,
        6,
        8,
        9,
        10,
        11,
        5,
        15,
        7,
        12,
        17,
        16,
        13,
        18,
        14,
        19,
        20,
        21,
        22
      ]
    },
    "LST": {
      "makespan": 138,
      "execution_time": 5.53131103515625e-05,
      "schedule": {
        "1": [
          0,
          0
        ],
        "4": [
          0,
          10
        ],
        "2": [
          10,
          20
        ],
        "3": [
          20,
          25
        ],
        "6": [
          25,
          29
        ],
        "8": [
          29,
          35
        ],
        "9": [
          35,
          43
        ],
        "10": [
          43,
          44
        ],
        "11": [
          44,
          48
        ],
        "5": [
          48,
          50
        ],
        "15": [
          50,
          60
        ],
        "7": [
          60,
          69
        ],
        "12": [
          69,
          76
        ],
        "17": [
          76,
          85
        ],
        "16": [
          85,
          92
        ],
        "13": [
          92,
          99
        ],
        "18": [
          99,
          106
        ],
        "14": [
          106,
          110
        ],
        "19": [
          110,
          120
        ],
        "20": [
          120,
          129
        ],
        "21": [
          129,
          138
        ],
        "22": [
          138,
          138
        ]
      },
      "activity_order": [
        1,
        4,
        2,
        3,
        6,
        8,
        9,
        10,
        11,
        5,
        15,
        7,
        12,
        17,
        16,
        13,
        18,
        14,
        19,
        20,
        21,
        22
      ]
    },
    "LFT": {
      "makespan": 138,
      "execution_time": 4.649162292480469e-05,
      "schedule": {
        "1": [
          0,
          0
        ],
        "4": [
          0,
          10
        ],
        "2": [
          10,
          20
        ],
        "3": [
          20,
          25
        ],
        "6": [
          25,
          29
        ],
        "10": [
          29,
          30
        ],
        "5": [
          30,
          32
        ],
        "8": [
          32,
          38
        ],
        "11": [
          38,
          42
        ],
        "9": [
          42,
          50
        ],
        "7": [
          50,
          59
        ],
        "12": [
          59,
          66
        ],
        "15": [
          66,
          76
        ],
        "16": [
          76,
          83
        ],
        "17": [
          83,
          92
        ],
        "14": [
          92,
          96
        ],
        "13": [
          96,
          103
        ],
        "18": [
          103,
          110
        ],
        "19": [
          110,
          120
        ],
        "20": [
          120,
          129
        ],
        "21": [
          129,
          138
        ],
        "22": [
          138,
          138
        ]
      },
      "activity_order": [
        1,
        4,
        2,
        3,
        6,
        10,
        5,
        8,
        11,
        9,
        7,
        12,
        15,
        16,
        17,
        14,
        13,
        18,
        19,
        20,
        21,
        22
      ]
    },
    "MTS": {
      "makespan": 138,
      "execution_time": 5.91278076171875e-05,
      "schedule": {
        "1": [
          0,
          0
        ],
        "4": [
          0,
          10
        ],
        "3": [
          10,
          15
        ],
        "2": [
          15,
          25
        ],
        "6": [
          25,
          29
        ],
        "10": [
          29,
          30
        ],
        "5": [
          30,
          32
        ],
        "8": [
          32,
          38
        ],
        "9": [
          38,
          46
        ],
        "11": [
          46,
          50
        ],
        "7": [
          50,
          59
        ],
        "12": [
          59,
          66
        ],
        "15": [
          66,
          76
        ],
        "16": [
          76,
          83
        ],
        "13": [
          83,
          90
        ],
        "14": [
          90,
          94
        ],
        "17": [
          94,
          103
        ],
        "18": [
          103,
          110
        ],
        "19": [
          110,
          120
        ],
        "20": [
          120,
          129
        ],
        "21": [
          129,
          138
        ],
        "22": [
          138,
          138
        ]
      },
      "activity_order": [
        1,
        4,
        3,
        2,
        6,
        10,
        5,
        8,
        9,
        11,
        7,
        12,
        15,
        16,
        13,
        14,
        17,
        18,
        19,
        20,
        21,
        22
      ]
    },
    "TIMROS": {
      "makespan": 138,
      "execution_time": 4.9591064453125e-05,
      "schedule": {
        "1": [
          0,
          0
        ],
        "4": [
          0,
          10
        ],
        "9": [
          10,
          18
        ],
        "6": [
          18,
          22
        ],
        "2": [
          22,
          32
        ],
        "3": [
          32,
          37
        ],
        "7": [
          37,
          46
        ],
        "5": [
          46,
          48
        ],
        "16": [
          48,
          55
        ],
        "10": [
          55,
          56
        ],
        "13": [
          56,
          63
        ],
        "11": [
          63,
          67
        ],
        "21": [
          67,
          76
        ],
        "8": [
          76,
          82
        ],
        "15": [
          82,
          92
        ],
        "12": [
          92,
          99
        ],
        "14": [
          99,
          103
        ],
        "19": [
          103,
          113
        ],
        "17": [
          113,
          122
        ],
        "18": [
          122,
          129
        ],
        "20": [
          129,
          138
        ],
        "22": [
          138,
          138
        ]
      },