{
  "instance": "inst_set1a_sf0.5_nc1.8_n20_m15_05",
  "results": {
    "HRPW*": {
      "makespan": 64,
      "execution_time": 0.00035190582275390625,
      "schedule": {
        "1": [
          0,
          0
        ],
        "3": [
          0,
          10
        ],
        "4": [
          0,
          9
        ],
        "5": [
          10,
          16
        ],
        "2": [
          0,
          2
        ],
        "8": [
          9,
          16
        ],
        "6": [
          16,
          22
        ],
        "7": [
          10,
          17
        ],
        "10": [
          22,
          32
        ],
        "16": [
          32,
          41
        ],
        "12": [
          22,
          29
        ],
        "9": [
          41,
          43
        ],
        "13": [
          43,
          45
        ],
        "15": [
          45,
          50
        ],
        "14": [
          29,
          33
        ],
        "17": [
          50,
          55
        ],
        "18": [
          55,
          60
        ],
        "11": [
          32,
          36
        ],
        "20": [
          50,
          55
        ],
        "19": [
          60,
          64
        ],
        "21": [
          60,
          64
        ],
        "22": [
          64,
          64
        ]
      },
      "activity_order": [
        1,
        3,
        4,
        5,
        2,
        8,
        6,
        7,
        10,
        16,
        12,
        9,
        13,
        15,
        14,
        17,
        18,
        11,
        20,
        19,
        21,
        22
      ]
    },
    "LST": {
      "makespan": 64,
      "execution_time": 0.0003223419189453125,
      "schedule": {
        "1": [
          0,
          0
        ],
        "3": [
          0,
          10
        ],
        "4": [
          0,
          9
        ],
        "5": [
          10,
          16
        ],
        "2": [
          0,
          2
        ],
        "8": [
          9,
          16
        ],
        "6": [
          16,
          22
        ],
        "7": [
          10,
          17
        ],
        "10": [
          22,
          32
        ],
        "16": [
          32,
          41
        ],
        "12": [
          22,
          29
        ],
        "9": [
          41,
          43
        ],
        "13": [
          43,
          45
        ],
        "15": [
          45,
          50
        ],
        "14": [
          29,
          33
        ],
        "17": [
          50,
          55
        ],
        "18": [
          55,
          60
        ],
        "11": [
          32,
          36
        ],
        "20": [
          50,
          55
        ],
        "19": [
          60,
          64
        ],
        "21": [
          60,
          64
        ],
        "22": [
          64,
          64
        ]
      },
      "activity_order": [
        1,
        3,
        4,
        5,
        2,
        8,
        6,
        7,
        10,
        16,
        12,
        9,
        13,
        15,
        14,
        17,
        18,
        11,
        20,
        19,
        21,
        22
      ]
    },
    "LFT": {
      "makespan": 56,
      "execution_time": 0.00020956993103027344,
      "schedule": {
        "1": [
          0,
          0
        ],
        "3": [
          0,
          10
        ],
        "2": [
          0,
          2
        ],
        "5": [
          10,
          16
        ],
        "4": [
          0,
          9
        ],
        "6": [
          16,
          22
        ],
        "8": [
          9,
          16
        ],
        "7": [
          10,
          17
        ],
        "9": [
          22,
          24
        ],
        "12": [
          22,
          29
        ],
        "13": [
          24,
          26
        ],
        "16": [
          24,
          33
        ],
        "10": [
          33,
          43
        ],
        "14": [
          29,
          33
        ],
        "15": [
          29,
          34
        ],
        "11": [
          43,
          47
        ],
        "17": [
          34,
          39
        ],
        "18": [
          39,
          44
        ],
        "19": [
          47,
          51
        ],
        "20": [
          51,
          56
        ],
        "21": [
          47,
          51
        ],
        "22": [
          56,
          56
        ]
      },
      "activity_order": [
        1,
        3,
        2,
        5,
        4,
        6,
        8,
        7,
        9,
        12,
        13,
        16,
        10,
        14,
        15,
        11,
        17,
        18,
        19,
        20,
        21,
        22
      ]
    },
    "MTS": {
      "makespan": 56,
      "execution_time": 0.00021696090698242188,
      "schedule": {
        "1": [
          0,
          0
        ],
        "3": [
          0,
          10
        ],
        "5": [
          10,
          16
        ],
        "2": [
          0,
          2
        ],
        "6": [
          16,
          22
        ],
        "4": [
          0,
          9
        ],
        "7": [
          10,
          17
        ],
        "8": [
          9,
          16
        ],
        "12": [
          22,
          29
        ],
        "9": [
          22,
          24
        ],
        "16": [
          24,
          33
        ],
        "10": [
          33,
          43
        ],
        "13": [
          24,
          26
        ],
        "17": [
          29,
          34
        ],
        "18": [
          34,
          39
        ],
        "11": [
          43,
          47
        ],
        "14": [
          29,
          33
        ],
        "15": [
          39,
          44
        ],
        "19": [
          47,
          51
        ],
        "20": [
          51,
          56
        ],
        "21": [
          47,
          51
        ],
        "22": [
          56,
          56
        ]
      },
      "activity_order": [
        1,
        3,
        5,
        2,
        6,
        4,
        7,
        8,
        12,
        9,
        16,
        10,
        13,
        17,
        18,
        11,
        14,
        15,
        19,
        20,
        21,
        22
      ]
    },
    "TIMROS": {
      "makespan": 69,
      "execution_time": 0.0002110004425048828,
      "schedule": {
        "1": [
          0,
          0
        ],
        "4": [
          0,
          9
        ],
        "3": [
          0,
          10
        ],
        "5": [
          10,
          16
        ],
        "6": [
          16,
          22
        ],
        "10": [
          22,
          32
        ],
        "12": [
          22,
          29
        ],
        "17": [
          29,
          34
        ],
        "2": [
          34,
          36
        ],
        "11": [
          36,
          40
        ],
        "8": [
          36,
          43
        ],
        "16": [
          43,
          52
        ],
        "7": [
          36,
          43
        ],
        "9": [
          52,
          54
        ],
        "14": [
          43,
          47
        ],
        "18": [
          52,
          57
        ],
        "21": [
          57,
          61
        ],
        "19": [
          57,
          61
        ],
        "13": [
          57,
          59
        ],
        "15": [
          59,
          64
        ],
        "20": [
          64,
          69
        ],
        "22": [
          69,
          69
        ]
      },
      "activity_order": [
        1,
        4,
        3,
        5,
        6,
        10,
        12,
        17,
        2,
        11,
        8,
        16,
        7,
        9,
        14,
        18,
        21,
        19,
        13,
        15,
        20,
        22
      ]
    },
    "HRU1": {
      "makespan": 57,