{
  "instance": "inst_set1a_sf0.75_nc2.1_n20_m10_01",
  "results": {
    "HRPW*": {
      "makespan": 118,
      "execution_time": 8.20159912109375e-05,
      "schedule": {
        "1": [
          0,
          0
        ],
        "2": [
          0,
          4
        ],
        "5": [
          4,
          10
        ],
        "6": [
          10,
          14
        ],
        "4": [
          14,
          15
        ],
        "8": [
          15,
          25
        ],
        "9": [
          25,
          34
        ],
        "12": [
          34,
          44
        ],
        "3": [
          44,
          46
        ],
        "11": [
          46,
          56
        ],
        "7": [
          56,
          63
        ],
        "16": [
          63,
          68
        ],
        "14": [
          68,
          78
        ],
        "10": [
          78,
          85
        ],
        "17": [
          85,
          95
        ],
        "13": [
          95,
          97
        ],
        "15": [
          97,
          104
        ],
        "18": [
          104,
          105
        ],
        "21": [
          105,
          113
        ],
        "19": [
          113,
          117
        ],
        "20": [
          117,
          118
        ],
        "22": [
          118,
          118
        ]
      },
      "activity_order": [
        1,
        2,
        5,
        6,
        4,
        8,
        9,
        12,
        3,
        11,
        7,
        16,
        14,
        10,
        17,
        13,
        15,
        18,
        21,
        19,
        20,
        22
      ]
    },
    "LST": {
      "makespan": 118,
      "execution_time": 7.033348083496094e-05,
      "schedule": {
        "1": [
          0,
          0
        ],
        "2": [
          0,
          4
        ],
        "5": [
          4,
          10
        ],
        "6": [
          10,
          14
        ],
        "4": [
          14,
          15
        ],
        "8": [
          15,
          25
        ],
        "9": [
          25,
          34
        ],
        "12": [
          34,
          44
        ],
        "3": [
          44,
          46
        ],
        "11": [
          46,
          56
        ],
        "7": [
          56,
          63
        ],
        "16": [
          63,
          68
        ],
        "14": [
          68,
          78
        ],
        "10": [
          78,
          85
        ],
        "17": [
          85,
          95
        ],
        "13": [
          95,
          97
        ],
        "15": [
          97,
          104
        ],
        "18": [
          104,
          105
        ],
        "21": [
          105,
          113
        ],
        "19": [
          113,
          117
        ],
        "20": [
          117,
          118
        ],
        "22": [
          118,
          118
        ]
      },
      "activity_order": [
        1,
        2,
        5,
        6,
        4,
        8,
        9,
        12,
        3,
        11,
        7,
        16,
        14,
        10,
        17,
        13,
        15,
        18,
        21,
        19,
        20,
        22
      ]
    },
    "LFT": {
      "makespan": 118,
      "execution_time": 6.556510925292969e-05,
      "schedule": {
        "1": [
          0,
          0
        ],
        "2": [
          0,
          4
        ],
        "5": [
          4,
          10
        ],
        "4": [
          10,
          11
        ],
        "6": [
          11,
          15
        ],
        "3": [
          15,
          17
        ],
        "8": [
          17,
          27
        ],
        "9": [
          27,
          36
        ],
        "12": [
          36,
          46
        ],
        "7": [
          46,
          53
        ],
        "11": [
          53,
          63
        ],
        "16": [
          63,
          68
        ],
        "10": [
          68,
          75
        ],
        "14": [
          75,
          85
        ],
        "13": [
          85,
          87
        ],
        "17": [
          87,
          97
        ],
        "18": [
          97,
          98
        ],
        "15": [
          98,
          105
        ],
        "19": [
          105,
          109
        ],
        "20": [
          109,
          110
        ],
        "21": [
          110,
          118
        ],
        "22": [
          118,
          118
        ]
      },
      "activity_order": [
        1,
        2,
        5,
        4,
        6,
        3,
        8,
        9,
        12,
        7,
        11,
        16,
        10,
        14,
        13,
        17,
        18,
        15,
        19,
        20,
        21,
        22
      ]
    },
    "MTS": {
      "makespan": 118,
      "execution_time": 5.4836273193359375e-05,
      "schedule": {
        "1": [
          0,
          0
        ],
        "2": [
          0,
          4
        ],
        "5": [
          4,
          10
        ],
        "4": [
          10,
          11
        ],
        "3": [
          11,
          13
        ],
        "6": [
          13,
          17
        ],
        "9": [
          17,
          26
        ],
        "8": [
          26,
          36
        ],
        "11": [
          36,
          46
        ],
        "12": [
          46,
          56
        ],
        "16": [
          56,
          61
        ],
        "10": [
          61,
          68
        ],
        "14": [
          68,
          78
        ],
        "7": [
          78,
          85
        ],
        "13": [
          85,
          87
        ],
        "17": [
          87,
          97
        ],
        "15": [
          97,
          104
        ],
        "18": [
          104,
          105
        ],
        "19": [
          105,
          109
        ],
        "20": [
          109,
          110
        ],
        "21": [
          110,
          118
        ],
        "22": [
          118,
          118
        ]
      },
      "activity_order": [
        1,
        2,
        5,
        4,
        3,
        6,
        9,
        8,
        11,
        12,
        16,
        10,
        14,
        7,
        13,
        17,
        15,
        18,
        19,
        20,
        21,
        22
      ]
    },
    "TIMROS": {
      "makespan": 118,
      "execution_time": 5.1975250244140625e-05,
      "schedule": {
        "1": [
          0,
          0
        ],
        "2": [
          0,
          4
        ],
        "5": [
          4,
          10
        ],
        "9": [
          10,
          19
        ],
        "6": [
          19,
          23
        ],
        "3": [
          23,
          25
        ],
        "11": [
          25,
          35
        ],
        "10": [
          35,
          42
        ],
        "13": [
          42,
          44
        ],
        "4": [
          44,
          45
        ],
        "8": [
          45,
          55
        ],
        "12": [
          55,
          65
        ],
        "14": [
          65,
          75
        ],
        "7": [
          75,
          82
        ],
        "15": [
          82,
          89
        ],
        "16": [
          89,
          94
        ],
        "17": [
          94,
          104
        ],
        "19": [
          104,
          108
        ],
        "18": [
          108,
          109
        ],
        "21": [
          109,
          117
        ],
        "20": [
          117,
          118
        ],
        "22": [
          118,
          118
        ]
      },