{
  "instance": "inst_set1a_sf0.75_nc2.1_n20_m20_00",
  "results": {
    "HRPW*": {
      "makespan": 106,
      "execution_time": 8.082389831542969e-05,
      "schedule": {
        "1": [
          0,
          0
        ],
        "2": [
          0,
          6
        ],
        "3": [
          6,
          15
        ],
        "4": [
          15,
          22
        ],
        "6": [
          22,
          28
        ],
        "10": [
          28,
          37
        ],
        "12": [
          37,
          46
        ],
        "5": [
          46,
          51
        ],
        "7": [
          51,
          52
        ],
        "8": [
          52,
          53
        ],
        "13": [
          53,
          59
        ],
        "11": [
          59,
          69
        ],
        "15": [
          69,
          76
        ],
        "9": [
          76,
          83
        ],
        "14": [
          83,
          85
        ],
        "17": [
          85,
          86
        ],
        "16": [
          86,
          89
        ],
        "18": [
          89,
          94
        ],
        "20": [
          94,
          99
        ],
        "21": [
          99,
          103
        ],
        "19": [
          103,
          106
        ],
        "22": [
          106,
          106
        ]
      },
      "activity_order": [
        1,
        2,
        3,
        4,
        6,
        10,
        12,
        5,
        7,
        8,
        13,
        11,
        15,
        9,
        14,
        17,
        16,
        18,
        20,
        21,
        19,
        22
      ]
    },
    "LST": {
      "makespan": 106,
      "execution_time": 8.630752563476562e-05,
      "schedule": {
        "1": [
          0,
          0
        ],
        "2": [
          0,
          6
        ],
        "3": [
          6,
          15
        ],
        "4": [
          15,
          22
        ],
        "6": [
          22,
          28
        ],
        "10": [
          28,
          37
        ],
        "12": [
          37,
          46
        ],
        "5": [
          46,
          51
        ],
        "7": [
          51,
          52
        ],
        "8": [
          52,
          53
        ],
        "13": [
          53,
          59
        ],
        "11": [
          59,
          69
        ],
        "15": [
          69,
          76
        ],
        "9": [
          76,
          83
        ],
        "14": [
          83,
          85
        ],
        "17": [
          85,
          86
        ],
        "16": [
          86,
          89
        ],
        "18": [
          89,
          94
        ],
        "20": [
          94,
          99
        ],
        "21": [
          99,
          103
        ],
        "19": [
          103,
          106
        ],
        "22": [
          106,
          106
        ]
      },
      "activity_order": [
        1,
        2,
        3,
        4,
        6,
        10,
        12,
        5,
        7,
        8,
        13,
        11,
        15,
        9,
        14,
        17,
        16,
        18,
        20,
        21,
        19,
        22
      ]
    },
    "LFT": {
      "makespan": 106,
      "execution_time": 6.604194641113281e-05,
      "schedule": {
        "1": [
          0,
          0
        ],
        "2": [
          0,
          6
        ],
        "3": [
          6,
          15
        ],
        "4": [
          15,
          22
        ],
        "6": [
          22,
          28
        ],
        "5": [
          28,
          33
        ],
        "7": [
          33,
          34
        ],
        "8": [
          34,
          35
        ],
        "10": [
          35,
          44
        ],
        "12": [
          44,
          53
        ],
        "13": [
          53,
          59
        ],
        "14": [
          59,
          61
        ],
        "15": [
          61,
          68
        ],
        "17": [
          68,
          69
        ],
        "9": [
          69,
          76
        ],
        "11": [
          76,
          86
        ],
        "16": [
          86,
          89
        ],
        "18": [
          89,
          94
        ],
        "19": [
          94,
          97
        ],
        "20": [
          97,
          102
        ],
        "21": [
          102,
          106
        ],
        "22": [
          106,
          106
        ]
      },
      "activity_order": [
        1,
        2,
        3,
        4,
        6,
        5,
        7,
        8,
        10,
        12,
        13,
        14,
        15,
        17,
        9,
        11,
        16,
        18,
        19,
        20,
        21,
        22
      ]
    },
    "MTS": {
      "makespan": 106,
      "execution_time": 6.29425048828125e-05,
      "schedule": {
        "1": [
          0,
          0
        ],
        "2": [
          0,
          6
        ],
        "4": [
          6,
          13
        ],
        "5": [
          13,
          18
        ],
        "3": [
          18,
          27
        ],
        "8": [
          27,
          28
        ],
        "7": [
          28,
          29
        ],
        "12": [
          29,
          38
        ],
        "6": [
          38,
          44
        ],
        "13": [
          44,
          50
        ],
        "15": [
          50,
          57
        ],
        "10": [
          57,
          66
        ],
        "14": [
          66,
          68
        ],
        "11": [
          68,
          78
        ],
        "17": [
          78,
          79
        ],
        "9": [
          79,
          86
        ],
        "16": [
          86,
          89
        ],
        "18": [
          89,
          94
        ],
        "19": [
          94,
          97
        ],
        "20": [
          97,
          102
        ],
        "21": [
          102,
          106
        ],
        "22": [
          106,
          106
        ]
      },
      "activity_order": [
        1,
        2,
        4,
        5,
        3,
        8,
        7,
        12,
        6,
        13,
        15,
        10,
        14,
        11,
        17,
        9,
        16,
        18,
        19,
        20,
        21,
        22
      ]
    },
    "TIMROS": {
      "makespan": 106,
      "execution_time": 6.771087646484375e-05,
      "schedule": {
        "1": [
          0,
          0
        ],
        "3": [
          0,
          9
        ],
        "4": [
          9,
          16
        ],
        "12": [
          16,
          25
        ],
        "13": [
          25,
          31
        ],
        "2": [
          31,
          37
        ],
        "5": [
          37,
          42
        ],
        "6": [
          42,
          48
        ],
        "10": [
          48,
          57
        ],
        "8": [
          57,
          58
        ],
        "15": [
          58,
          65
        ],
        "7": [
          65,
          66
        ],
        "11": [
          66,
          76
        ],
        "9": [
          76,
          83
        ],
        "21": [
          83,
          87
        ],
        "14": [
          87,
          89
        ],
        "16": [
          89,
          92
        ],
        "20": [
          92,
          97
        ],
        "17": [
          97,
          98
        ],
        "18": [
          98,
          103
        ],
        "19": [
          103,
          106
        ],
        "22": [
          106,
          106
        ]
      },
      "activity_order": [
        1,
        3,
        4,
        12,
        13,
        2,
        5,
        6,
        10,
        8,
        15,
        7,
        11,
        9,
        21,
        14,
        16,
        20,
        17,
        18,
        19,
        22
      ]
    },