{
  "instance": "inst_set1a_sf0_nc1.5_n20_m10_02",
  "results": {
    "HRPW*": {
      "makespan": 77,
      "execution_time": 0.00020360946655273438,
      "schedule": {
        "1": [
          0,
          0
        ],
        "4": [
          0,
          7
        ],
        "3": [
          0,
          2
        ],
        "11": [
          7,
          14
        ],
        "6": [
          14,
          19
        ],
        "2": [
          19,
          26
        ],
        "14": [
          26,
          32
        ],
        "5": [
          32,
          34
        ],
        "8": [
          34,
          40
        ],
        "7": [
          19,
          26
        ],
        "16": [
          40,
          49
        ],
        "12": [
          49,
          54
        ],
        "9": [
          54,
          61
        ],
        "15": [
          61,
          62
        ],
        "17": [
          62,
          66
        ],
        "13": [
          66,
          68
        ],
        "10": [
          68,
          69
        ],
        "18": [
          69,
          70
        ],
        "21": [
          70,
          77
        ],
        "19": [
          2,
          8
        ],
        "20": [
          70,
          76
        ],
        "22": [
          77,
          77
        ]
      },
      "activity_order": [
        1,
        4,
        3,
        11,
        6,
        2,
        14,
        5,
        8,
        7,
        16,
        12,
        9,
        15,
        17,
        13,
        10,
        18,
        21,
        19,
        20,
        22
      ]
    },
    "LST": {
      "makespan": 77,
      "execution_time": 0.00020122528076171875,
      "schedule": {
        "1": [
          0,
          0
        ],
        "4": [
          0,
          7
        ],
        "3": [
          0,
          2
        ],
        "11": [
          7,
          14
        ],
        "6": [
          14,
          19
        ],
        "2": [
          19,
          26
        ],
        "14": [
          26,
          32
        ],
        "5": [
          32,
          34
        ],
        "8": [
          34,
          40
        ],
        "7": [
          19,
          26
        ],
        "16": [
          40,
          49
        ],
        "12": [
          49,
          54
        ],
        "9": [
          54,
          61
        ],
        "15": [
          61,
          62
        ],
        "17": [
          62,
          66
        ],
        "13": [
          66,
          68
        ],
        "10": [
          68,
          69
        ],
        "18": [
          69,
          70
        ],
        "21": [
          70,
          77
        ],
        "19": [
          2,
          8
        ],
        "20": [
          70,
          76
        ],
        "22": [
          77,
          77
        ]
      },
      "activity_order": [
        1,
        4,
        3,
        11,
        6,
        2,
        14,
        5,
        8,
        7,
        16,
        12,
        9,
        15,
        17,
        13,
        10,
        18,
        21,
        19,
        20,
        22
      ]
    },
    "LFT": {
      "makespan": 77,
      "execution_time": 0.00039124488830566406,
      "schedule": {
        "1": [
          0,
          0
        ],
        "4": [
          0,
          7
        ],
        "3": [
          0,
          2
        ],
        "6": [
          7,
          12
        ],
        "11": [
          12,
          19
        ],
        "5": [
          19,
          21
        ],
        "2": [
          21,
          28
        ],
        "14": [
          28,
          34
        ],
        "8": [
          34,
          40
        ],
        "7": [
          12,
          19
        ],
        "12": [
          40,
          45
        ],
        "15": [
          45,
          46
        ],
        "16": [
          46,
          55
        ],
        "9": [
          55,
          62
        ],
        "10": [
          62,
          63
        ],
        "13": [
          63,
          65
        ],
        "17": [
          65,
          69
        ],
        "18": [
          69,
          70
        ],
        "19": [
          2,
          8
        ],
        "20": [
          70,
          76
        ],
        "21": [
          70,
          77
        ],
        "22": [
          77,
          77
        ]
      },
      "activity_order": [
        1,
        4,
        3,
        6,
        11,
        5,
        2,
        14,
        8,
        7,
        12,
        15,
        16,
        9,
        10,
        13,
        17,
        18,
        19,
        20,
        21,
        22
      ]
    },
    "MTS": {
      "makespan": 79,
      "execution_time": 0.0002529621124267578,
      "schedule": {
        "1": [
          0,
          0
        ],
        "3": [
          0,
          2
        ],
        "6": [
          2,
          7
        ],
        "4": [
          7,
          14
        ],
        "5": [
          14,
          16
        ],
        "7": [
          7,
          14
        ],
        "8": [
          16,
          22
        ],
        "11": [
          22,
          29
        ],
        "2": [
          29,
          36
        ],
        "10": [
          36,
          37
        ],
        "12": [
          37,
          42
        ],
        "14": [
          42,
          48
        ],
        "9": [
          48,
          55
        ],
        "13": [
          55,
          57
        ],
        "15": [
          57,
          58
        ],
        "16": [
          58,
          67
        ],
        "17": [
          67,
          71
        ],
        "18": [
          71,
          72
        ],
        "19": [
          2,
          8
        ],
        "20": [
          72,
          78
        ],
        "21": [
          72,
          79
        ],
        "22": [
          79,
          79
        ]
      },
      "activity_order": [
        1,
        3,
        6,
        4,
        5,
        7,
        8,
        11,
        2,
        10,
        12,
        14,
        9,
        13,
        15,
        16,
        17,
        18,
        19,
        20,
        21,
        22
      ]
    },
    "TIMROS": {
      "makespan": 83,
      "execution_time": 0.00022530555725097656,
      "schedule": {
        "1": [
          0,
          0
        ],
        "4": [
          0,
          7
        ],
        "11": [
          7,
          14
        ],
        "2": [
          14,
          21
        ],
        "5": [
          21,
          23
        ],
        "8": [
          23,
          29
        ],
        "12": [
          29,
          34
        ],
        "15": [
          34,
          35
        ],
        "3": [
          0,
          2
        ],
        "6": [
          35,
          40
        ],
        "7": [
          40,
          47
        ],
        "14": [
          40,
          46
        ],
        "16": [
          46,
          55
        ],
        "17": [
          55,
          59
        ],
        "19": [
          2,
          8
        ],
        "9": [
          59,
          66
        ],
        "10": [
          66,
          67
        ],
        "13": [
          67,
          69
        ],
        "21": [
          69,
          76
        ],
        "18": [
          76,
          77
        ],
        "20": [
          77,
          83
        ],
        "22": [
          83,
          83
        ]
      },
      "activity_order": [
        1,
        4,
        11,
        2,
        5,
        8,
        12,
        15,
        3,
        6,
        7,
        14,
        16,
        17,
        19,
        9,
        10,
        13,
        21,
        18,
        20,
        22
      ]
    },
    "HRU1": {
      "makespan": 83,