{
  "instance": "inst_set1a_sf0.75_nc2.1_n20_m20_03",
  "results": {
    "HRPW*": {
      "makespan": 49,
      "execution_time": 0.0003685951232910156,
      "schedule": {
        "1": [
          0,
          0
        ],
        "3": [
          0,
          8
        ],
        "2": [
          0,
          10
        ],
        "4": [
          0,
          3
        ],
        "6": [
          8,
          13
        ],
        "7": [
          8,
          16
        ],
        "13": [
          16,
          20
        ],
        "8": [
          20,
          23
        ],
        "5": [
          8,
          10
        ],
        "14": [
          20,
          28
        ],
        "11": [
          10,
          19
        ],
        "15": [
          23,
          30
        ],
        "9": [
          30,
          37
        ],
        "16": [
          30,
          38
        ],
        "17": [
          37,
          40
        ],
        "18": [
          40,
          43
        ],
        "12": [
          28,
          30
        ],
        "10": [
          30,
          31
        ],
        "19": [
          30,
          37
        ],
        "20": [
          43,
          49
        ],
        "21": [
          43,
          49
        ],
        "22": [
          49,
          49
        ]
      },
      "activity_order": [
        1,
        3,
        2,
        4,
        6,
        7,
        13,
        8,
        5,
        14,
        11,
        15,
        9,
        16,
        17,
        18,
        12,
        10,
        19,
        20,
        21,
        22
      ]
    },
    "LST": {
      "makespan": 49,
      "execution_time": 0.0005266666412353516,
      "schedule": {
        "1": [
          0,
          0
        ],
        "3": [
          0,
          8
        ],
        "2": [
          0,
          10
        ],
        "4": [
          0,
          3
        ],
        "6": [
          8,
          13
        ],
        "7": [
          8,
          16
        ],
        "13": [
          16,
          20
        ],
        "8": [
          20,
          23
        ],
        "5": [
          8,
          10
        ],
        "14": [
          20,
          28
        ],
        "11": [
          10,
          19
        ],
        "15": [
          23,
          30
        ],
        "9": [
          30,
          37
        ],
        "16": [
          30,
          38
        ],
        "17": [
          37,
          40
        ],
        "18": [
          40,
          43
        ],
        "12": [
          28,
          30
        ],
        "10": [
          30,
          31
        ],
        "19": [
          30,
          37
        ],
        "20": [
          43,
          49
        ],
        "21": [
          43,
          49
        ],
        "22": [
          49,
          49
        ]
      },
      "activity_order": [
        1,
        3,
        2,
        4,
        6,
        7,
        13,
        8,
        5,
        14,
        11,
        15,
        9,
        16,
        17,
        18,
        12,
        10,
        19,
        20,
        21,
        22
      ]
    },
    "LFT": {
      "makespan": 50,
      "execution_time": 0.0003693103790283203,
      "schedule": {
        "1": [
          0,
          0
        ],
        "3": [
          0,
          8
        ],
        "4": [
          0,
          3
        ],
        "6": [
          8,
          13
        ],
        "13": [
          8,
          12
        ],
        "2": [
          0,
          10
        ],
        "5": [
          8,
          10
        ],
        "8": [
          13,
          16
        ],
        "7": [
          16,
          24
        ],
        "14": [
          13,
          21
        ],
        "15": [
          24,
          31
        ],
        "9": [
          31,
          38
        ],
        "11": [
          10,
          19
        ],
        "17": [
          38,
          41
        ],
        "10": [
          21,
          22
        ],
        "12": [
          24,
          26
        ],
        "16": [
          31,
          39
        ],
        "18": [
          41,
          44
        ],
        "19": [
          31,
          38
        ],
        "20": [
          44,
          50
        ],
        "21": [
          44,
          50
        ],
        "22": [
          50,
          50
        ]
      },
      "activity_order": [
        1,
        3,
        4,
        6,
        13,
        2,
        5,
        8,
        7,
        14,
        15,
        9,
        11,
        17,
        10,
        12,
        16,
        18,
        19,
        20,
        21,
        22
      ]
    },
    "MTS": {
      "makespan": 49,
      "execution_time": 0.00027823448181152344,
      "schedule": {
        "1": [
          0,
          0
        ],
        "3": [
          0,
          8
        ],
        "4": [
          0,
          3
        ],
        "6": [
          8,
          13
        ],
        "2": [
          0,
          10
        ],
        "5": [
          8,
          10
        ],
        "7": [
          8,
          16
        ],
        "8": [
          16,
          19
        ],
        "13": [
          19,
          23
        ],
        "11": [
          10,
          19
        ],
        "15": [
          23,
          30
        ],
        "9": [
          30,
          37
        ],
        "14": [
          23,
          31
        ],
        "17": [
          37,
          40
        ],
        "18": [
          40,
          43
        ],
        "10": [
          31,
          32
        ],
        "12": [
          32,
          34
        ],
        "16": [
          31,
          39
        ],
        "19": [
          30,
          37
        ],
        "20": [
          43,
          49
        ],
        "21": [
          43,
          49
        ],
        "22": [
          49,
          49
        ]
      },
      "activity_order": [
        1,
        3,
        4,
        6,
        2,
        5,
        7,
        8,
        13,
        11,
        15,
        9,
        14,
        17,
        18,
        10,
        12,
        16,
        19,
        20,
        21,
        22
      ]
    },
    "TIMROS": {
      "makespan": 57,
      "execution_time": 0.00026106834411621094,
      "schedule": {
        "1": [
          0,
          0
        ],
        "2": [
          0,
          10
        ],
        "3": [
          0,
          8
        ],
        "6": [
          8,
          13
        ],
        "4": [
          13,
          16
        ],
        "7": [
          16,
          24
        ],
        "13": [
          24,
          28
        ],
        "14": [
          28,
          36
        ],
        "8": [
          28,
          31
        ],
        "15": [
          31,
          38
        ],
        "12": [
          36,
          38
        ],
        "5": [
          16,
          18
        ],
        "16": [
          38,
          46
        ],
        "9": [
          38,
          45
        ],
        "11": [
          18,
          27
        ],
        "19": [
          38,
          45
        ],
        "17": [
          45,
          48
        ],
        "18": [
          48,
          51
        ],
        "21": [
          51,
          57
        ],
        "10": [
          38,
          39
        ],
        "20": [
          51,
          57
        ],
        "22": [
          57,
          57
        ]
      },
      "activity_order": [
        1,
        2,
        3,
        6,
        4,
        7,
        13,
        14,
        8,
        15,
        12,
        5,
        16,
        9,
        11,
        19,
        17,
        18,
        21,
        10,
        20,
        22
      ]
    },
    "HRU1": {
      "makespan": 52,