{
  "instance": "inst_set1a_sf0_nc1.8_n20_m25_04",
  "results": {
    "HRPW*": {
      "makespan": 109,
      "execution_time": 6.151199340820312e-05,
      "schedule": {
        "1": [
          0,
          0
        ],
        "2": [
          0,
          1
        ],
        "5": [
          1,
          10
        ],
        "6": [
          10,
          19
        ],
        "3": [
          19,
          26
        ],
        "10": [
          26,
          32
        ],
        "4": [
          32,
          37
        ],
        "7": [
          37,
          42
        ],
        "15": [
          42,
          47
        ],
        "8": [
          47,
          54
        ],
        "11": [
          54,
          61
        ],
        "17": [
          61,
          70
        ],
        "13": [
          70,
          75
        ],
        "16": [
          75,
          83
        ],
        "9": [
          83,
          85
        ],
        "14": [
          85,
          86
        ],
        "18": [
          86,
          89
        ],
        "12": [
          89,
          97
        ],
        "20": [
          97,
          105
        ],
        "19": [
          105,
          107
        ],
        "21": [
          107,
          109
        ],
        "22": [
          109,
          109
        ]
      },
      "activity_order": [
        1,
        2,
        5,
        6,
        3,
        10,
        4,
        7,
        15,
        8,
        11,
        17,
        13,
        16,
        9,
        14,
        18,
        12,
        20,
        19,
        21,
        22
      ]
    },
    "LST": {
      "makespan": 109,
      "execution_time": 4.839897155761719e-05,
      "schedule": {
        "1": [
          0,
          0
        ],
        "2": [
          0,
          1
        ],
        "5": [
          1,
          10
        ],
        "6": [
          10,
          19
        ],
        "3": [
          19,
          26
        ],
        "10": [
          26,
          32
        ],
        "4": [
          32,
          37
        ],
        "7": [
          37,
          42
        ],
        "15": [
          42,
          47
        ],
        "8": [
          47,
          54
        ],
        "11": [
          54,
          61
        ],
        "17": [
          61,
          70
        ],
        "13": [
          70,
          75
        ],
        "16": [
          75,
          83
        ],
        "9": [
          83,
          85
        ],
        "14": [
          85,
          86
        ],
        "18": [
          86,
          89
        ],
        "12": [
          89,
          97
        ],
        "20": [
          97,
          105
        ],
        "19": [
          105,
          107
        ],
        "21": [
          107,
          109
        ],
        "22": [
          109,
          109
        ]
      },
      "activity_order": [
        1,
        2,
        5,
        6,
        3,
        10,
        4,
        7,
        15,
        8,
        11,
        17,
        13,
        16,
        9,
        14,
        18,
        12,
        20,
        19,
        21,
        22
      ]
    },
    "LFT": {
      "makespan": 109,
      "execution_time": 4.410743713378906e-05,
      "schedule": {
        "1": [
          0,
          0
        ],
        "2": [
          0,
          1
        ],
        "5": [
          1,
          10
        ],
        "6": [
          10,
          19
        ],
        "4": [
          19,
          24
        ],
        "7": [
          24,
          29
        ],
        "10": [
          29,
          35
        ],
        "15": [
          35,
          40
        ],
        "3": [
          40,
          47
        ],
        "8": [
          47,
          54
        ],
        "13": [
          54,
          59
        ],
        "14": [
          59,
          60
        ],
        "9": [
          60,
          62
        ],
        "11": [
          62,
          69
        ],
        "16": [
          69,
          77
        ],
        "17": [
          77,
          86
        ],
        "18": [
          86,
          89
        ],
        "12": [
          89,
          97
        ],
        "19": [
          97,
          99
        ],
        "20": [
          99,
          107
        ],
        "21": [
          107,
          109
        ],
        "22": [
          109,
          109
        ]
      },
      "activity_order": [
        1,
        2,
        5,
        6,
        4,
        7,
        10,
        15,
        3,
        8,
        13,
        14,
        9,
        11,
        16,
        17,
        18,
        12,
        19,
        20,
        21,
        22
      ]
    },
    "MTS": {
      "makespan": 109,
      "execution_time": 4.458427429199219e-05,
      "schedule": {
        "1": [
          0,
          0
        ],
        "2": [
          0,
          1
        ],
        "5": [
          1,
          10
        ],
        "6": [
          10,
          19
        ],
        "10": [
          19,
          25
        ],
        "3": [
          25,
          32
        ],
        "8": [
          32,
          39
        ],
        "13": [
          39,
          44
        ],
        "14": [
          44,
          45
        ],
        "4": [
          45,
          50
        ],
        "9": [
          50,
          52
        ],
        "15": [
          52,
          57
        ],
        "18": [
          57,
          60
        ],
        "7": [
          60,
          65
        ],
        "11": [
          65,
          72
        ],
        "16": [
          72,
          80
        ],
        "12": [
          80,
          88
        ],
        "17": [
          88,
          97
        ],
        "19": [
          97,
          99
        ],
        "20": [
          99,
          107
        ],
        "21": [
          107,
          109
        ],
        "22": [
          109,
          109
        ]
      },
      "activity_order": [
        1,
        2,
        5,
        6,
        10,
        3,
        8,
        13,
        14,
        4,
        9,
        15,
        18,
        7,
        11,
        16,
        12,
        17,
        19,
        20,
        21,
        22
      ]
    },
    "TIMROS": {
      "makespan": 109,
      "execution_time": 0.0003304481506347656,
      "schedule": {
        "1": [
          0,
          0
        ],
        "3": [
          0,
          7
        ],
        "4": [
          7,
          12
        ],
        "2": [
          12,
          13
        ],
        "8": [
          13,
          20
        ],
        "10": [
          20,
          26
        ],
        "16": [
          26,
          34
        ],
        "5": [
          34,
          43
        ],
        "15": [
          43,
          48
        ],
        "6": [
          48,
          57
        ],
        "11": [
          57,
          64
        ],
        "14": [
          64,
          65
        ],
        "13": [
          65,
          70
        ],
        "18": [
          70,
          73
        ],
        "7": [
          73,
          78
        ],
        "17": [
          78,
          87
        ],
        "20": [
          87,
          95
        ],
        "9": [
          95,
          97
        ],
        "12": [
          97,
          105
        ],
        "19": [
          105,
          107
        ],
        "21": [
          107,
          109
        ],
        "22": [
          109,
          109
        ]
      },