{
  "instance": "inst_set1a_sf0.5_nc1.5_n20_m15_02",
  "results": {
    "HRPW*": {
      "makespan": 73,
      "execution_time": 0.0002090930938720703,
      "schedule": {
        "1": [
          0,
          0
        ],
        "2": [
          0,
          9
        ],
        "10": [
          9,
          17
        ],
        "3": [
          0,
          7
        ],
        "4": [
          17,
          23
        ],
        "11": [
          17,
          22
        ],
        "12": [
          23,
          33
        ],
        "16": [
          33,
          43
        ],
        "8": [
          43,
          45
        ],
        "5": [
          45,
          53
        ],
        "9": [
          45,
          47
        ],
        "6": [
          23,
          25
        ],
        "13": [
          53,
          55
        ],
        "14": [
          55,
          64
        ],
        "17": [
          55,
          64
        ],
        "15": [
          64,
          65
        ],
        "7": [
          9,
          12
        ],
        "18": [
          65,
          71
        ],
        "19": [
          64,
          69
        ],
        "21": [
          71,
          73
        ],
        "20": [
          65,
          66
        ],
        "22": [
          73,
          73
        ]
      },
      "activity_order": [
        1,
        2,
        10,
        3,
        4,
        11,
        12,
        16,
        8,
        5,
        9,
        6,
        13,
        14,
        17,
        15,
        7,
        18,
        19,
        21,
        20,
        22
      ]
    },
    "LST": {
      "makespan": 73,
      "execution_time": 0.00023484230041503906,
      "schedule": {
        "1": [
          0,
          0
        ],
        "2": [
          0,
          9
        ],
        "10": [
          9,
          17
        ],
        "3": [
          0,
          7
        ],
        "4": [
          17,
          23
        ],
        "11": [
          17,
          22
        ],
        "12": [
          23,
          33
        ],
        "16": [
          33,
          43
        ],
        "8": [
          43,
          45
        ],
        "5": [
          45,
          53
        ],
        "9": [
          45,
          47
        ],
        "6": [
          23,
          25
        ],
        "13": [
          53,
          55
        ],
        "14": [
          55,
          64
        ],
        "17": [
          55,
          64
        ],
        "15": [
          64,
          65
        ],
        "7": [
          9,
          12
        ],
        "18": [
          65,
          71
        ],
        "19": [
          64,
          69
        ],
        "21": [
          71,
          73
        ],
        "20": [
          65,
          66
        ],
        "22": [
          73,
          73
        ]
      },
      "activity_order": [
        1,
        2,
        10,
        3,
        4,
        11,
        12,
        16,
        8,
        5,
        9,
        6,
        13,
        14,
        17,
        15,
        7,
        18,
        19,
        21,
        20,
        22
      ]
    },
    "LFT": {
      "makespan": 71,
      "execution_time": 0.0002181529998779297,
      "schedule": {
        "1": [
          0,
          0
        ],
        "2": [
          0,
          9
        ],
        "3": [
          0,
          7
        ],
        "10": [
          9,
          17
        ],
        "4": [
          17,
          23
        ],
        "11": [
          17,
          22
        ],
        "8": [
          23,
          25
        ],
        "9": [
          25,
          27
        ],
        "6": [
          23,
          25
        ],
        "13": [
          27,
          29
        ],
        "12": [
          29,
          39
        ],
        "5": [
          39,
          47
        ],
        "15": [
          39,
          40
        ],
        "16": [
          47,
          57
        ],
        "7": [
          9,
          12
        ],
        "14": [
          40,
          49
        ],
        "17": [
          57,
          66
        ],
        "18": [
          57,
          63
        ],
        "19": [
          66,
          71
        ],
        "20": [
          49,
          50
        ],
        "21": [
          66,
          68
        ],
        "22": [
          71,
          71
        ]
      },
      "activity_order": [
        1,
        2,
        3,
        10,
        4,
        11,
        8,
        9,
        6,
        13,
        12,
        5,
        15,
        16,
        7,
        14,
        17,
        18,
        19,
        20,
        21,
        22
      ]
    },
    "MTS": {
      "makespan": 53,
      "execution_time": 0.0002415180206298828,
      "schedule": {
        "1": [
          0,
          0
        ],
        "4": [
          0,
          6
        ],
        "2": [
          0,
          9
        ],
        "3": [
          0,
          7
        ],
        "8": [
          7,
          9
        ],
        "10": [
          9,
          17
        ],
        "11": [
          17,
          22
        ],
        "9": [
          9,
          11
        ],
        "12": [
          9,
          19
        ],
        "5": [
          19,
          27
        ],
        "6": [
          17,
          19
        ],
        "13": [
          27,
          29
        ],
        "15": [
          19,
          20
        ],
        "16": [
          29,
          39
        ],
        "7": [
          9,
          12
        ],
        "14": [
          29,
          38
        ],
        "17": [
          39,
          48
        ],
        "18": [
          39,
          45
        ],
        "19": [
          48,
          53
        ],
        "20": [
          38,
          39
        ],
        "21": [
          48,
          50
        ],
        "22": [
          53,
          53
        ]
      },
      "activity_order": [
        1,
        4,
        2,
        3,
        8,
        10,
        11,
        9,
        12,
        5,
        6,
        13,
        15,
        16,
        7,
        14,
        17,
        18,
        19,
        20,
        21,
        22
      ]
    },
    "TIMROS": {
      "makespan": 94,
      "execution_time": 0.0006077289581298828,
      "schedule": {
        "1": [
          0,
          0
        ],
        "2": [
          0,
          9
        ],
        "10": [
          9,
          17
        ],
        "4": [
          17,
          23
        ],
        "12": [
          23,
          33
        ],
        "3": [
          33,
          40
        ],
        "11": [
          40,
          45
        ],
        "16": [
          45,
          55
        ],
        "5": [
          55,
          63
        ],
        "6": [
          23,
          25
        ],
        "17": [
          63,
          72
        ],
        "7": [
          9,
          12
        ],
        "19": [
          72,
          77
        ],
        "8": [
          77,
          79
        ],
        "9": [
          79,
          81
        ],
        "15": [
          79,
          80
        ],
        "18": [
          80,
          86
        ],
        "13": [
          81,
          83
        ],
        "14": [
          83,
          92
        ],
        "21": [
          92,
          94
        ],
        "20": [
          92,
          93
        ],
        "22": [
          94,
          94
        ]
      },
      "activity_order": [
        1,
        2,
        10,
        4,
        12,
        3,
        11,
        16,
        5,
        6,
        17,
        7,
        19,
        8,
        9,
        15,
        18,
        13,
        14,
        21,
        20,
        22
      ]
    },
    "HRU1": {
      "makespan": 53,