{
  "instance": "inst_set1a_sf0_nc2.1_n20_m10_05",
  "results": {
    "HRPW*": {
      "makespan": 63,
      "execution_time": 0.0002014636993408203,
      "schedule": {
        "1": [
          0,
          0
        ],
        "3": [
          0,
          3
        ],
        "2": [
          0,
          8
        ],
        "6": [
          3,
          12
        ],
        "4": [
          8,
          16
        ],
        "5": [
          8,
          15
        ],
        "8": [
          16,
          25
        ],
        "10": [
          16,
          20
        ],
        "13": [
          25,
          30
        ],
        "7": [
          30,
          38
        ],
        "9": [
          38,
          41
        ],
        "11": [
          25,
          30
        ],
        "14": [
          41,
          47
        ],
        "16": [
          30,
          40
        ],
        "17": [
          47,
          50
        ],
        "15": [
          40,
          41
        ],
        "20": [
          50,
          58
        ],
        "12": [
          50,
          54
        ],
        "18": [
          54,
          59
        ],
        "19": [
          59,
          62
        ],
        "21": [
          62,
          63
        ],
        "22": [
          63,
          63
        ]
      },
      "activity_order": [
        1,
        3,
        2,
        6,
        4,
        5,
        8,
        10,
        13,
        7,
        9,
        11,
        14,
        16,
        17,
        15,
        20,
        12,
        18,
        19,
        21,
        22
      ]
    },
    "LST": {
      "makespan": 63,
      "execution_time": 0.00019478797912597656,
      "schedule": {
        "1": [
          0,
          0
        ],
        "3": [
          0,
          3
        ],
        "2": [
          0,
          8
        ],
        "6": [
          3,
          12
        ],
        "4": [
          8,
          16
        ],
        "5": [
          8,
          15
        ],
        "8": [
          16,
          25
        ],
        "10": [
          16,
          20
        ],
        "13": [
          25,
          30
        ],
        "7": [
          30,
          38
        ],
        "9": [
          38,
          41
        ],
        "11": [
          25,
          30
        ],
        "14": [
          41,
          47
        ],
        "16": [
          30,
          40
        ],
        "17": [
          47,
          50
        ],
        "15": [
          40,
          41
        ],
        "20": [
          50,
          58
        ],
        "12": [
          50,
          54
        ],
        "18": [
          54,
          59
        ],
        "19": [
          59,
          62
        ],
        "21": [
          62,
          63
        ],
        "22": [
          63,
          63
        ]
      },
      "activity_order": [
        1,
        3,
        2,
        6,
        4,
        5,
        8,
        10,
        13,
        7,
        9,
        11,
        14,
        16,
        17,
        15,
        20,
        12,
        18,
        19,
        21,
        22
      ]
    },
    "LFT": {
      "makespan": 63,
      "execution_time": 0.00019025802612304688,
      "schedule": {
        "1": [
          0,
          0
        ],
        "3": [
          0,
          3
        ],
        "2": [
          0,
          8
        ],
        "4": [
          8,
          16
        ],
        "6": [
          3,
          12
        ],
        "10": [
          16,
          20
        ],
        "5": [
          20,
          27
        ],
        "8": [
          16,
          25
        ],
        "9": [
          25,
          28
        ],
        "13": [
          28,
          33
        ],
        "7": [
          33,
          41
        ],
        "11": [
          25,
          30
        ],
        "14": [
          41,
          47
        ],
        "15": [
          41,
          42
        ],
        "17": [
          47,
          50
        ],
        "12": [
          50,
          54
        ],
        "16": [
          42,
          52
        ],
        "18": [
          54,
          59
        ],
        "19": [
          59,
          62
        ],
        "20": [
          52,
          60
        ],
        "21": [
          62,
          63
        ],
        "22": [
          63,
          63
        ]
      },
      "activity_order": [
        1,
        3,
        2,
        4,
        6,
        10,
        5,
        8,
        9,
        13,
        7,
        11,
        14,
        15,
        17,
        12,
        16,
        18,
        19,
        20,
        21,
        22
      ]
    },
    "MTS": {
      "makespan": 62,
      "execution_time": 0.00022792816162109375,
      "schedule": {
        "1": [
          0,
          0
        ],
        "3": [
          0,
          3
        ],
        "4": [
          0,
          8
        ],
        "2": [
          8,
          16
        ],
        "6": [
          3,
          12
        ],
        "10": [
          8,
          12
        ],
        "8": [
          12,
          21
        ],
        "5": [
          16,
          23
        ],
        "9": [
          21,
          24
        ],
        "13": [
          24,
          29
        ],
        "11": [
          21,
          26
        ],
        "14": [
          29,
          35
        ],
        "7": [
          35,
          43
        ],
        "12": [
          43,
          47
        ],
        "15": [
          43,
          44
        ],
        "16": [
          44,
          54
        ],
        "17": [
          47,
          50
        ],
        "18": [
          50,
          55
        ],
        "19": [
          55,
          58
        ],
        "20": [
          54,
          62
        ],
        "21": [
          58,
          59
        ],
        "22": [
          62,
          62
        ]
      },
      "activity_order": [
        1,
        3,
        4,
        2,
        6,
        10,
        8,
        5,
        9,
        13,
        11,
        14,
        7,
        12,
        15,
        16,
        17,
        18,
        19,
        20,
        21,
        22
      ]
    },
    "TIMROS": {
      "makespan": 78,
      "execution_time": 0.000186920166015625,
      "schedule": {
        "1": [
          0,
          0
        ],
        "2": [
          0,
          8
        ],
        "4": [
          8,
          16
        ],
        "5": [
          8,
          15
        ],
        "7": [
          15,
          23
        ],
        "10": [
          16,
          20
        ],
        "3": [
          23,
          26
        ],
        "6": [
          26,
          35
        ],
        "8": [
          35,
          44
        ],
        "11": [
          44,
          49
        ],
        "13": [
          44,
          49
        ],
        "16": [
          49,
          59
        ],
        "18": [
          49,
          54
        ],
        "9": [
          54,
          57
        ],
        "14": [
          57,
          63
        ],
        "12": [
          63,
          67
        ],
        "17": [
          67,
          70
        ],
        "19": [
          70,
          73
        ],
        "15": [
          59,
          60
        ],
        "20": [
          70,
          78
        ],
        "21": [
          73,
          74
        ],
        "22": [
          78,
          78
        ]
      },
      "activity_order": [
        1,
        2,
        4,
        5,
        7,
        10,
        3,
        6,
        8,
        11,
        13,
        16,
        18,
        9,
        14,
        12,
        17,
        19,
        15,
        20,
        21,
        22
      ]
    },
    "HRU1": {
      "makespan": 70,