{
  "instance": "inst_set1a_sf0.5_nc1.8_n20_m10_02",
  "results": {
    "HRPW*": {
      "makespan": 42,
      "execution_time": 0.00015854835510253906,
      "schedule": {
        "1": [
          0,
          0
        ],
        "3": [
          0,
          1
        ],
        "9": [
          1,
          9
        ],
        "5": [
          9,
          10
        ],
        "7": [
          10,
          16
        ],
        "4": [
          16,
          18
        ],
        "6": [
          18,
          20
        ],
        "10": [
          18,
          28
        ],
        "16": [
          20,
          26
        ],
        "13": [
          16,
          19
        ],
        "14": [
          20,
          26
        ],
        "8": [
          26,
          31
        ],
        "18": [
          26,
          36
        ],
        "2": [
          19,
          20
        ],
        "12": [
          31,
          38
        ],
        "15": [
          31,
          37
        ],
        "17": [
          28,
          33
        ],
        "11": [
          36,
          41
        ],
        "20": [
          38,
          40
        ],
        "21": [
          38,
          40
        ],
        "19": [
          41,
          42
        ],
        "22": [
          42,
          42
        ]
      },
      "activity_order": [
        1,
        3,
        9,
        5,
        7,
        4,
        6,
        10,
        16,
        13,
        14,
        8,
        18,
        2,
        12,
        15,
        17,
        11,
        20,
        21,
        19,
        22
      ]
    },
    "LST": {
      "makespan": 42,
      "execution_time": 0.00017499923706054688,
      "schedule": {
        "1": [
          0,
          0
        ],
        "3": [
          0,
          1
        ],
        "9": [
          1,
          9
        ],
        "5": [
          9,
          10
        ],
        "7": [
          10,
          16
        ],
        "4": [
          16,
          18
        ],
        "6": [
          18,
          20
        ],
        "10": [
          18,
          28
        ],
        "16": [
          20,
          26
        ],
        "13": [
          16,
          19
        ],
        "14": [
          20,
          26
        ],
        "8": [
          26,
          31
        ],
        "18": [
          26,
          36
        ],
        "2": [
          19,
          20
        ],
        "12": [
          31,
          38
        ],
        "15": [
          31,
          37
        ],
        "17": [
          28,
          33
        ],
        "11": [
          36,
          41
        ],
        "20": [
          38,
          40
        ],
        "21": [
          38,
          40
        ],
        "19": [
          41,
          42
        ],
        "22": [
          42,
          42
        ]
      },
      "activity_order": [
        1,
        3,
        9,
        5,
        7,
        4,
        6,
        10,
        16,
        13,
        14,
        8,
        18,
        2,
        12,
        15,
        17,
        11,
        20,
        21,
        19,
        22
      ]
    },
    "LFT": {
      "makespan": 28,
      "execution_time": 0.0001583099365234375,
      "schedule": {
        "1": [
          0,
          0
        ],
        "3": [
          0,
          1
        ],
        "5": [
          1,
          2
        ],
        "4": [
          0,
          2
        ],
        "6": [
          2,
          4
        ],
        "9": [
          2,
          10
        ],
        "7": [
          2,
          8
        ],
        "13": [
          10,
          13
        ],
        "16": [
          10,
          16
        ],
        "2": [
          13,
          14
        ],
        "8": [
          2,
          7
        ],
        "10": [
          2,
          12
        ],
        "14": [
          13,
          19
        ],
        "12": [
          19,
          26
        ],
        "17": [
          16,
          21
        ],
        "11": [
          8,
          13
        ],
        "15": [
          19,
          25
        ],
        "18": [
          16,
          26
        ],
        "19": [
          26,
          27
        ],
        "20": [
          26,
          28
        ],
        "21": [
          26,
          28
        ],
        "22": [
          28,
          28
        ]
      },
      "activity_order": [
        1,
        3,
        5,
        4,
        6,
        9,
        7,
        13,
        16,
        2,
        8,
        10,
        14,
        12,
        17,
        11,
        15,
        18,
        19,
        20,
        21,
        22
      ]
    },
    "MTS": {
      "makespan": 35,
      "execution_time": 0.0001766681671142578,
      "schedule": {
        "1": [
          0,
          0
        ],
        "3": [
          0,
          1
        ],
        "4": [
          0,
          2
        ],
        "5": [
          1,
          2
        ],
        "6": [
          2,
          4
        ],
        "7": [
          2,
          8
        ],
        "9": [
          2,
          10
        ],
        "10": [
          2,
          12
        ],
        "16": [
          10,
          16
        ],
        "13": [
          10,
          13
        ],
        "2": [
          13,
          14
        ],
        "8": [
          2,
          7
        ],
        "12": [
          14,
          21
        ],
        "14": [
          21,
          27
        ],
        "17": [
          16,
          21
        ],
        "11": [
          8,
          13
        ],
        "15": [
          27,
          33
        ],
        "18": [
          16,
          26
        ],
        "19": [
          33,
          34
        ],
        "20": [
          21,
          23
        ],
        "21": [
          33,
          35
        ],
        "22": [
          35,
          35
        ]
      },
      "activity_order": [
        1,
        3,
        4,
        5,
        6,
        7,
        9,
        10,
        16,
        13,
        2,
        8,
        12,
        14,
        17,
        11,
        15,
        18,
        19,
        20,
        21,
        22
      ]
    },
    "TIMROS": {
      "makespan": 56,
      "execution_time": 0.00015616416931152344,
      "schedule": {
        "1": [
          0,
          0
        ],
        "2": [
          0,
          1
        ],
        "12": [
          1,
          8
        ],
        "3": [
          8,
          9
        ],
        "9": [
          9,
          17
        ],
        "4": [
          0,
          2
        ],
        "8": [
          9,
          14
        ],
        "10": [
          2,
          12
        ],
        "5": [
          17,
          18
        ],
        "7": [
          18,
          24
        ],
        "13": [
          24,
          27
        ],
        "11": [
          24,
          29
        ],
        "6": [
          2,
          4
        ],
        "14": [
          27,
          33
        ],
        "15": [
          33,
          39
        ],
        "16": [
          39,
          45
        ],
        "18": [
          45,
          55
        ],
        "17": [
          45,
          50
        ],
        "21": [
          50,
          52
        ],
        "20": [
          50,
          52
        ],
        "19": [
          55,
          56
        ],
        "22": [
          56,
          56
        ]
      },
      "activity_order": [
        1,
        2,
        12,
        3,
        9,
        4,
        8,
        10,
        5,
        7,
        13,
        11,
        6,
        14,
        15,
        16,
        18,
        17,
        21,
        20,
        19,
        22
      ]
    },
    "HRU1": {
      "makespan": 43,