{
  "instance": "inst_set1a_sf0.75_nc1.8_n20_m10_04",
  "results": {
    "HRPW*": {
      "makespan": 117,
      "execution_time": 7.486343383789062e-05,
      "schedule": {
        "1": [
          0,
          0
        ],
        "4": [
          0,
          5
        ],
        "5": [
          5,
          6
        ],
        "8": [
          6,
          12
        ],
        "10": [
          12,
          18
        ],
        "2": [
          18,
          21
        ],
        "3": [
          21,
          24
        ],
        "9": [
          24,
          32
        ],
        "12": [
          32,
          40
        ],
        "6": [
          40,
          50
        ],
        "7": [
          50,
          55
        ],
        "16": [
          55,
          65
        ],
        "14": [
          65,
          72
        ],
        "13": [
          72,
          77
        ],
        "17": [
          77,
          85
        ],
        "11": [
          85,
          88
        ],
        "15": [
          88,
          91
        ],
        "18": [
          91,
          94
        ],
        "20": [
          94,
          104
        ],
        "21": [
          104,
          114
        ],
        "19": [
          114,
          117
        ],
        "22": [
          117,
          117
        ]
      },
      "activity_order": [
        1,
        4,
        5,
        8,
        10,
        2,
        3,
        9,
        12,
        6,
        7,
        16,
        14,
        13,
        17,
        11,
        15,
        18,
        20,
        21,
        19,
        22
      ]
    },
    "LST": {
      "makespan": 117,
      "execution_time": 5.125999450683594e-05,
      "schedule": {
        "1": [
          0,
          0
        ],
        "4": [
          0,
          5
        ],
        "5": [
          5,
          6
        ],
        "8": [
          6,
          12
        ],
        "10": [
          12,
          18
        ],
        "2": [
          18,
          21
        ],
        "3": [
          21,
          24
        ],
        "9": [
          24,
          32
        ],
        "12": [
          32,
          40
        ],
        "6": [
          40,
          50
        ],
        "7": [
          50,
          55
        ],
        "16": [
          55,
          65
        ],
        "14": [
          65,
          72
        ],
        "13": [
          72,
          77
        ],
        "17": [
          77,
          85
        ],
        "11": [
          85,
          88
        ],
        "15": [
          88,
          91
        ],
        "18": [
          91,
          94
        ],
        "20": [
          94,
          104
        ],
        "21": [
          104,
          114
        ],
        "19": [
          114,
          117
        ],
        "22": [
          117,
          117
        ]
      },
      "activity_order": [
        1,
        4,
        5,
        8,
        10,
        2,
        3,
        9,
        12,
        6,
        7,
        16,
        14,
        13,
        17,
        11,
        15,
        18,
        20,
        21,
        19,
        22
      ]
    },
    "LFT": {
      "makespan": 117,
      "execution_time": 8.320808410644531e-05,
      "schedule": {
        "1": [
          0,
          0
        ],
        "4": [
          0,
          5
        ],
        "5": [
          5,
          6
        ],
        "8": [
          6,
          12
        ],
        "2": [
          12,
          15
        ],
        "10": [
          15,
          21
        ],
        "3": [
          21,
          24
        ],
        "9": [
          24,
          32
        ],
        "12": [
          32,
          40
        ],
        "6": [
          40,
          50
        ],
        "7": [
          50,
          55
        ],
        "13": [
          55,
          60
        ],
        "14": [
          60,
          67
        ],
        "16": [
          67,
          77
        ],
        "11": [
          77,
          80
        ],
        "15": [
          80,
          83
        ],
        "17": [
          83,
          91
        ],
        "18": [
          91,
          94
        ],
        "19": [
          94,
          97
        ],
        "20": [
          97,
          107
        ],
        "21": [
          107,
          117
        ],
        "22": [
          117,
          117
        ]
      },
      "activity_order": [
        1,
        4,
        5,
        8,
        2,
        10,
        3,
        9,
        12,
        6,
        7,
        13,
        14,
        16,
        11,
        15,
        17,
        18,
        19,
        20,
        21,
        22
      ]
    },
    "MTS": {
      "makespan": 117,
      "execution_time": 6.198883056640625e-05,
      "schedule": {
        "1": [
          0,
          0
        ],
        "4": [
          0,
          5
        ],
        "2": [
          5,
          8
        ],
        "5": [
          8,
          9
        ],
        "3": [
          9,
          12
        ],
        "8": [
          12,
          18
        ],
        "9": [
          18,
          26
        ],
        "10": [
          26,
          32
        ],
        "6": [
          32,
          42
        ],
        "14": [
          42,
          49
        ],
        "7": [
          49,
          54
        ],
        "12": [
          54,
          62
        ],
        "13": [
          62,
          67
        ],
        "11": [
          67,
          70
        ],
        "16": [
          70,
          80
        ],
        "17": [
          80,
          88
        ],
        "15": [
          88,
          91
        ],
        "18": [
          91,
          94
        ],
        "19": [
          94,
          97
        ],
        "20": [
          97,
          107
        ],
        "21": [
          107,
          117
        ],
        "22": [
          117,
          117
        ]
      },
      "activity_order": [
        1,
        4,
        2,
        5,
        3,
        8,
        9,
        10,
        6,
        14,
        7,
        12,
        13,
        11,
        16,
        17,
        15,
        18,
        19,
        20,
        21,
        22
      ]
    },
    "TIMROS": {
      "makespan": 117,
      "execution_time": 5.054473876953125e-05,
      "schedule": {
        "1": [
          0,
          0
        ],
        "2": [
          0,
          3
        ],
        "13": [
          3,
          8
        ],
        "9": [
          8,
          16
        ],
        "4": [
          16,
          21
        ],
        "7": [
          21,
          26
        ],
        "3": [
          26,
          29
        ],
        "6": [
          29,
          39
        ],
        "14": [
          39,
          46
        ],
        "15": [
          46,
          49
        ],
        "5": [
          49,
          50
        ],
        "20": [
          50,
          60
        ],
        "8": [
          60,
          66
        ],
        "10": [
          66,
          72
        ],
        "12": [
          72,
          80
        ],
        "17": [
          80,
          88
        ],
        "16": [
          88,
          98
        ],
        "11": [
          98,
          101
        ],
        "18": [
          101,
          104
        ],
        "21": [
          104,
          114
        ],
        "19": [
          114,
          117
        ],
        "22": [
          117,
          117
        ]
      },
      "activity_order": [
        1,
        2,
        13,
        9,
        4,
        7,
        3,
        6,
        14,
        15,
        5,
        20,
        8,
        10,
        12,
        17,
        16,
        11,
        18,
        21,
        19,
        22
      ]
    },