{
  "instance": "inst_set1a_sf0.75_nc1.8_n20_m10_03",
  "results": {
    "HRPW*": {
      "makespan": 120,
      "execution_time": 0.0001633167266845703,
      "schedule": {
        "1": [
          0,
          0
        ],
        "4": [
          0,
          5
        ],
        "6": [
          5,
          14
        ],
        "3": [
          14,
          22
        ],
        "11": [
          22,
          31
        ],
        "5": [
          31,
          39
        ],
        "7": [
          39,
          42
        ],
        "8": [
          42,
          47
        ],
        "16": [
          47,
          54
        ],
        "9": [
          54,
          60
        ],
        "15": [
          60,
          66
        ],
        "13": [
          66,
          72
        ],
        "17": [
          72,
          78
        ],
        "2": [
          78,
          88
        ],
        "18": [
          88,
          97
        ],
        "20": [
          97,
          107
        ],
        "10": [
          107,
          108
        ],
        "12": [
          108,
          112
        ],
        "14": [
          112,
          115
        ],
        "21": [
          115,
          119
        ],
        "19": [
          119,
          120
        ],
        "22": [
          120,
          120
        ]
      },
      "activity_order": [
        1,
        4,
        6,
        3,
        11,
        5,
        7,
        8,
        16,
        9,
        15,
        13,
        17,
        2,
        18,
        20,
        10,
        12,
        14,
        21,
        19,
        22
      ]
    },
    "LST": {
      "makespan": 120,
      "execution_time": 0.00015115737915039062,
      "schedule": {
        "1": [
          0,
          0
        ],
        "4": [
          0,
          5
        ],
        "6": [
          5,
          14
        ],
        "3": [
          14,
          22
        ],
        "11": [
          22,
          31
        ],
        "5": [
          31,
          39
        ],
        "7": [
          39,
          42
        ],
        "8": [
          42,
          47
        ],
        "16": [
          47,
          54
        ],
        "9": [
          54,
          60
        ],
        "15": [
          60,
          66
        ],
        "13": [
          66,
          72
        ],
        "17": [
          72,
          78
        ],
        "2": [
          78,
          88
        ],
        "18": [
          88,
          97
        ],
        "20": [
          97,
          107
        ],
        "10": [
          107,
          108
        ],
        "12": [
          108,
          112
        ],
        "14": [
          112,
          115
        ],
        "21": [
          115,
          119
        ],
        "19": [
          119,
          120
        ],
        "22": [
          120,
          120
        ]
      },
      "activity_order": [
        1,
        4,
        6,
        3,
        11,
        5,
        7,
        8,
        16,
        9,
        15,
        13,
        17,
        2,
        18,
        20,
        10,
        12,
        14,
        21,
        19,
        22
      ]
    },
    "LFT": {
      "makespan": 120,
      "execution_time": 0.00016307830810546875,
      "schedule": {
        "1": [
          0,
          0
        ],
        "4": [
          0,
          5
        ],
        "6": [
          5,
          14
        ],
        "3": [
          14,
          22
        ],
        "7": [
          22,
          25
        ],
        "5": [
          25,
          33
        ],
        "11": [
          33,
          42
        ],
        "8": [
          42,
          47
        ],
        "9": [
          47,
          53
        ],
        "15": [
          53,
          59
        ],
        "16": [
          59,
          66
        ],
        "13": [
          66,
          72
        ],
        "17": [
          72,
          78
        ],
        "10": [
          78,
          79
        ],
        "2": [
          79,
          89
        ],
        "12": [
          89,
          93
        ],
        "14": [
          93,
          96
        ],
        "18": [
          96,
          105
        ],
        "19": [
          105,
          106
        ],
        "20": [
          106,
          116
        ],
        "21": [
          116,
          120
        ],
        "22": [
          120,
          120
        ]
      },
      "activity_order": [
        1,
        4,
        6,
        3,
        7,
        5,
        11,
        8,
        9,
        15,
        16,
        13,
        17,
        10,
        2,
        12,
        14,
        18,
        19,
        20,
        21,
        22
      ]
    },
    "MTS": {
      "makespan": 120,
      "execution_time": 0.0001533031463623047,
      "schedule": {
        "1": [
          0,
          0
        ],
        "4": [
          0,
          5
        ],
        "6": [
          5,
          14
        ],
        "7": [
          14,
          17
        ],
        "3": [
          17,
          25
        ],
        "8": [
          25,
          30
        ],
        "5": [
          30,
          38
        ],
        "11": [
          38,
          47
        ],
        "9": [
          47,
          53
        ],
        "10": [
          53,
          54
        ],
        "16": [
          54,
          61
        ],
        "13": [
          61,
          67
        ],
        "15": [
          67,
          73
        ],
        "2": [
          73,
          83
        ],
        "12": [
          83,
          87
        ],
        "17": [
          87,
          93
        ],
        "14": [
          93,
          96
        ],
        "18": [
          96,
          105
        ],
        "19": [
          105,
          106
        ],
        "20": [
          106,
          116
        ],
        "21": [
          116,
          120
        ],
        "22": [
          120,
          120
        ]
      },
      "activity_order": [
        1,
        4,
        6,
        7,
        3,
        8,
        5,
        11,
        9,
        10,
        16,
        13,
        15,
        2,
        12,
        17,
        14,
        18,
        19,
        20,
        21,
        22
      ]
    },
    "TIMROS": {
      "makespan": 120,
      "execution_time": 0.00015163421630859375,
      "schedule": {
        "1": [
          0,
          0
        ],
        "2": [
          0,
          10
        ],
        "3": [
          10,
          18
        ],
        "5": [
          18,
          26
        ],
        "4": [
          26,
          31
        ],
        "20": [
          31,
          41
        ],
        "6": [
          41,
          50
        ],
        "11": [
          50,
          59
        ],
        "7": [
          59,
          62
        ],
        "16": [
          62,
          69
        ],
        "8": [
          69,
          74
        ],
        "9": [
          74,
          80
        ],
        "13": [
          80,
          86
        ],
        "15": [
          86,
          92
        ],
        "17": [
          92,
          98
        ],
        "18": [
          98,
          107
        ],
        "10": [
          107,
          108
        ],
        "12": [
          108,
          112
        ],
        "14": [
          112,
          115
        ],
        "21": [
          115,
          119
        ],
        "19": [
          119,
          120
        ],
        "22": [
          120,
          120
        ]
      },