{
  "instance": "inst_set1a_sf0.5_nc2.1_n20_m10_05",
  "results": {
    "HRPW*": {
      "makespan": 85,
      "execution_time": 0.00026154518127441406,
      "schedule": {
        "1": [
          0,
          0
        ],
        "4": [
          0,
          5
        ],
        "7": [
          5,
          11
        ],
        "6": [
          11,
          13
        ],
        "8": [
          13,
          21
        ],
        "2": [
          21,
          24
        ],
        "9": [
          24,
          31
        ],
        "12": [
          31,
          35
        ],
        "3": [
          35,
          37
        ],
        "10": [
          37,
          38
        ],
        "13": [
          38,
          46
        ],
        "16": [
          46,
          53
        ],
        "17": [
          53,
          59
        ],
        "11": [
          59,
          60
        ],
        "18": [
          60,
          69
        ],
        "15": [
          69,
          73
        ],
        "20": [
          73,
          79
        ],
        "14": [
          79,
          81
        ],
        "5": [
          81,
          82
        ],
        "21": [
          82,
          84
        ],
        "19": [
          84,
          85
        ],
        "22": [
          85,
          85
        ]
      },
      "activity_order": [
        1,
        4,
        7,
        6,
        8,
        2,
        9,
        12,
        3,
        10,
        13,
        16,
        17,
        11,
        18,
        15,
        20,
        14,
        5,
        21,
        19,
        22
      ]
    },
    "LST": {
      "makespan": 85,
      "execution_time": 4.76837158203125e-05,
      "schedule": {
        "1": [
          0,
          0
        ],
        "4": [
          0,
          5
        ],
        "7": [
          5,
          11
        ],
        "6": [
          11,
          13
        ],
        "8": [
          13,
          21
        ],
        "2": [
          21,
          24
        ],
        "9": [
          24,
          31
        ],
        "12": [
          31,
          35
        ],
        "3": [
          35,
          37
        ],
        "10": [
          37,
          38
        ],
        "13": [
          38,
          46
        ],
        "16": [
          46,
          53
        ],
        "17": [
          53,
          59
        ],
        "11": [
          59,
          60
        ],
        "18": [
          60,
          69
        ],
        "15": [
          69,
          73
        ],
        "20": [
          73,
          79
        ],
        "14": [
          79,
          81
        ],
        "5": [
          81,
          82
        ],
        "21": [
          82,
          84
        ],
        "19": [
          84,
          85
        ],
        "22": [
          85,
          85
        ]
      },
      "activity_order": [
        1,
        4,
        7,
        6,
        8,
        2,
        9,
        12,
        3,
        10,
        13,
        16,
        17,
        11,
        18,
        15,
        20,
        14,
        5,
        21,
        19,
        22
      ]
    },
    "LFT": {
      "makespan": 85,
      "execution_time": 4.506111145019531e-05,
      "schedule": {
        "1": [
          0,
          0
        ],
        "4": [
          0,
          5
        ],
        "6": [
          5,
          7
        ],
        "7": [
          7,
          13
        ],
        "8": [
          13,
          21
        ],
        "2": [
          21,
          24
        ],
        "3": [
          24,
          26
        ],
        "10": [
          26,
          27
        ],
        "12": [
          27,
          31
        ],
        "9": [
          31,
          38
        ],
        "16": [
          38,
          45
        ],
        "17": [
          45,
          51
        ],
        "11": [
          51,
          52
        ],
        "13": [
          52,
          60
        ],
        "15": [
          60,
          64
        ],
        "5": [
          64,
          65
        ],
        "14": [
          65,
          67
        ],
        "18": [
          67,
          76
        ],
        "19": [
          76,
          77
        ],
        "20": [
          77,
          83
        ],
        "21": [
          83,
          85
        ],
        "22": [
          85,
          85
        ]
      },
      "activity_order": [
        1,
        4,
        6,
        7,
        8,
        2,
        3,
        10,
        12,
        9,
        16,
        17,
        11,
        13,
        15,
        5,
        14,
        18,
        19,
        20,
        21,
        22
      ]
    },
    "MTS": {
      "makespan": 85,
      "execution_time": 6.842613220214844e-05,
      "schedule": {
        "1": [
          0,
          0
        ],
        "4": [
          0,
          5
        ],
        "2": [
          5,
          8
        ],
        "7": [
          8,
          14
        ],
        "6": [
          14,
          16
        ],
        "8": [
          16,
          24
        ],
        "3": [
          24,
          26
        ],
        "10": [
          26,
          27
        ],
        "12": [
          27,
          31
        ],
        "9": [
          31,
          38
        ],
        "11": [
          38,
          39
        ],
        "13": [
          39,
          47
        ],
        "16": [
          47,
          54
        ],
        "17": [
          54,
          60
        ],
        "5": [
          60,
          61
        ],
        "14": [
          61,
          63
        ],
        "15": [
          63,
          67
        ],
        "18": [
          67,
          76
        ],
        "19": [
          76,
          77
        ],
        "20": [
          77,
          83
        ],
        "21": [
          83,
          85
        ],
        "22": [
          85,
          85
        ]
      },
      "activity_order": [
        1,
        4,
        2,
        7,
        6,
        8,
        3,
        10,
        12,
        9,
        11,
        13,
        16,
        17,
        5,
        14,
        15,
        18,
        19,
        20,
        21,
        22
      ]
    },
    "TIMROS": {
      "makespan": 85,
      "execution_time": 6.651878356933594e-05,
      "schedule": {
        "1": [
          0,
          0
        ],
        "4": [
          0,
          5
        ],
        "7": [
          5,
          11
        ],
        "3": [
          11,
          13
        ],
        "2": [
          13,
          16
        ],
        "12": [
          16,
          20
        ],
        "13": [
          20,
          28
        ],
        "6": [
          28,
          30
        ],
        "8": [
          30,
          38
        ],
        "9": [
          38,
          45
        ],
        "11": [
          45,
          46
        ],
        "14": [
          46,
          48
        ],
        "15": [
          48,
          52
        ],
        "5": [
          52,
          53
        ],
        "10": [
          53,
          54
        ],
        "17": [
          54,
          60
        ],
        "16": [
          60,
          67
        ],
        "18": [
          67,
          76
        ],
        "20": [
          76,
          82
        ],
        "19": [
          82,
          83
        ],
        "21": [
          83,
          85
        ],
        "22": [
          85,
          85
        ]
      },
      "activity_order": [
        1,
        4,
        7,
        3,
        2,
        12,
        13,
        6,
        8,
        9,
        11,
        14,
        15,
        5,
        10,
        17,
        16,
        18,
        20,
        19,
        21,
        22
      ]
    },
    "HRU1": {
      "makespan": 85,