{
  "instance": "inst_set1a_sf0.75_nc2.1_n20_m10_02",
  "results": {
    "HRPW*": {
      "makespan": 102,
      "execution_time": 3.6716461181640625e-05,
      "schedule": {
        "1": [
          0,
          0
        ],
        "4": [
          0,
          3
        ],
        "2": [
          3,
          4
        ],
        "8": [
          4,
          11
        ],
        "11": [
          11,
          20
        ],
        "3": [
          20,
          24
        ],
        "6": [
          24,
          30
        ],
        "7": [
          30,
          34
        ],
        "14": [
          34,
          40
        ],
        "9": [
          40,
          41
        ],
        "10": [
          41,
          47
        ],
        "15": [
          47,
          53
        ],
        "16": [
          53,
          59
        ],
        "12": [
          59,
          62
        ],
        "13": [
          62,
          65
        ],
        "17": [
          65,
          73
        ],
        "5": [
          73,
          79
        ],
        "18": [
          79,
          84
        ],
        "21": [
          84,
          93
        ],
        "20": [
          93,
          100
        ],
        "19": [
          100,
          102
        ],
        "22": [
          102,
          102
        ]
      },
      "activity_order": [
        1,
        4,
        2,
        8,
        11,
        3,
        6,
        7,
        14,
        9,
        10,
        15,
        16,
        12,
        13,
        17,
        5,
        18,
        21,
        20,
        19,
        22
      ]
    },
    "LST": {
      "makespan": 102,
      "execution_time": 3.528594970703125e-05,
      "schedule": {
        "1": [
          0,
          0
        ],
        "4": [
          0,
          3
        ],
        "2": [
          3,
          4
        ],
        "8": [
          4,
          11
        ],
        "11": [
          11,
          20
        ],
        "3": [
          20,
          24
        ],
        "6": [
          24,
          30
        ],
        "7": [
          30,
          34
        ],
        "14": [
          34,
          40
        ],
        "9": [
          40,
          41
        ],
        "10": [
          41,
          47
        ],
        "15": [
          47,
          53
        ],
        "16": [
          53,
          59
        ],
        "12": [
          59,
          62
        ],
        "13": [
          62,
          65
        ],
        "17": [
          65,
          73
        ],
        "5": [
          73,
          79
        ],
        "18": [
          79,
          84
        ],
        "21": [
          84,
          93
        ],
        "20": [
          93,
          100
        ],
        "19": [
          100,
          102
        ],
        "22": [
          102,
          102
        ]
      },
      "activity_order": [
        1,
        4,
        2,
        8,
        11,
        3,
        6,
        7,
        14,
        9,
        10,
        15,
        16,
        12,
        13,
        17,
        5,
        18,
        21,
        20,
        19,
        22
      ]
    },
    "LFT": {
      "makespan": 102,
      "execution_time": 3.3855438232421875e-05,
      "schedule": {
        "1": [
          0,
          0
        ],
        "2": [
          0,
          1
        ],
        "4": [
          1,
          4
        ],
        "8": [
          4,
          11
        ],
        "3": [
          11,
          15
        ],
        "6": [
          15,
          21
        ],
        "7": [
          21,
          25
        ],
        "9": [
          25,
          26
        ],
        "11": [
          26,
          35
        ],
        "14": [
          35,
          41
        ],
        "10": [
          41,
          47
        ],
        "15": [
          47,
          53
        ],
        "12": [
          53,
          56
        ],
        "13": [
          56,
          59
        ],
        "16": [
          59,
          65
        ],
        "5": [
          65,
          71
        ],
        "17": [
          71,
          79
        ],
        "18": [
          79,
          84
        ],
        "19": [
          84,
          86
        ],
        "20": [
          86,
          93
        ],
        "21": [
          93,
          102
        ],
        "22": [
          102,
          102
        ]
      },
      "activity_order": [
        1,
        2,
        4,
        8,
        3,
        6,
        7,
        9,
        11,
        14,
        10,
        15,
        12,
        13,
        16,
        5,
        17,
        18,
        19,
        20,
        21,
        22
      ]
    },
    "MTS": {
      "makespan": 102,
      "execution_time": 3.552436828613281e-05,
      "schedule": {
        "1": [
          0,
          0
        ],
        "4": [
          0,
          3
        ],
        "2": [
          3,
          4
        ],
        "8": [
          4,
          11
        ],
        "3": [
          11,
          15
        ],
        "6": [
          15,
          21
        ],
        "11": [
          21,
          30
        ],
        "9": [
          30,
          31
        ],
        "7": [
          31,
          35
        ],
        "14": [
          35,
          41
        ],
        "10": [
          41,
          47
        ],
        "15": [
          47,
          53
        ],
        "13": [
          53,
          56
        ],
        "12": [
          56,
          59
        ],
        "16": [
          59,
          65
        ],
        "5": [
          65,
          71
        ],
        "17": [
          71,
          79
        ],
        "18": [
          79,
          84
        ],
        "19": [
          84,
          86
        ],
        "20": [
          86,
          93
        ],
        "21": [
          93,
          102
        ],
        "22": [
          102,
          102
        ]
      },
      "activity_order": [
        1,
        4,
        2,
        8,
        3,
        6,
        11,
        9,
        7,
        14,
        10,
        15,
        13,
        12,
        16,
        5,
        17,
        18,
        19,
        20,
        21,
        22
      ]
    },
    "TIMROS": {
      "makespan": 102,
      "execution_time": 3.457069396972656e-05,
      "schedule": {
        "1": [
          0,
          0
        ],
        "3": [
          0,
          4
        ],
        "7": [
          4,
          8
        ],
        "4": [
          8,
          11
        ],
        "5": [
          11,
          17
        ],
        "6": [
          17,
          23
        ],
        "2": [
          23,
          24
        ],
        "8": [
          24,
          31
        ],
        "10": [
          31,
          37
        ],
        "14": [
          37,
          43
        ],
        "11": [
          43,
          52
        ],
        "13": [
          52,
          55
        ],
        "12": [
          55,
          58
        ],
        "9": [
          58,
          59
        ],
        "15": [
          59,
          65
        ],
        "20": [
          65,
          72
        ],
        "16": [
          72,
          78
        ],
        "18": [
          78,
          83
        ],
        "17": [
          83,
          91
        ],
        "21": [
          91,
          100
        ],
        "19": [
          100,
          102
        ],
        "22": [
          102,
          102
        ]
      },
      "activity_order": [
        1,
        3,
        7,
        4,
        5,
        6,
        2,
        8,
        10,
        14,
        11,
        13,
        12,
        9,
        15,
        20,
        16,
        18,
        17,
        21,
        19,
        22
      ]
    },