{
  "instance": "inst_set1a_sf0.5_nc1.8_n20_m15_02",
  "results": {
    "HRPW*": {
      "makespan": 125,
      "execution_time": 4.601478576660156e-05,
      "schedule": {
        "1": [
          0,
          0
        ],
        "4": [
          0,
          2
        ],
        "6": [
          2,
          10
        ],
        "2": [
          10,
          15
        ],
        "3": [
          15,
          22
        ],
        "10": [
          22,
          29
        ],
        "9": [
          29,
          32
        ],
        "7": [
          32,
          41
        ],
        "5": [
          41,
          48
        ],
        "11": [
          48,
          56
        ],
        "12": [
          56,
          61
        ],
        "8": [
          61,
          63
        ],
        "13": [
          63,
          73
        ],
        "17": [
          73,
          83
        ],
        "15": [
          83,
          92
        ],
        "16": [
          92,
          101
        ],
        "14": [
          101,
          105
        ],
        "18": [
          105,
          108
        ],
        "19": [
          108,
          116
        ],
        "20": [
          116,
          121
        ],
        "21": [
          121,
          125
        ],
        "22": [
          125,
          125
        ]
      },
      "activity_order": [
        1,
        4,
        6,
        2,
        3,
        10,
        9,
        7,
        5,
        11,
        12,
        8,
        13,
        17,
        15,
        16,
        14,
        18,
        19,
        20,
        21,
        22
      ]
    },
    "LST": {
      "makespan": 125,
      "execution_time": 4.220008850097656e-05,
      "schedule": {
        "1": [
          0,
          0
        ],
        "4": [
          0,
          2
        ],
        "6": [
          2,
          10
        ],
        "2": [
          10,
          15
        ],
        "3": [
          15,
          22
        ],
        "10": [
          22,
          29
        ],
        "9": [
          29,
          32
        ],
        "7": [
          32,
          41
        ],
        "5": [
          41,
          48
        ],
        "11": [
          48,
          56
        ],
        "12": [
          56,
          61
        ],
        "8": [
          61,
          63
        ],
        "13": [
          63,
          73
        ],
        "17": [
          73,
          83
        ],
        "15": [
          83,
          92
        ],
        "16": [
          92,
          101
        ],
        "14": [
          101,
          105
        ],
        "18": [
          105,
          108
        ],
        "19": [
          108,
          116
        ],
        "20": [
          116,
          121
        ],
        "21": [
          121,
          125
        ],
        "22": [
          125,
          125
        ]
      },
      "activity_order": [
        1,
        4,
        6,
        2,
        3,
        10,
        9,
        7,
        5,
        11,
        12,
        8,
        13,
        17,
        15,
        16,
        14,
        18,
        19,
        20,
        21,
        22
      ]
    },
    "LFT": {
      "makespan": 125,
      "execution_time": 4.482269287109375e-05,
      "schedule": {
        "1": [
          0,
          0
        ],
        "4": [
          0,
          2
        ],
        "2": [
          2,
          7
        ],
        "6": [
          7,
          15
        ],
        "3": [
          15,
          22
        ],
        "9": [
          22,
          25
        ],
        "10": [
          25,
          32
        ],
        "5": [
          32,
          39
        ],
        "8": [
          39,
          41
        ],
        "12": [
          41,
          46
        ],
        "7": [
          46,
          55
        ],
        "11": [
          55,
          63
        ],
        "13": [
          63,
          73
        ],
        "15": [
          73,
          82
        ],
        "16": [
          82,
          91
        ],
        "17": [
          91,
          101
        ],
        "14": [
          101,
          105
        ],
        "18": [
          105,
          108
        ],
        "19": [
          108,
          116
        ],
        "20": [
          116,
          121
        ],
        "21": [
          121,
          125
        ],
        "22": [
          125,
          125
        ]
      },
      "activity_order": [
        1,
        4,
        2,
        6,
        3,
        9,
        10,
        5,
        8,
        12,
        7,
        11,
        13,
        15,
        16,
        17,
        14,
        18,
        19,
        20,
        21,
        22
      ]
    },
    "MTS": {
      "makespan": 125,
      "execution_time": 4.172325134277344e-05,
      "schedule": {
        "1": [
          0,
          0
        ],
        "2": [
          0,
          5
        ],
        "4": [
          5,
          7
        ],
        "6": [
          7,
          15
        ],
        "3": [
          15,
          22
        ],
        "9": [
          22,
          25
        ],
        "8": [
          25,
          27
        ],
        "5": [
          27,
          34
        ],
        "10": [
          34,
          41
        ],
        "11": [
          41,
          49
        ],
        "7": [
          49,
          58
        ],
        "12": [
          58,
          63
        ],
        "17": [
          63,
          73
        ],
        "13": [
          73,
          83
        ],
        "14": [
          83,
          87
        ],
        "15": [
          87,
          96
        ],
        "16": [
          96,
          105
        ],
        "18": [
          105,
          108
        ],
        "19": [
          108,
          116
        ],
        "20": [
          116,
          121
        ],
        "21": [
          121,
          125
        ],
        "22": [
          125,
          125
        ]
      },
      "activity_order": [
        1,
        2,
        4,
        6,
        3,
        9,
        8,
        5,
        10,
        11,
        7,
        12,
        17,
        13,
        14,
        15,
        16,
        18,
        19,
        20,
        21,
        22
      ]
    },
    "TIMROS": {
      "makespan": 125,
      "execution_time": 4.100799560546875e-05,
      "schedule": {
        "1": [
          0,
          0
        ],
        "2": [
          0,
          5
        ],
        "5": [
          5,
          12
        ],
        "3": [
          12,
          19
        ],
        "7": [
          19,
          28
        ],
        "10": [
          28,
          35
        ],
        "21": [
          35,
          39
        ],
        "4": [
          39,
          41
        ],
        "6": [
          41,
          49
        ],
        "9": [
          49,
          52
        ],
        "11": [
          52,
          60
        ],
        "15": [
          60,
          69
        ],
        "12": [
          69,
          74
        ],
        "13": [
          74,
          84
        ],
        "8": [
          84,
          86
        ],
        "17": [
          86,
          96
        ],
        "16": [
          96,
          105
        ],
        "19": [
          105,
          113
        ],
        "14": [
          113,
          117
        ],
        "18": [
          117,
          120
        ],
        "20": [
          120,
          125
        ],
        "22": [
          125,
          125
        ]
      },