{
  "instance": "inst_set1a_sf1_nc1.8_n20_m20_04",
  "results": {
    "HRPW*": {
      "makespan": 136,
      "execution_time": 0.00027561187744140625,
      "schedule": {
        "1": [
          0,
          0
        ],
        "3": [
          0,
          10
        ],
        "4": [
          10,
          20
        ],
        "5": [
          20,
          21
        ],
        "8": [
          21,
          25
        ],
        "6": [
          25,
          34
        ],
        "7": [
          34,
          42
        ],
        "9": [
          42,
          52
        ],
        "11": [
          52,
          57
        ],
        "10": [
          57,
          61
        ],
        "13": [
          61,
          69
        ],
        "14": [
          69,
          74
        ],
        "2": [
          74,
          83
        ],
        "12": [
          83,
          92
        ],
        "16": [
          92,
          100
        ],
        "15": [
          100,
          108
        ],
        "17": [
          108,
          109
        ],
        "18": [
          109,
          114
        ],
        "20": [
          114,
          124
        ],
        "19": [
          124,
          130
        ],
        "21": [
          130,
          136
        ],
        "22": [
          136,
          136
        ]
      },
      "activity_order": [
        1,
        3,
        4,
        5,
        8,
        6,
        7,
        9,
        11,
        10,
        13,
        14,
        2,
        12,
        16,
        15,
        17,
        18,
        20,
        19,
        21,
        22
      ]
    },
    "LST": {
      "makespan": 136,
      "execution_time": 0.00024127960205078125,
      "schedule": {
        "1": [
          0,
          0
        ],
        "3": [
          0,
          10
        ],
        "4": [
          10,
          20
        ],
        "5": [
          20,
          21
        ],
        "8": [
          21,
          25
        ],
        "6": [
          25,
          34
        ],
        "7": [
          34,
          42
        ],
        "9": [
          42,
          52
        ],
        "11": [
          52,
          57
        ],
        "10": [
          57,
          61
        ],
        "13": [
          61,
          69
        ],
        "14": [
          69,
          74
        ],
        "2": [
          74,
          83
        ],
        "12": [
          83,
          92
        ],
        "16": [
          92,
          100
        ],
        "15": [
          100,
          108
        ],
        "17": [
          108,
          109
        ],
        "18": [
          109,
          114
        ],
        "20": [
          114,
          124
        ],
        "19": [
          124,
          130
        ],
        "21": [
          130,
          136
        ],
        "22": [
          136,
          136
        ]
      },
      "activity_order": [
        1,
        3,
        4,
        5,
        8,
        6,
        7,
        9,
        11,
        10,
        13,
        14,
        2,
        12,
        16,
        15,
        17,
        18,
        20,
        19,
        21,
        22
      ]
    },
    "LFT": {
      "makespan": 136,
      "execution_time": 0.00024247169494628906,
      "schedule": {
        "1": [
          0,
          0
        ],
        "3": [
          0,
          10
        ],
        "5": [
          10,
          11
        ],
        "4": [
          11,
          21
        ],
        "8": [
          21,
          25
        ],
        "6": [
          25,
          34
        ],
        "7": [
          34,
          42
        ],
        "11": [
          42,
          47
        ],
        "9": [
          47,
          57
        ],
        "10": [
          57,
          61
        ],
        "13": [
          61,
          69
        ],
        "14": [
          69,
          74
        ],
        "2": [
          74,
          83
        ],
        "12": [
          83,
          92
        ],
        "16": [
          92,
          100
        ],
        "17": [
          100,
          101
        ],
        "15": [
          101,
          109
        ],
        "18": [
          109,
          114
        ],
        "19": [
          114,
          120
        ],
        "20": [
          120,
          130
        ],
        "21": [
          130,
          136
        ],
        "22": [
          136,
          136
        ]
      },
      "activity_order": [
        1,
        3,
        5,
        4,
        8,
        6,
        7,
        11,
        9,
        10,
        13,
        14,
        2,
        12,
        16,
        17,
        15,
        18,
        19,
        20,
        21,
        22
      ]
    },
    "MTS": {
      "makespan": 136,
      "execution_time": 0.00024962425231933594,
      "schedule": {
        "1": [
          0,
          0
        ],
        "3": [
          0,
          10
        ],
        "5": [
          10,
          11
        ],
        "4": [
          11,
          21
        ],
        "11": [
          21,
          26
        ],
        "2": [
          26,
          35
        ],
        "6": [
          35,
          44
        ],
        "8": [
          44,
          48
        ],
        "7": [
          48,
          56
        ],
        "10": [
          56,
          60
        ],
        "9": [
          60,
          70
        ],
        "13": [
          70,
          78
        ],
        "14": [
          78,
          83
        ],
        "12": [
          83,
          92
        ],
        "16": [
          92,
          100
        ],
        "17": [
          100,
          101
        ],
        "15": [
          101,
          109
        ],
        "18": [
          109,
          114
        ],
        "19": [
          114,
          120
        ],
        "20": [
          120,
          130
        ],
        "21": [
          130,
          136
        ],
        "22": [
          136,
          136
        ]
      },
      "activity_order": [
        1,
        3,
        5,
        4,
        11,
        2,
        6,
        8,
        7,
        10,
        9,
        13,
        14,
        12,
        16,
        17,
        15,
        18,
        19,
        20,
        21,
        22
      ]
    },
    "TIMROS": {
      "makespan": 136,
      "execution_time": 0.0002627372741699219,
      "schedule": {
        "1": [
          0,
          0
        ],
        "3": [
          0,
          10
        ],
        "4": [
          10,
          20
        ],
        "2": [
          20,
          29
        ],
        "6": [
          29,
          38
        ],
        "7": [
          38,
          46
        ],
        "10": [
          46,
          50
        ],
        "5": [
          50,
          51
        ],
        "11": [
          51,
          56
        ],
        "12": [
          56,
          65
        ],
        "13": [
          65,
          73
        ],
        "15": [
          73,
          81
        ],
        "8": [
          81,
          85
        ],
        "9": [
          85,
          95
        ],
        "14": [
          95,
          100
        ],
        "16": [
          100,
          108
        ],
        "18": [
          108,
          113
        ],
        "19": [
          113,
          119
        ],
        "17": [
          119,
          120
        ],
        "20": [
          120,
          130
        ],
        "21": [
          130,
          136
        ],
        "22": [
          136,
          136
        ]
      },