{
  "instance": "inst_set1a_sf0.75_nc1.8_n20_m10_05",
  "results": {
    "HRPW*": {
      "makespan": 108,
      "execution_time": 5.245208740234375e-05,
      "schedule": {
        "1": [
          0,
          0
        ],
        "4": [
          0,
          9
        ],
        "3": [
          9,
          17
        ],
        "6": [
          17,
          21
        ],
        "8": [
          21,
          26
        ],
        "2": [
          26,
          28
        ],
        "5": [
          28,
          30
        ],
        "7": [
          30,
          37
        ],
        "11": [
          37,
          46
        ],
        "9": [
          46,
          49
        ],
        "10": [
          49,
          51
        ],
        "13": [
          51,
          59
        ],
        "14": [
          59,
          68
        ],
        "12": [
          68,
          76
        ],
        "17": [
          76,
          78
        ],
        "16": [
          78,
          79
        ],
        "18": [
          79,
          84
        ],
        "19": [
          84,
          94
        ],
        "15": [
          94,
          98
        ],
        "20": [
          98,
          103
        ],
        "21": [
          103,
          108
        ],
        "22": [
          108,
          108
        ]
      },
      "activity_order": [
        1,
        4,
        3,
        6,
        8,
        2,
        5,
        7,
        11,
        9,
        10,
        13,
        14,
        12,
        17,
        16,
        18,
        19,
        15,
        20,
        21,
        22
      ]
    },
    "LST": {
      "makespan": 108,
      "execution_time": 7.319450378417969e-05,
      "schedule": {
        "1": [
          0,
          0
        ],
        "4": [
          0,
          9
        ],
        "3": [
          9,
          17
        ],
        "6": [
          17,
          21
        ],
        "8": [
          21,
          26
        ],
        "2": [
          26,
          28
        ],
        "5": [
          28,
          30
        ],
        "7": [
          30,
          37
        ],
        "11": [
          37,
          46
        ],
        "9": [
          46,
          49
        ],
        "10": [
          49,
          51
        ],
        "13": [
          51,
          59
        ],
        "14": [
          59,
          68
        ],
        "12": [
          68,
          76
        ],
        "17": [
          76,
          78
        ],
        "16": [
          78,
          79
        ],
        "18": [
          79,
          84
        ],
        "19": [
          84,
          94
        ],
        "15": [
          94,
          98
        ],
        "20": [
          98,
          103
        ],
        "21": [
          103,
          108
        ],
        "22": [
          108,
          108
        ]
      },
      "activity_order": [
        1,
        4,
        3,
        6,
        8,
        2,
        5,
        7,
        11,
        9,
        10,
        13,
        14,
        12,
        17,
        16,
        18,
        19,
        15,
        20,
        21,
        22
      ]
    },
    "LFT": {
      "makespan": 108,
      "execution_time": 5.125999450683594e-05,
      "schedule": {
        "1": [
          0,
          0
        ],
        "4": [
          0,
          9
        ],
        "3": [
          9,
          17
        ],
        "2": [
          17,
          19
        ],
        "6": [
          19,
          23
        ],
        "5": [
          23,
          25
        ],
        "8": [
          25,
          30
        ],
        "9": [
          30,
          33
        ],
        "10": [
          33,
          35
        ],
        "7": [
          35,
          42
        ],
        "11": [
          42,
          51
        ],
        "16": [
          51,
          52
        ],
        "17": [
          52,
          54
        ],
        "13": [
          54,
          62
        ],
        "12": [
          62,
          70
        ],
        "14": [
          70,
          79
        ],
        "15": [
          79,
          83
        ],
        "18": [
          83,
          88
        ],
        "19": [
          88,
          98
        ],
        "20": [
          98,
          103
        ],
        "21": [
          103,
          108
        ],
        "22": [
          108,
          108
        ]
      },
      "activity_order": [
        1,
        4,
        3,
        2,
        6,
        5,
        8,
        9,
        10,
        7,
        11,
        16,
        17,
        13,
        12,
        14,
        15,
        18,
        19,
        20,
        21,
        22
      ]
    },
    "MTS": {
      "makespan": 108,
      "execution_time": 4.506111145019531e-05,
      "schedule": {
        "1": [
          0,
          0
        ],
        "3": [
          0,
          8
        ],
        "4": [
          8,
          17
        ],
        "2": [
          17,
          19
        ],
        "8": [
          19,
          24
        ],
        "5": [
          24,
          26
        ],
        "6": [
          26,
          30
        ],
        "10": [
          30,
          32
        ],
        "11": [
          32,
          41
        ],
        "7": [
          41,
          48
        ],
        "9": [
          48,
          51
        ],
        "13": [
          51,
          59
        ],
        "14": [
          59,
          68
        ],
        "16": [
          68,
          69
        ],
        "12": [
          69,
          77
        ],
        "15": [
          77,
          81
        ],
        "17": [
          81,
          83
        ],
        "18": [
          83,
          88
        ],
        "19": [
          88,
          98
        ],
        "20": [
          98,
          103
        ],
        "21": [
          103,
          108
        ],
        "22": [
          108,
          108
        ]
      },
      "activity_order": [
        1,
        3,
        4,
        2,
        8,
        5,
        6,
        10,
        11,
        7,
        9,
        13,
        14,
        16,
        12,
        15,
        17,
        18,
        19,
        20,
        21,
        22
      ]
    },
    "TIMROS": {
      "makespan": 108,
      "execution_time": 4.00543212890625e-05,
      "schedule": {
        "1": [
          0,
          0
        ],
        "4": [
          0,
          9
        ],
        "3": [
          9,
          17
        ],
        "8": [
          17,
          22
        ],
        "6": [
          22,
          26
        ],
        "11": [
          26,
          35
        ],
        "10": [
          35,
          37
        ],
        "2": [
          37,
          39
        ],
        "12": [
          39,
          47
        ],
        "7": [
          47,
          54
        ],
        "14": [
          54,
          63
        ],
        "21": [
          63,
          68
        ],
        "16": [
          68,
          69
        ],
        "5": [
          69,
          71
        ],
        "18": [
          71,
          76
        ],
        "9": [
          76,
          79
        ],
        "13": [
          79,
          87
        ],
        "15": [
          87,
          91
        ],
        "20": [
          91,
          96
        ],
        "17": [
          96,
          98
        ],
        "19": [
          98,
          108
        ],
        "22": [
          108,
          108
        ]
      },
      "activity_order": [
        1,
        4,
        3,
        8,
        6,
        11,
        10,
        2,
        12,
        7,
        14,
        21,
        16,
        5,
        18,
        9,
        13,
        15,
        20,
        17,
        19,
        22
      ]
    },