{
  "instance": "inst_set1a_sf0_nc1.8_n20_m20_02",
  "results": {
    "HRPW*": {
      "makespan": 64,
      "execution_time": 0.0002598762512207031,
      "schedule": {
        "1": [
          0,
          0
        ],
        "2": [
          0,
          7
        ],
        "6": [
          7,
          17
        ],
        "3": [
          17,
          22
        ],
        "4": [
          0,
          7
        ],
        "5": [
          22,
          30
        ],
        "14": [
          30,
          34
        ],
        "9": [
          7,
          12
        ],
        "11": [
          34,
          39
        ],
        "8": [
          39,
          41
        ],
        "15": [
          41,
          47
        ],
        "7": [
          47,
          53
        ],
        "13": [
          41,
          45
        ],
        "12": [
          41,
          44
        ],
        "18": [
          44,
          50
        ],
        "16": [
          50,
          54
        ],
        "17": [
          54,
          56
        ],
        "10": [
          56,
          57
        ],
        "19": [
          57,
          63
        ],
        "20": [
          57,
          61
        ],
        "21": [
          61,
          64
        ],
        "22": [
          64,
          64
        ]
      },
      "activity_order": [
        1,
        2,
        6,
        3,
        4,
        5,
        14,
        9,
        11,
        8,
        15,
        7,
        13,
        12,
        18,
        16,
        17,
        10,
        19,
        20,
        21,
        22
      ]
    },
    "LST": {
      "makespan": 64,
      "execution_time": 0.0002589225769042969,
      "schedule": {
        "1": [
          0,
          0
        ],
        "2": [
          0,
          7
        ],
        "6": [
          7,
          17
        ],
        "3": [
          17,
          22
        ],
        "4": [
          0,
          7
        ],
        "5": [
          22,
          30
        ],
        "14": [
          30,
          34
        ],
        "9": [
          7,
          12
        ],
        "11": [
          34,
          39
        ],
        "8": [
          39,
          41
        ],
        "15": [
          41,
          47
        ],
        "7": [
          47,
          53
        ],
        "13": [
          41,
          45
        ],
        "12": [
          41,
          44
        ],
        "18": [
          44,
          50
        ],
        "16": [
          50,
          54
        ],
        "17": [
          54,
          56
        ],
        "10": [
          56,
          57
        ],
        "19": [
          57,
          63
        ],
        "20": [
          57,
          61
        ],
        "21": [
          61,
          64
        ],
        "22": [
          64,
          64
        ]
      },
      "activity_order": [
        1,
        2,
        6,
        3,
        4,
        5,
        14,
        9,
        11,
        8,
        15,
        7,
        13,
        12,
        18,
        16,
        17,
        10,
        19,
        20,
        21,
        22
      ]
    },
    "LFT": {
      "makespan": 64,
      "execution_time": 0.00025200843811035156,
      "schedule": {
        "1": [
          0,
          0
        ],
        "2": [
          0,
          7
        ],
        "3": [
          7,
          12
        ],
        "6": [
          12,
          22
        ],
        "4": [
          0,
          7
        ],
        "8": [
          22,
          24
        ],
        "14": [
          24,
          28
        ],
        "5": [
          28,
          36
        ],
        "9": [
          7,
          12
        ],
        "11": [
          36,
          41
        ],
        "12": [
          41,
          44
        ],
        "13": [
          41,
          45
        ],
        "15": [
          28,
          34
        ],
        "7": [
          36,
          42
        ],
        "10": [
          44,
          45
        ],
        "17": [
          45,
          47
        ],
        "16": [
          47,
          51
        ],
        "18": [
          51,
          57
        ],
        "19": [
          47,
          53
        ],
        "20": [
          57,
          61
        ],
        "21": [
          61,
          64
        ],
        "22": [
          64,
          64
        ]
      },
      "activity_order": [
        1,
        2,
        3,
        6,
        4,
        8,
        14,
        5,
        9,
        11,
        12,
        13,
        15,
        7,
        10,
        17,
        16,
        18,
        19,
        20,
        21,
        22
      ]
    },
    "MTS": {
      "makespan": 64,
      "execution_time": 0.0002543926239013672,
      "schedule": {
        "1": [
          0,
          0
        ],
        "2": [
          0,
          7
        ],
        "3": [
          7,
          12
        ],
        "6": [
          12,
          22
        ],
        "5": [
          22,
          30
        ],
        "9": [
          7,
          12
        ],
        "8": [
          30,
          32
        ],
        "4": [
          0,
          7
        ],
        "14": [
          32,
          36
        ],
        "7": [
          30,
          36
        ],
        "11": [
          36,
          41
        ],
        "15": [
          36,
          42
        ],
        "12": [
          41,
          44
        ],
        "13": [
          41,
          45
        ],
        "18": [
          44,
          50
        ],
        "10": [
          50,
          51
        ],
        "16": [
          51,
          55
        ],
        "17": [
          55,
          57
        ],
        "19": [
          57,
          63
        ],
        "20": [
          57,
          61
        ],
        "21": [
          61,
          64
        ],
        "22": [
          64,
          64
        ]
      },
      "activity_order": [
        1,
        2,
        3,
        6,
        5,
        9,
        8,
        4,
        14,
        7,
        11,
        15,
        12,
        13,
        18,
        10,
        16,
        17,
        19,
        20,
        21,
        22
      ]
    },
    "TIMROS": {
      "makespan": 64,
      "execution_time": 0.0002601146697998047,
      "schedule": {
        "1": [
          0,
          0
        ],
        "2": [
          0,
          7
        ],
        "6": [
          7,
          17
        ],
        "4": [
          0,
          7
        ],
        "3": [
          17,
          22
        ],
        "5": [
          22,
          30
        ],
        "11": [
          30,
          35
        ],
        "14": [
          35,
          39
        ],
        "7": [
          30,
          36
        ],
        "9": [
          36,
          41
        ],
        "8": [
          39,
          41
        ],
        "12": [
          41,
          44
        ],
        "15": [
          41,
          47
        ],
        "17": [
          44,
          46
        ],
        "13": [
          41,
          45
        ],
        "10": [
          46,
          47
        ],
        "19": [
          47,
          53
        ],
        "18": [
          47,
          53
        ],
        "21": [
          53,
          56
        ],
        "16": [
          56,
          60
        ],
        "20": [
          60,
          64
        ],
        "22": [
          64,
          64
        ]
      },
      "activity_order": [
        1,
        2,
        6,
        4,
        3,
        5,
        11,
        14,
        7,
        9,
        8,
        12,
        15,
        17,
        13,
        10,
        19,
        18,
        21,
        16,
        20,
        22
      ]
    },
    "HRU1": {
      "makespan": 68,