{
  "instance": "inst_set1a_sf0_nc1.8_n20_m20_01",
  "results": {
    "HRPW*": {
      "makespan": 61,
      "execution_time": 0.00028586387634277344,
      "schedule": {
        "1": [
          0,
          0
        ],
        "2": [
          0,
          9
        ],
        "3": [
          9,
          17
        ],
        "4": [
          17,
          19
        ],
        "6": [
          19,
          21
        ],
        "11": [
          9,
          16
        ],
        "7": [
          21,
          24
        ],
        "8": [
          21,
          26
        ],
        "5": [
          17,
          25
        ],
        "9": [
          24,
          31
        ],
        "12": [
          26,
          32
        ],
        "16": [
          24,
          32
        ],
        "10": [
          31,
          33
        ],
        "14": [
          33,
          34
        ],
        "15": [
          34,
          44
        ],
        "18": [
          33,
          43
        ],
        "13": [
          44,
          54
        ],
        "17": [
          34,
          42
        ],
        "20": [
          44,
          53
        ],
        "21": [
          54,
          61
        ],
        "19": [
          53,
          56
        ],
        "22": [
          61,
          61
        ]
      },
      "activity_order": [
        1,
        2,
        3,
        4,
        6,
        11,
        7,
        8,
        5,
        9,
        12,
        16,
        10,
        14,
        15,
        18,
        13,
        17,
        20,
        21,
        19,
        22
      ]
    },
    "LST": {
      "makespan": 61,
      "execution_time": 0.0003056526184082031,
      "schedule": {
        "1": [
          0,
          0
        ],
        "2": [
          0,
          9
        ],
        "3": [
          9,
          17
        ],
        "4": [
          17,
          19
        ],
        "6": [
          19,
          21
        ],
        "11": [
          9,
          16
        ],
        "7": [
          21,
          24
        ],
        "8": [
          21,
          26
        ],
        "5": [
          17,
          25
        ],
        "9": [
          24,
          31
        ],
        "12": [
          26,
          32
        ],
        "16": [
          24,
          32
        ],
        "10": [
          31,
          33
        ],
        "14": [
          33,
          34
        ],
        "15": [
          34,
          44
        ],
        "18": [
          33,
          43
        ],
        "13": [
          44,
          54
        ],
        "17": [
          34,
          42
        ],
        "20": [
          44,
          53
        ],
        "21": [
          54,
          61
        ],
        "19": [
          53,
          56
        ],
        "22": [
          61,
          61
        ]
      },
      "activity_order": [
        1,
        2,
        3,
        4,
        6,
        11,
        7,
        8,
        5,
        9,
        12,
        16,
        10,
        14,
        15,
        18,
        13,
        17,
        20,
        21,
        19,
        22
      ]
    },
    "LFT": {
      "makespan": 62,
      "execution_time": 0.0003490447998046875,
      "schedule": {
        "1": [
          0,
          0
        ],
        "2": [
          0,
          9
        ],
        "4": [
          9,
          11
        ],
        "6": [
          11,
          13
        ],
        "3": [
          13,
          21
        ],
        "7": [
          13,
          16
        ],
        "8": [
          21,
          26
        ],
        "11": [
          9,
          16
        ],
        "5": [
          21,
          29
        ],
        "9": [
          16,
          23
        ],
        "10": [
          29,
          31
        ],
        "12": [
          29,
          35
        ],
        "14": [
          31,
          32
        ],
        "16": [
          21,
          29
        ],
        "15": [
          35,
          45
        ],
        "18": [
          31,
          41
        ],
        "13": [
          45,
          55
        ],
        "17": [
          35,
          43
        ],
        "19": [
          43,
          46
        ],
        "20": [
          46,
          55
        ],
        "21": [
          55,
          62
        ],
        "22": [
          62,
          62
        ]
      },
      "activity_order": [
        1,
        2,
        4,
        6,
        3,
        7,
        8,
        11,
        5,
        9,
        10,
        12,
        14,
        16,
        15,
        18,
        13,
        17,
        19,
        20,
        21,
        22
      ]
    },
    "MTS": {
      "makespan": 64,
      "execution_time": 0.00025844573974609375,
      "schedule": {
        "1": [
          0,
          0
        ],
        "2": [
          0,
          9
        ],
        "6": [
          9,
          11
        ],
        "4": [
          11,
          13
        ],
        "3": [
          13,
          21
        ],
        "7": [
          13,
          16
        ],
        "8": [
          21,
          26
        ],
        "5": [
          21,
          29
        ],
        "9": [
          16,
          23
        ],
        "11": [
          9,
          16
        ],
        "10": [
          29,
          31
        ],
        "12": [
          29,
          35
        ],
        "14": [
          31,
          32
        ],
        "16": [
          21,
          29
        ],
        "18": [
          31,
          41
        ],
        "13": [
          35,
          45
        ],
        "15": [
          45,
          55
        ],
        "17": [
          35,
          43
        ],
        "19": [
          43,
          46
        ],
        "20": [
          55,
          64
        ],
        "21": [
          45,
          52
        ],
        "22": [
          64,
          64
        ]
      },
      "activity_order": [
        1,
        2,
        6,
        4,
        3,
        7,
        8,
        5,
        9,
        11,
        10,
        12,
        14,
        16,
        18,
        13,
        15,
        17,
        19,
        20,
        21,
        22
      ]
    },
    "TIMROS": {
      "makespan": 75,
      "execution_time": 0.00028061866760253906,
      "schedule": {
        "1": [
          0,
          0
        ],
        "2": [
          0,
          9
        ],
        "3": [
          9,
          17
        ],
        "5": [
          17,
          25
        ],
        "8": [
          17,
          22
        ],
        "4": [
          22,
          24
        ],
        "6": [
          24,
          26
        ],
        "13": [
          26,
          36
        ],
        "11": [
          9,
          16
        ],
        "12": [
          36,
          42
        ],
        "7": [
          26,
          29
        ],
        "16": [
          29,
          37
        ],
        "17": [
          42,
          50
        ],
        "9": [
          29,
          36
        ],
        "10": [
          50,
          52
        ],
        "19": [
          52,
          55
        ],
        "14": [
          55,
          56
        ],
        "15": [
          56,
          66
        ],
        "18": [
          52,
          62
        ],
        "20": [
          66,
          75
        ],
        "21": [
          62,
          69
        ],
        "22": [
          75,
          75
        ]
      },
      "activity_order": [
        1,
        2,
        3,
        5,
        8,
        4,
        6,
        13,
        11,
        12,
        7,
        16,
        17,
        9,
        10,
        19,
        14,
        15,
        18,
        20,
        21,
        22
      ]
    },
    "HRU1": {
      "makespan": 70,