{
  "instance": "inst_set1a_sf1_nc1.5_n20_m30_02",
  "results": {
    "HRPW*": {
      "makespan": 109,
      "execution_time": 0.0004410743713378906,
      "schedule": {
        "1": [
          0,
          0
        ],
        "4": [
          0,
          4
        ],
        "8": [
          4,
          11
        ],
        "5": [
          11,
          12
        ],
        "6": [
          12,
          21
        ],
        "12": [
          21,
          29
        ],
        "2": [
          29,
          34
        ],
        "3": [
          34,
          39
        ],
        "7": [
          39,
          49
        ],
        "15": [
          49,
          53
        ],
        "17": [
          53,
          60
        ],
        "13": [
          60,
          62
        ],
        "9": [
          62,
          66
        ],
        "14": [
          66,
          71
        ],
        "16": [
          71,
          75
        ],
        "10": [
          75,
          81
        ],
        "11": [
          81,
          84
        ],
        "20": [
          84,
          94
        ],
        "18": [
          94,
          97
        ],
        "19": [
          97,
          104
        ],
        "21": [
          104,
          109
        ],
        "22": [
          109,
          109
        ]
      },
      "activity_order": [
        1,
        4,
        8,
        5,
        6,
        12,
        2,
        3,
        7,
        15,
        17,
        13,
        9,
        14,
        16,
        10,
        11,
        20,
        18,
        19,
        21,
        22
      ]
    },
    "LST": {
      "makespan": 109,
      "execution_time": 0.0004990100860595703,
      "schedule": {
        "1": [
          0,
          0
        ],
        "4": [
          0,
          4
        ],
        "8": [
          4,
          11
        ],
        "5": [
          11,
          12
        ],
        "6": [
          12,
          21
        ],
        "12": [
          21,
          29
        ],
        "2": [
          29,
          34
        ],
        "3": [
          34,
          39
        ],
        "7": [
          39,
          49
        ],
        "15": [
          49,
          53
        ],
        "17": [
          53,
          60
        ],
        "13": [
          60,
          62
        ],
        "9": [
          62,
          66
        ],
        "14": [
          66,
          71
        ],
        "16": [
          71,
          75
        ],
        "10": [
          75,
          81
        ],
        "11": [
          81,
          84
        ],
        "20": [
          84,
          94
        ],
        "18": [
          94,
          97
        ],
        "19": [
          97,
          104
        ],
        "21": [
          104,
          109
        ],
        "22": [
          109,
          109
        ]
      },
      "activity_order": [
        1,
        4,
        8,
        5,
        6,
        12,
        2,
        3,
        7,
        15,
        17,
        13,
        9,
        14,
        16,
        10,
        11,
        20,
        18,
        19,
        21,
        22
      ]
    },
    "LFT": {
      "makespan": 109,
      "execution_time": 0.000438690185546875,
      "schedule": {
        "1": [
          0,
          0
        ],
        "4": [
          0,
          4
        ],
        "5": [
          4,
          5
        ],
        "8": [
          5,
          12
        ],
        "2": [
          12,
          17
        ],
        "6": [
          17,
          26
        ],
        "12": [
          26,
          34
        ],
        "15": [
          34,
          38
        ],
        "3": [
          38,
          43
        ],
        "13": [
          43,
          45
        ],
        "7": [
          45,
          55
        ],
        "9": [
          55,
          59
        ],
        "14": [
          59,
          64
        ],
        "16": [
          64,
          68
        ],
        "17": [
          68,
          75
        ],
        "11": [
          75,
          78
        ],
        "10": [
          78,
          84
        ],
        "18": [
          84,
          87
        ],
        "19": [
          87,
          94
        ],
        "20": [
          94,
          104
        ],
        "21": [
          104,
          109
        ],
        "22": [
          109,
          109
        ]
      },
      "activity_order": [
        1,
        4,
        5,
        8,
        2,
        6,
        12,
        15,
        3,
        13,
        7,
        9,
        14,
        16,
        17,
        11,
        10,
        18,
        19,
        20,
        21,
        22
      ]
    },
    "MTS": {
      "makespan": 109,
      "execution_time": 0.00044155120849609375,
      "schedule": {
        "1": [
          0,
          0
        ],
        "4": [
          0,
          4
        ],
        "8": [
          4,
          11
        ],
        "5": [
          11,
          12
        ],
        "12": [
          12,
          20
        ],
        "3": [
          20,
          25
        ],
        "2": [
          25,
          30
        ],
        "6": [
          30,
          39
        ],
        "15": [
          39,
          43
        ],
        "7": [
          43,
          53
        ],
        "9": [
          53,
          57
        ],
        "13": [
          57,
          59
        ],
        "17": [
          59,
          66
        ],
        "10": [
          66,
          72
        ],
        "11": [
          72,
          75
        ],
        "14": [
          75,
          80
        ],
        "16": [
          80,
          84
        ],
        "18": [
          84,
          87
        ],
        "19": [
          87,
          94
        ],
        "20": [
          94,
          104
        ],
        "21": [
          104,
          109
        ],
        "22": [
          109,
          109
        ]
      },
      "activity_order": [
        1,
        4,
        8,
        5,
        12,
        3,
        2,
        6,
        15,
        7,
        9,
        13,
        17,
        10,
        11,
        14,
        16,
        18,
        19,
        20,
        21,
        22
      ]
    },
    "TIMROS": {
      "makespan": 109,
      "execution_time": 0.0004315376281738281,
      "schedule": {
        "1": [
          0,
          0
        ],
        "2": [
          0,
          5
        ],
        "3": [
          5,
          10
        ],
        "4": [
          10,
          14
        ],
        "8": [
          14,
          21
        ],
        "12": [
          21,
          29
        ],
        "9": [
          29,
          33
        ],
        "15": [
          33,
          37
        ],
        "17": [
          37,
          44
        ],
        "11": [
          44,
          47
        ],
        "19": [
          47,
          54
        ],
        "18": [
          54,
          57
        ],
        "13": [
          57,
          59
        ],
        "16": [
          59,
          63
        ],
        "5": [
          63,
          64
        ],
        "6": [
          64,
          73
        ],
        "7": [
          73,
          83
        ],
        "10": [
          83,
          89
        ],
        "14": [
          89,
          94
        ],
        "20": [
          94,
          104
        ],
        "21": [
          104,
          109
        ],
        "22": [
          109,
          109
        ]
      },
      "activity_order": [
        1,
        2,
        3,
        4,
        8,
        12,
        9,
        15,
        17,
        11,
        19,
        18,
        13,
        16,
        5,
        6,
        7,
        10,
        14,
        20,
        21,
        22
      ]
    },