{
  "instance": "inst_set1a_sf0_nc2.1_n20_m10_01",
  "results": {
    "HRPW*": {
      "makespan": 74,
      "execution_time": 0.00014662742614746094,
      "schedule": {
        "1": [
          0,
          0
        ],
        "2": [
          0,
          8
        ],
        "3": [
          8,
          15
        ],
        "4": [
          15,
          20
        ],
        "9": [
          20,
          26
        ],
        "6": [
          8,
          9
        ],
        "7": [
          26,
          30
        ],
        "11": [
          30,
          34
        ],
        "5": [
          34,
          43
        ],
        "8": [
          30,
          34
        ],
        "13": [
          43,
          47
        ],
        "14": [
          47,
          51
        ],
        "17": [
          34,
          35
        ],
        "16": [
          51,
          58
        ],
        "18": [
          51,
          54
        ],
        "10": [
          58,
          59
        ],
        "20": [
          59,
          67
        ],
        "12": [
          67,
          69
        ],
        "15": [
          69,
          72
        ],
        "21": [
          58,
          62
        ],
        "19": [
          72,
          74
        ],
        "22": [
          74,
          74
        ]
      },
      "activity_order": [
        1,
        2,
        3,
        4,
        9,
        6,
        7,
        11,
        5,
        8,
        13,
        14,
        17,
        16,
        18,
        10,
        20,
        12,
        15,
        21,
        19,
        22
      ]
    },
    "LST": {
      "makespan": 74,
      "execution_time": 0.00014472007751464844,
      "schedule": {
        "1": [
          0,
          0
        ],
        "2": [
          0,
          8
        ],
        "3": [
          8,
          15
        ],
        "4": [
          15,
          20
        ],
        "9": [
          20,
          26
        ],
        "6": [
          8,
          9
        ],
        "7": [
          26,
          30
        ],
        "11": [
          30,
          34
        ],
        "5": [
          34,
          43
        ],
        "8": [
          30,
          34
        ],
        "13": [
          43,
          47
        ],
        "14": [
          47,
          51
        ],
        "17": [
          34,
          35
        ],
        "16": [
          51,
          58
        ],
        "18": [
          51,
          54
        ],
        "10": [
          58,
          59
        ],
        "20": [
          59,
          67
        ],
        "12": [
          67,
          69
        ],
        "15": [
          69,
          72
        ],
        "21": [
          58,
          62
        ],
        "19": [
          72,
          74
        ],
        "22": [
          74,
          74
        ]
      },
      "activity_order": [
        1,
        2,
        3,
        4,
        9,
        6,
        7,
        11,
        5,
        8,
        13,
        14,
        17,
        16,
        18,
        10,
        20,
        12,
        15,
        21,
        19,
        22
      ]
    },
    "LFT": {
      "makespan": 71,
      "execution_time": 0.0001442432403564453,
      "schedule": {
        "1": [
          0,
          0
        ],
        "2": [
          0,
          8
        ],
        "3": [
          8,
          15
        ],
        "6": [
          8,
          9
        ],
        "4": [
          15,
          20
        ],
        "7": [
          20,
          24
        ],
        "9": [
          24,
          30
        ],
        "11": [
          30,
          34
        ],
        "8": [
          24,
          28
        ],
        "13": [
          34,
          38
        ],
        "14": [
          38,
          42
        ],
        "17": [
          34,
          35
        ],
        "5": [
          42,
          51
        ],
        "10": [
          51,
          52
        ],
        "18": [
          42,
          45
        ],
        "12": [
          52,
          54
        ],
        "16": [
          54,
          61
        ],
        "15": [
          54,
          57
        ],
        "19": [
          61,
          63
        ],
        "20": [
          63,
          71
        ],
        "21": [
          61,
          65
        ],
        "22": [
          71,
          71
        ]
      },
      "activity_order": [
        1,
        2,
        3,
        6,
        4,
        7,
        9,
        11,
        8,
        13,
        14,
        17,
        5,
        10,
        18,
        12,
        16,
        15,
        19,
        20,
        21,
        22
      ]
    },
    "MTS": {
      "makespan": 71,
      "execution_time": 0.0001506805419921875,
      "schedule": {
        "1": [
          0,
          0
        ],
        "2": [
          0,
          8
        ],
        "6": [
          8,
          9
        ],
        "3": [
          8,
          15
        ],
        "9": [
          15,
          21
        ],
        "11": [
          21,
          25
        ],
        "4": [
          25,
          30
        ],
        "7": [
          30,
          34
        ],
        "14": [
          34,
          38
        ],
        "5": [
          38,
          47
        ],
        "17": [
          25,
          26
        ],
        "8": [
          34,
          38
        ],
        "10": [
          47,
          48
        ],
        "13": [
          48,
          52
        ],
        "12": [
          52,
          54
        ],
        "18": [
          38,
          41
        ],
        "15": [
          54,
          57
        ],
        "16": [
          54,
          61
        ],
        "19": [
          61,
          63
        ],
        "20": [
          63,
          71
        ],
        "21": [
          61,
          65
        ],
        "22": [
          71,
          71
        ]
      },
      "activity_order": [
        1,
        2,
        6,
        3,
        9,
        11,
        4,
        7,
        14,
        5,
        17,
        8,
        10,
        13,
        12,
        18,
        15,
        16,
        19,
        20,
        21,
        22
      ]
    },
    "TIMROS": {
      "makespan": 71,
      "execution_time": 0.00042176246643066406,
      "schedule": {
        "1": [
          0,
          0
        ],
        "4": [
          0,
          5
        ],
        "5": [
          5,
          14
        ],
        "2": [
          14,
          22
        ],
        "9": [
          22,
          28
        ],
        "3": [
          28,
          35
        ],
        "12": [
          35,
          37
        ],
        "6": [
          22,
          23
        ],
        "11": [
          37,
          41
        ],
        "7": [
          41,
          45
        ],
        "14": [
          45,
          49
        ],
        "8": [
          45,
          49
        ],
        "13": [
          49,
          53
        ],
        "16": [
          53,
          60
        ],
        "10": [
          60,
          61
        ],
        "15": [
          61,
          64
        ],
        "17": [
          41,
          42
        ],
        "18": [
          49,
          52
        ],
        "20": [
          61,
          69
        ],
        "19": [
          69,
          71
        ],
        "21": [
          60,
          64
        ],
        "22": [
          71,
          71
        ]
      },
      "activity_order": [
        1,
        4,
        5,
        2,
        9,
        3,
        12,
        6,
        11,
        7,
        14,
        8,
        13,
        16,
        10,
        15,
        17,
        18,
        20,
        19,
        21,
        22
      ]
    },
    "HRU1": {
      "makespan": 71,