{
  "instance": "inst_set1a_sf0.75_nc1.8_n20_m10_00",
  "results": {
    "HRPW*": {
      "makespan": 113,
      "execution_time": 6.127357482910156e-05,
      "schedule": {
        "1": [
          0,
          0
        ],
        "3": [
          0,
          5
        ],
        "2": [
          5,
          11
        ],
        "7": [
          11,
          13
        ],
        "8": [
          13,
          23
        ],
        "4": [
          23,
          32
        ],
        "5": [
          32,
          40
        ],
        "9": [
          40,
          46
        ],
        "10": [
          46,
          52
        ],
        "6": [
          52,
          57
        ],
        "13": [
          57,
          64
        ],
        "15": [
          64,
          69
        ],
        "17": [
          69,
          73
        ],
        "11": [
          73,
          83
        ],
        "18": [
          83,
          90
        ],
        "16": [
          90,
          97
        ],
        "12": [
          97,
          101
        ],
        "14": [
          101,
          104
        ],
        "19": [
          104,
          108
        ],
        "20": [
          108,
          111
        ],
        "21": [
          111,
          113
        ],
        "22": [
          113,
          113
        ]
      },
      "activity_order": [
        1,
        3,
        2,
        7,
        8,
        4,
        5,
        9,
        10,
        6,
        13,
        15,
        17,
        11,
        18,
        16,
        12,
        14,
        19,
        20,
        21,
        22
      ]
    },
    "LST": {
      "makespan": 113,
      "execution_time": 4.792213439941406e-05,
      "schedule": {
        "1": [
          0,
          0
        ],
        "3": [
          0,
          5
        ],
        "2": [
          5,
          11
        ],
        "7": [
          11,
          13
        ],
        "8": [
          13,
          23
        ],
        "4": [
          23,
          32
        ],
        "5": [
          32,
          40
        ],
        "9": [
          40,
          46
        ],
        "10": [
          46,
          52
        ],
        "6": [
          52,
          57
        ],
        "13": [
          57,
          64
        ],
        "15": [
          64,
          69
        ],
        "17": [
          69,
          73
        ],
        "11": [
          73,
          83
        ],
        "18": [
          83,
          90
        ],
        "16": [
          90,
          97
        ],
        "12": [
          97,
          101
        ],
        "14": [
          101,
          104
        ],
        "19": [
          104,
          108
        ],
        "20": [
          108,
          111
        ],
        "21": [
          111,
          113
        ],
        "22": [
          113,
          113
        ]
      },
      "activity_order": [
        1,
        3,
        2,
        7,
        8,
        4,
        5,
        9,
        10,
        6,
        13,
        15,
        17,
        11,
        18,
        16,
        12,
        14,
        19,
        20,
        21,
        22
      ]
    },
    "LFT": {
      "makespan": 113,
      "execution_time": 5.459785461425781e-05,
      "schedule": {
        "1": [
          0,
          0
        ],
        "3": [
          0,
          5
        ],
        "7": [
          5,
          7
        ],
        "2": [
          7,
          13
        ],
        "5": [
          13,
          21
        ],
        "8": [
          21,
          31
        ],
        "4": [
          31,
          40
        ],
        "6": [
          40,
          45
        ],
        "9": [
          45,
          51
        ],
        "10": [
          51,
          57
        ],
        "17": [
          57,
          61
        ],
        "13": [
          61,
          68
        ],
        "15": [
          68,
          73
        ],
        "11": [
          73,
          83
        ],
        "14": [
          83,
          86
        ],
        "18": [
          86,
          93
        ],
        "12": [
          93,
          97
        ],
        "16": [
          97,
          104
        ],
        "19": [
          104,
          108
        ],
        "20": [
          108,
          111
        ],
        "21": [
          111,
          113
        ],
        "22": [
          113,
          113
        ]
      },
      "activity_order": [
        1,
        3,
        7,
        2,
        5,
        8,
        4,
        6,
        9,
        10,
        17,
        13,
        15,
        11,
        14,
        18,
        12,
        16,
        19,
        20,
        21,
        22
      ]
    },
    "MTS": {
      "makespan": 113,
      "execution_time": 5.269050598144531e-05,
      "schedule": {
        "1": [
          0,
          0
        ],
        "3": [
          0,
          5
        ],
        "7": [
          5,
          7
        ],
        "8": [
          7,
          17
        ],
        "2": [
          17,
          23
        ],
        "4": [
          23,
          32
        ],
        "10": [
          32,
          38
        ],
        "6": [
          38,
          43
        ],
        "5": [
          43,
          51
        ],
        "9": [
          51,
          57
        ],
        "17": [
          57,
          61
        ],
        "12": [
          61,
          65
        ],
        "13": [
          65,
          72
        ],
        "15": [
          72,
          77
        ],
        "11": [
          77,
          87
        ],
        "14": [
          87,
          90
        ],
        "16": [
          90,
          97
        ],
        "18": [
          97,
          104
        ],
        "19": [
          104,
          108
        ],
        "20": [
          108,
          111
        ],
        "21": [
          111,
          113
        ],
        "22": [
          113,
          113
        ]
      },
      "activity_order": [
        1,
        3,
        7,
        8,
        2,
        4,
        10,
        6,
        5,
        9,
        17,
        12,
        13,
        15,
        11,
        14,
        16,
        18,
        19,
        20,
        21,
        22
      ]
    },
    "TIMROS": {
      "makespan": 113,
      "execution_time": 4.673004150390625e-05,
      "schedule": {
        "1": [
          0,
          0
        ],
        "4": [
          0,
          9
        ],
        "2": [
          9,
          15
        ],
        "5": [
          15,
          23
        ],
        "3": [
          23,
          28
        ],
        "10": [
          28,
          34
        ],
        "6": [
          34,
          39
        ],
        "17": [
          39,
          43
        ],
        "18": [
          43,
          50
        ],
        "7": [
          50,
          52
        ],
        "8": [
          52,
          62
        ],
        "11": [
          62,
          72
        ],
        "13": [
          72,
          79
        ],
        "9": [
          79,
          85
        ],
        "15": [
          85,
          90
        ],
        "16": [
          90,
          97
        ],
        "12": [
          97,
          101
        ],
        "14": [
          101,
          104
        ],
        "19": [
          104,
          108
        ],
        "20": [
          108,
          111
        ],
        "21": [
          111,
          113
        ],
        "22": [
          113,
          113
        ]
      },