{
  "instance": "inst_set1a_sf0_nc1.8_n20_m25_00",
  "results": {
    "HRPW*": {
      "makespan": 113,
      "execution_time": 3.814697265625e-05,
      "schedule": {
        "1": [
          0,
          0
        ],
        "2": [
          0,
          1
        ],
        "5": [
          1,
          5
        ],
        "7": [
          5,
          10
        ],
        "3": [
          10,
          13
        ],
        "4": [
          13,
          16
        ],
        "16": [
          16,
          17
        ],
        "11": [
          17,
          27
        ],
        "17": [
          27,
          37
        ],
        "9": [
          37,
          46
        ],
        "6": [
          46,
          55
        ],
        "8": [
          55,
          61
        ],
        "18": [
          61,
          70
        ],
        "12": [
          70,
          79
        ],
        "10": [
          79,
          87
        ],
        "15": [
          87,
          96
        ],
        "19": [
          96,
          105
        ],
        "13": [
          105,
          107
        ],
        "14": [
          107,
          108
        ],
        "21": [
          108,
          111
        ],
        "20": [
          111,
          113
        ],
        "22": [
          113,
          113
        ]
      },
      "activity_order": [
        1,
        2,
        5,
        7,
        3,
        4,
        16,
        11,
        17,
        9,
        6,
        8,
        18,
        12,
        10,
        15,
        19,
        13,
        14,
        21,
        20,
        22
      ]
    },
    "LST": {
      "makespan": 113,
      "execution_time": 3.7670135498046875e-05,
      "schedule": {
        "1": [
          0,
          0
        ],
        "2": [
          0,
          1
        ],
        "5": [
          1,
          5
        ],
        "7": [
          5,
          10
        ],
        "3": [
          10,
          13
        ],
        "4": [
          13,
          16
        ],
        "16": [
          16,
          17
        ],
        "11": [
          17,
          27
        ],
        "17": [
          27,
          37
        ],
        "9": [
          37,
          46
        ],
        "6": [
          46,
          55
        ],
        "8": [
          55,
          61
        ],
        "18": [
          61,
          70
        ],
        "12": [
          70,
          79
        ],
        "10": [
          79,
          87
        ],
        "15": [
          87,
          96
        ],
        "19": [
          96,
          105
        ],
        "13": [
          105,
          107
        ],
        "14": [
          107,
          108
        ],
        "21": [
          108,
          111
        ],
        "20": [
          111,
          113
        ],
        "22": [
          113,
          113
        ]
      },
      "activity_order": [
        1,
        2,
        5,
        7,
        3,
        4,
        16,
        11,
        17,
        9,
        6,
        8,
        18,
        12,
        10,
        15,
        19,
        13,
        14,
        21,
        20,
        22
      ]
    },
    "LFT": {
      "makespan": 113,
      "execution_time": 3.600120544433594e-05,
      "schedule": {
        "1": [
          0,
          0
        ],
        "2": [
          0,
          1
        ],
        "5": [
          1,
          5
        ],
        "7": [
          5,
          10
        ],
        "3": [
          10,
          13
        ],
        "4": [
          13,
          16
        ],
        "16": [
          16,
          17
        ],
        "9": [
          17,
          26
        ],
        "11": [
          26,
          36
        ],
        "17": [
          36,
          46
        ],
        "6": [
          46,
          55
        ],
        "8": [
          55,
          61
        ],
        "18": [
          61,
          70
        ],
        "10": [
          70,
          78
        ],
        "12": [
          78,
          87
        ],
        "14": [
          87,
          88
        ],
        "15": [
          88,
          97
        ],
        "13": [
          97,
          99
        ],
        "19": [
          99,
          108
        ],
        "20": [
          108,
          110
        ],
        "21": [
          110,
          113
        ],
        "22": [
          113,
          113
        ]
      },
      "activity_order": [
        1,
        2,
        5,
        7,
        3,
        4,
        16,
        9,
        11,
        17,
        6,
        8,
        18,
        10,
        12,
        14,
        15,
        13,
        19,
        20,
        21,
        22
      ]
    },
    "MTS": {
      "makespan": 113,
      "execution_time": 3.7670135498046875e-05,
      "schedule": {
        "1": [
          0,
          0
        ],
        "2": [
          0,
          1
        ],
        "5": [
          1,
          5
        ],
        "3": [
          5,
          8
        ],
        "7": [
          8,
          13
        ],
        "9": [
          13,
          22
        ],
        "4": [
          22,
          25
        ],
        "6": [
          25,
          34
        ],
        "11": [
          34,
          44
        ],
        "16": [
          44,
          45
        ],
        "12": [
          45,
          54
        ],
        "17": [
          54,
          64
        ],
        "8": [
          64,
          70
        ],
        "10": [
          70,
          78
        ],
        "18": [
          78,
          87
        ],
        "13": [
          87,
          89
        ],
        "14": [
          89,
          90
        ],
        "15": [
          90,
          99
        ],
        "19": [
          99,
          108
        ],
        "20": [
          108,
          110
        ],
        "21": [
          110,
          113
        ],
        "22": [
          113,
          113
        ]
      },
      "activity_order": [
        1,
        2,
        5,
        3,
        7,
        9,
        4,
        6,
        11,
        16,
        12,
        17,
        8,
        10,
        18,
        13,
        14,
        15,
        19,
        20,
        21,
        22
      ]
    },
    "TIMROS": {
      "makespan": 113,
      "execution_time": 3.528594970703125e-05,
      "schedule": {
        "1": [
          0,
          0
        ],
        "2": [
          0,
          1
        ],
        "6": [
          1,
          10
        ],
        "5": [
          10,
          14
        ],
        "9": [
          14,
          23
        ],
        "10": [
          23,
          31
        ],
        "4": [
          31,
          34
        ],
        "11": [
          34,
          44
        ],
        "7": [
          44,
          49
        ],
        "3": [
          49,
          52
        ],
        "8": [
          52,
          58
        ],
        "15": [
          58,
          67
        ],
        "12": [
          67,
          76
        ],
        "13": [
          76,
          78
        ],
        "16": [
          78,
          79
        ],
        "17": [
          79,
          89
        ],
        "18": [
          89,
          98
        ],
        "19": [
          98,
          107
        ],
        "20": [
          107,
          109
        ],
        "14": [
          109,
          110
        ],
        "21": [
          110,
          113
        ],
        "22": [
          113,
          113
        ]
      },