{
  "instance": "inst_set1a_sf0.5_nc2.1_n20_m10_03",
  "results": {
    "HRPW*": {
      "makespan": 131,
      "execution_time": 5.221366882324219e-05,
      "schedule": {
        "1": [
          0,
          0
        ],
        "4": [
          0,
          5
        ],
        "5": [
          5,
          15
        ],
        "2": [
          15,
          25
        ],
        "8": [
          25,
          32
        ],
        "12": [
          32,
          36
        ],
        "3": [
          36,
          40
        ],
        "13": [
          40,
          50
        ],
        "7": [
          50,
          57
        ],
        "10": [
          57,
          62
        ],
        "6": [
          62,
          65
        ],
        "16": [
          65,
          73
        ],
        "17": [
          73,
          81
        ],
        "14": [
          81,
          88
        ],
        "18": [
          88,
          97
        ],
        "11": [
          97,
          104
        ],
        "9": [
          104,
          107
        ],
        "20": [
          107,
          117
        ],
        "21": [
          117,
          126
        ],
        "15": [
          126,
          127
        ],
        "19": [
          127,
          131
        ],
        "22": [
          131,
          131
        ]
      },
      "activity_order": [
        1,
        4,
        5,
        2,
        8,
        12,
        3,
        13,
        7,
        10,
        6,
        16,
        17,
        14,
        18,
        11,
        9,
        20,
        21,
        15,
        19,
        22
      ]
    },
    "LST": {
      "makespan": 131,
      "execution_time": 4.696846008300781e-05,
      "schedule": {
        "1": [
          0,
          0
        ],
        "4": [
          0,
          5
        ],
        "5": [
          5,
          15
        ],
        "2": [
          15,
          25
        ],
        "8": [
          25,
          32
        ],
        "12": [
          32,
          36
        ],
        "3": [
          36,
          40
        ],
        "13": [
          40,
          50
        ],
        "7": [
          50,
          57
        ],
        "10": [
          57,
          62
        ],
        "6": [
          62,
          65
        ],
        "16": [
          65,
          73
        ],
        "17": [
          73,
          81
        ],
        "14": [
          81,
          88
        ],
        "18": [
          88,
          97
        ],
        "11": [
          97,
          104
        ],
        "9": [
          104,
          107
        ],
        "20": [
          107,
          117
        ],
        "21": [
          117,
          126
        ],
        "15": [
          126,
          127
        ],
        "19": [
          127,
          131
        ],
        "22": [
          131,
          131
        ]
      },
      "activity_order": [
        1,
        4,
        5,
        2,
        8,
        12,
        3,
        13,
        7,
        10,
        6,
        16,
        17,
        14,
        18,
        11,
        9,
        20,
        21,
        15,
        19,
        22
      ]
    },
    "LFT": {
      "makespan": 131,
      "execution_time": 4.7206878662109375e-05,
      "schedule": {
        "1": [
          0,
          0
        ],
        "4": [
          0,
          5
        ],
        "5": [
          5,
          15
        ],
        "2": [
          15,
          25
        ],
        "8": [
          25,
          32
        ],
        "12": [
          32,
          36
        ],
        "3": [
          36,
          40
        ],
        "6": [
          40,
          43
        ],
        "7": [
          43,
          50
        ],
        "10": [
          50,
          55
        ],
        "13": [
          55,
          65
        ],
        "14": [
          65,
          72
        ],
        "16": [
          72,
          80
        ],
        "17": [
          80,
          88
        ],
        "9": [
          88,
          91
        ],
        "11": [
          91,
          98
        ],
        "18": [
          98,
          107
        ],
        "15": [
          107,
          108
        ],
        "19": [
          108,
          112
        ],
        "20": [
          112,
          122
        ],
        "21": [
          122,
          131
        ],
        "22": [
          131,
          131
        ]
      },
      "activity_order": [
        1,
        4,
        5,
        2,
        8,
        12,
        3,
        6,
        7,
        10,
        13,
        14,
        16,
        17,
        9,
        11,
        18,
        15,
        19,
        20,
        21,
        22
      ]
    },
    "MTS": {
      "makespan": 131,
      "execution_time": 6.437301635742188e-05,
      "schedule": {
        "1": [
          0,
          0
        ],
        "4": [
          0,
          5
        ],
        "5": [
          5,
          15
        ],
        "3": [
          15,
          19
        ],
        "8": [
          19,
          26
        ],
        "2": [
          26,
          36
        ],
        "7": [
          36,
          43
        ],
        "12": [
          43,
          47
        ],
        "6": [
          47,
          50
        ],
        "10": [
          50,
          55
        ],
        "17": [
          55,
          63
        ],
        "13": [
          63,
          73
        ],
        "16": [
          73,
          81
        ],
        "9": [
          81,
          84
        ],
        "14": [
          84,
          91
        ],
        "11": [
          91,
          98
        ],
        "15": [
          98,
          99
        ],
        "18": [
          99,
          108
        ],
        "19": [
          108,
          112
        ],
        "20": [
          112,
          122
        ],
        "21": [
          122,
          131
        ],
        "22": [
          131,
          131
        ]
      },
      "activity_order": [
        1,
        4,
        5,
        3,
        8,
        2,
        7,
        12,
        6,
        10,
        17,
        13,
        16,
        9,
        14,
        11,
        15,
        18,
        19,
        20,
        21,
        22
      ]
    },
    "TIMROS": {
      "makespan": 131,
      "execution_time": 6.389617919921875e-05,
      "schedule": {
        "1": [
          0,
          0
        ],
        "2": [
          0,
          10
        ],
        "3": [
          10,
          14
        ],
        "4": [
          14,
          19
        ],
        "8": [
          19,
          26
        ],
        "5": [
          26,
          36
        ],
        "7": [
          36,
          43
        ],
        "11": [
          43,
          50
        ],
        "12": [
          50,
          54
        ],
        "13": [
          54,
          64
        ],
        "9": [
          64,
          67
        ],
        "6": [
          67,
          70
        ],
        "14": [
          70,
          77
        ],
        "10": [
          77,
          82
        ],
        "17": [
          82,
          90
        ],
        "20": [
          90,
          100
        ],
        "16": [
          100,
          108
        ],
        "18": [
          108,
          117
        ],
        "21": [
          117,
          126
        ],
        "15": [
          126,
          127
        ],
        "19": [
          127,
          131
        ],
        "22": [
          131,
          131
        ]
      },