{
  "instance": "inst_set1a_sf0.75_nc1.5_n20_m20_05",
  "results": {
    "HRPW*": {
      "makespan": 122,
      "execution_time": 4.029273986816406e-05,
      "schedule": {
        "1": [
          0,
          0
        ],
        "3": [
          0,
          1
        ],
        "6": [
          1,
          2
        ],
        "12": [
          2,
          12
        ],
        "4": [
          12,
          21
        ],
        "15": [
          21,
          30
        ],
        "10": [
          30,
          34
        ],
        "8": [
          34,
          37
        ],
        "7": [
          37,
          39
        ],
        "9": [
          39,
          48
        ],
        "16": [
          48,
          58
        ],
        "5": [
          58,
          63
        ],
        "18": [
          63,
          70
        ],
        "2": [
          70,
          75
        ],
        "17": [
          75,
          78
        ],
        "13": [
          78,
          88
        ],
        "14": [
          88,
          97
        ],
        "19": [
          97,
          107
        ],
        "20": [
          107,
          117
        ],
        "11": [
          117,
          120
        ],
        "21": [
          120,
          122
        ],
        "22": [
          122,
          122
        ]
      },
      "activity_order": [
        1,
        3,
        6,
        12,
        4,
        15,
        10,
        8,
        7,
        9,
        16,
        5,
        18,
        2,
        17,
        13,
        14,
        19,
        20,
        11,
        21,
        22
      ]
    },
    "LST": {
      "makespan": 122,
      "execution_time": 3.933906555175781e-05,
      "schedule": {
        "1": [
          0,
          0
        ],
        "3": [
          0,
          1
        ],
        "6": [
          1,
          2
        ],
        "12": [
          2,
          12
        ],
        "4": [
          12,
          21
        ],
        "15": [
          21,
          30
        ],
        "10": [
          30,
          34
        ],
        "8": [
          34,
          37
        ],
        "7": [
          37,
          39
        ],
        "9": [
          39,
          48
        ],
        "16": [
          48,
          58
        ],
        "5": [
          58,
          63
        ],
        "18": [
          63,
          70
        ],
        "2": [
          70,
          75
        ],
        "17": [
          75,
          78
        ],
        "13": [
          78,
          88
        ],
        "14": [
          88,
          97
        ],
        "19": [
          97,
          107
        ],
        "20": [
          107,
          117
        ],
        "11": [
          117,
          120
        ],
        "21": [
          120,
          122
        ],
        "22": [
          122,
          122
        ]
      },
      "activity_order": [
        1,
        3,
        6,
        12,
        4,
        15,
        10,
        8,
        7,
        9,
        16,
        5,
        18,
        2,
        17,
        13,
        14,
        19,
        20,
        11,
        21,
        22
      ]
    },
    "LFT": {
      "makespan": 122,
      "execution_time": 3.838539123535156e-05,
      "schedule": {
        "1": [
          0,
          0
        ],
        "3": [
          0,
          1
        ],
        "6": [
          1,
          2
        ],
        "12": [
          2,
          12
        ],
        "4": [
          12,
          21
        ],
        "7": [
          21,
          23
        ],
        "8": [
          23,
          26
        ],
        "10": [
          26,
          30
        ],
        "15": [
          30,
          39
        ],
        "5": [
          39,
          44
        ],
        "2": [
          44,
          49
        ],
        "9": [
          49,
          58
        ],
        "16": [
          58,
          68
        ],
        "17": [
          68,
          71
        ],
        "18": [
          71,
          78
        ],
        "11": [
          78,
          81
        ],
        "13": [
          81,
          91
        ],
        "14": [
          91,
          100
        ],
        "19": [
          100,
          110
        ],
        "20": [
          110,
          120
        ],
        "21": [
          120,
          122
        ],
        "22": [
          122,
          122
        ]
      },
      "activity_order": [
        1,
        3,
        6,
        12,
        4,
        7,
        8,
        10,
        15,
        5,
        2,
        9,
        16,
        17,
        18,
        11,
        13,
        14,
        19,
        20,
        21,
        22
      ]
    },
    "MTS": {
      "makespan": 122,
      "execution_time": 4.3392181396484375e-05,
      "schedule": {
        "1": [
          0,
          0
        ],
        "3": [
          0,
          1
        ],
        "4": [
          1,
          10
        ],
        "6": [
          10,
          11
        ],
        "8": [
          11,
          14
        ],
        "7": [
          14,
          16
        ],
        "12": [
          16,
          26
        ],
        "5": [
          26,
          31
        ],
        "2": [
          31,
          36
        ],
        "9": [
          36,
          45
        ],
        "10": [
          45,
          49
        ],
        "15": [
          49,
          58
        ],
        "11": [
          58,
          61
        ],
        "13": [
          61,
          71
        ],
        "14": [
          71,
          80
        ],
        "16": [
          80,
          90
        ],
        "17": [
          90,
          93
        ],
        "18": [
          93,
          100
        ],
        "19": [
          100,
          110
        ],
        "20": [
          110,
          120
        ],
        "21": [
          120,
          122
        ],
        "22": [
          122,
          122
        ]
      },
      "activity_order": [
        1,
        3,
        4,
        6,
        8,
        7,
        12,
        5,
        2,
        9,
        10,
        15,
        11,
        13,
        14,
        16,
        17,
        18,
        19,
        20,
        21,
        22
      ]
    },
    "TIMROS": {
      "makespan": 122,
      "execution_time": 3.814697265625e-05,
      "schedule": {
        "1": [
          0,
          0
        ],
        "2": [
          0,
          5
        ],
        "4": [
          5,
          14
        ],
        "8": [
          14,
          17
        ],
        "9": [
          17,
          26
        ],
        "14": [
          26,
          35
        ],
        "5": [
          35,
          40
        ],
        "17": [
          40,
          43
        ],
        "19": [
          43,
          53
        ],
        "3": [
          53,
          54
        ],
        "7": [
          54,
          56
        ],
        "11": [
          56,
          59
        ],
        "6": [
          59,
          60
        ],
        "12": [
          60,
          70
        ],
        "15": [
          70,
          79
        ],
        "13": [
          79,
          89
        ],
        "18": [
          89,
          96
        ],
        "10": [
          96,
          100
        ],
        "16": [
          100,
          110
        ],
        "20": [
          110,
          120
        ],
        "21": [
          120,
          122
        ],
        "22": [
          122,
          122
        ]
      },