{
  "instance": "inst_set1a_sf0.5_nc1.5_n20_m13_00",
  "results": {
    "HRPW*": {
      "makespan": 122,
      "execution_time": 5.0067901611328125e-05,
      "schedule": {
        "1": [
          0,
          0
        ],
        "3": [
          0,
          10
        ],
        "4": [
          10,
          18
        ],
        "6": [
          18,
          23
        ],
        "7": [
          23,
          32
        ],
        "10": [
          32,
          38
        ],
        "11": [
          38,
          46
        ],
        "8": [
          46,
          51
        ],
        "14": [
          51,
          61
        ],
        "9": [
          61,
          68
        ],
        "15": [
          68,
          76
        ],
        "2": [
          76,
          81
        ],
        "13": [
          81,
          90
        ],
        "5": [
          90,
          93
        ],
        "12": [
          93,
          95
        ],
        "16": [
          95,
          102
        ],
        "17": [
          102,
          105
        ],
        "20": [
          105,
          114
        ],
        "19": [
          114,
          119
        ],
        "18": [
          119,
          121
        ],
        "21": [
          121,
          122
        ],
        "22": [
          122,
          122
        ]
      },
      "activity_order": [
        1,
        3,
        4,
        6,
        7,
        10,
        11,
        8,
        14,
        9,
        15,
        2,
        13,
        5,
        12,
        16,
        17,
        20,
        19,
        18,
        21,
        22
      ]
    },
    "LST": {
      "makespan": 122,
      "execution_time": 6.580352783203125e-05,
      "schedule": {
        "1": [
          0,
          0
        ],
        "3": [
          0,
          10
        ],
        "4": [
          10,
          18
        ],
        "6": [
          18,
          23
        ],
        "7": [
          23,
          32
        ],
        "10": [
          32,
          38
        ],
        "11": [
          38,
          46
        ],
        "8": [
          46,
          51
        ],
        "14": [
          51,
          61
        ],
        "9": [
          61,
          68
        ],
        "15": [
          68,
          76
        ],
        "2": [
          76,
          81
        ],
        "13": [
          81,
          90
        ],
        "5": [
          90,
          93
        ],
        "12": [
          93,
          95
        ],
        "16": [
          95,
          102
        ],
        "17": [
          102,
          105
        ],
        "20": [
          105,
          114
        ],
        "19": [
          114,
          119
        ],
        "18": [
          119,
          121
        ],
        "21": [
          121,
          122
        ],
        "22": [
          122,
          122
        ]
      },
      "activity_order": [
        1,
        3,
        4,
        6,
        7,
        10,
        11,
        8,
        14,
        9,
        15,
        2,
        13,
        5,
        12,
        16,
        17,
        20,
        19,
        18,
        21,
        22
      ]
    },
    "LFT": {
      "makespan": 122,
      "execution_time": 6.532669067382812e-05,
      "schedule": {
        "1": [
          0,
          0
        ],
        "3": [
          0,
          10
        ],
        "4": [
          10,
          18
        ],
        "6": [
          18,
          23
        ],
        "7": [
          23,
          32
        ],
        "10": [
          32,
          38
        ],
        "8": [
          38,
          43
        ],
        "11": [
          43,
          51
        ],
        "2": [
          51,
          56
        ],
        "9": [
          56,
          63
        ],
        "5": [
          63,
          66
        ],
        "12": [
          66,
          68
        ],
        "14": [
          68,
          78
        ],
        "15": [
          78,
          86
        ],
        "13": [
          86,
          95
        ],
        "17": [
          95,
          98
        ],
        "16": [
          98,
          105
        ],
        "18": [
          105,
          107
        ],
        "19": [
          107,
          112
        ],
        "20": [
          112,
          121
        ],
        "21": [
          121,
          122
        ],
        "22": [
          122,
          122
        ]
      },
      "activity_order": [
        1,
        3,
        4,
        6,
        7,
        10,
        8,
        11,
        2,
        9,
        5,
        12,
        14,
        15,
        13,
        17,
        16,
        18,
        19,
        20,
        21,
        22
      ]
    },
    "MTS": {
      "makespan": 122,
      "execution_time": 5.459785461425781e-05,
      "schedule": {
        "1": [
          0,
          0
        ],
        "3": [
          0,
          10
        ],
        "6": [
          10,
          15
        ],
        "4": [
          15,
          23
        ],
        "11": [
          23,
          31
        ],
        "10": [
          31,
          37
        ],
        "7": [
          37,
          46
        ],
        "2": [
          46,
          51
        ],
        "8": [
          51,
          56
        ],
        "9": [
          56,
          63
        ],
        "15": [
          63,
          71
        ],
        "5": [
          71,
          74
        ],
        "12": [
          74,
          76
        ],
        "13": [
          76,
          85
        ],
        "14": [
          85,
          95
        ],
        "16": [
          95,
          102
        ],
        "17": [
          102,
          105
        ],
        "18": [
          105,
          107
        ],
        "19": [
          107,
          112
        ],
        "20": [
          112,
          121
        ],
        "21": [
          121,
          122
        ],
        "22": [
          122,
          122
        ]
      },
      "activity_order": [
        1,
        3,
        6,
        4,
        11,
        10,
        7,
        2,
        8,
        9,
        15,
        5,
        12,
        13,
        14,
        16,
        17,
        18,
        19,
        20,
        21,
        22
      ]
    },
    "TIMROS": {
      "makespan": 122,
      "execution_time": 7.271766662597656e-05,
      "schedule": {
        "1": [
          0,
          0
        ],
        "4": [
          0,
          8
        ],
        "3": [
          8,
          18
        ],
        "7": [
          18,
          27
        ],
        "11": [
          27,
          35
        ],
        "2": [
          35,
          40
        ],
        "6": [
          40,
          45
        ],
        "15": [
          45,
          53
        ],
        "9": [
          53,
          60
        ],
        "10": [
          60,
          66
        ],
        "14": [
          66,
          76
        ],
        "8": [
          76,
          81
        ],
        "13": [
          81,
          90
        ],
        "5": [
          90,
          93
        ],
        "17": [
          93,
          96
        ],
        "20": [
          96,
          105
        ],
        "12": [
          105,
          107
        ],
        "16": [
          107,
          114
        ],
        "19": [
          114,
          119
        ],
        "18": [
          119,
          121
        ],
        "21": [
          121,
          122
        ],
        "22": [
          122,
          122
        ]
      },