{
  "instance": "inst_set1a_sf0.75_nc1.8_n20_m20_04",
  "results": {
    "HRPW*": {
      "makespan": 56,
      "execution_time": 0.0002532005310058594,
      "schedule": {
        "1": [
          0,
          0
        ],
        "4": [
          0,
          1
        ],
        "8": [
          1,
          11
        ],
        "3": [
          0,
          3
        ],
        "9": [
          11,
          12
        ],
        "5": [
          3,
          12
        ],
        "11": [
          12,
          21
        ],
        "7": [
          21,
          29
        ],
        "12": [
          21,
          29
        ],
        "10": [
          29,
          30
        ],
        "17": [
          30,
          37
        ],
        "14": [
          30,
          35
        ],
        "13": [
          35,
          39
        ],
        "18": [
          39,
          48
        ],
        "6": [
          37,
          45
        ],
        "15": [
          45,
          49
        ],
        "16": [
          30,
          37
        ],
        "19": [
          49,
          56
        ],
        "2": [
          37,
          40
        ],
        "20": [
          49,
          52
        ],
        "21": [
          48,
          51
        ],
        "22": [
          56,
          56
        ]
      },
      "activity_order": [
        1,
        4,
        8,
        3,
        9,
        5,
        11,
        7,
        12,
        10,
        17,
        14,
        13,
        18,
        6,
        15,
        16,
        19,
        2,
        20,
        21,
        22
      ]
    },
    "LST": {
      "makespan": 56,
      "execution_time": 0.0002644062042236328,
      "schedule": {
        "1": [
          0,
          0
        ],
        "4": [
          0,
          1
        ],
        "8": [
          1,
          11
        ],
        "3": [
          0,
          3
        ],
        "9": [
          11,
          12
        ],
        "5": [
          3,
          12
        ],
        "11": [
          12,
          21
        ],
        "7": [
          21,
          29
        ],
        "12": [
          21,
          29
        ],
        "10": [
          29,
          30
        ],
        "17": [
          30,
          37
        ],
        "14": [
          30,
          35
        ],
        "13": [
          35,
          39
        ],
        "18": [
          39,
          48
        ],
        "6": [
          37,
          45
        ],
        "15": [
          45,
          49
        ],
        "16": [
          30,
          37
        ],
        "19": [
          49,
          56
        ],
        "2": [
          37,
          40
        ],
        "20": [
          49,
          52
        ],
        "21": [
          48,
          51
        ],
        "22": [
          56,
          56
        ]
      },
      "activity_order": [
        1,
        4,
        8,
        3,
        9,
        5,
        11,
        7,
        12,
        10,
        17,
        14,
        13,
        18,
        6,
        15,
        16,
        19,
        2,
        20,
        21,
        22
      ]
    },
    "LFT": {
      "makespan": 57,
      "execution_time": 0.00026345252990722656,
      "schedule": {
        "1": [
          0,
          0
        ],
        "4": [
          0,
          1
        ],
        "3": [
          0,
          3
        ],
        "8": [
          1,
          11
        ],
        "9": [
          11,
          12
        ],
        "5": [
          3,
          12
        ],
        "11": [
          12,
          21
        ],
        "10": [
          21,
          22
        ],
        "7": [
          22,
          30
        ],
        "12": [
          21,
          29
        ],
        "13": [
          29,
          33
        ],
        "14": [
          33,
          38
        ],
        "17": [
          22,
          29
        ],
        "15": [
          38,
          42
        ],
        "18": [
          38,
          47
        ],
        "2": [
          30,
          33
        ],
        "6": [
          42,
          50
        ],
        "16": [
          33,
          40
        ],
        "19": [
          50,
          57
        ],
        "20": [
          50,
          53
        ],
        "21": [
          47,
          50
        ],
        "22": [
          57,
          57
        ]
      },
      "activity_order": [
        1,
        4,
        3,
        8,
        9,
        5,
        11,
        10,
        7,
        12,
        13,
        14,
        17,
        15,
        18,
        2,
        6,
        16,
        19,
        20,
        21,
        22
      ]
    },
    "MTS": {
      "makespan": 55,
      "execution_time": 0.0002639293670654297,
      "schedule": {
        "1": [
          0,
          0
        ],
        "4": [
          0,
          1
        ],
        "3": [
          0,
          3
        ],
        "8": [
          1,
          11
        ],
        "9": [
          11,
          12
        ],
        "5": [
          3,
          12
        ],
        "11": [
          12,
          21
        ],
        "10": [
          21,
          22
        ],
        "12": [
          21,
          29
        ],
        "7": [
          22,
          30
        ],
        "14": [
          30,
          35
        ],
        "13": [
          35,
          39
        ],
        "17": [
          22,
          29
        ],
        "15": [
          35,
          39
        ],
        "18": [
          39,
          48
        ],
        "2": [
          30,
          33
        ],
        "6": [
          39,
          47
        ],
        "16": [
          33,
          40
        ],
        "19": [
          48,
          55
        ],
        "20": [
          48,
          51
        ],
        "21": [
          48,
          51
        ],
        "22": [
          55,
          55
        ]
      },
      "activity_order": [
        1,
        4,
        3,
        8,
        9,
        5,
        11,
        10,
        12,
        7,
        14,
        13,
        17,
        15,
        18,
        2,
        6,
        16,
        19,
        20,
        21,
        22
      ]
    },
    "TIMROS": {
      "makespan": 54,
      "execution_time": 0.0002689361572265625,
      "schedule": {
        "1": [
          0,
          0
        ],
        "2": [
          0,
          3
        ],
        "3": [
          0,
          3
        ],
        "7": [
          3,
          11
        ],
        "4": [
          0,
          1
        ],
        "8": [
          1,
          11
        ],
        "5": [
          3,
          12
        ],
        "6": [
          12,
          20
        ],
        "9": [
          11,
          12
        ],
        "11": [
          12,
          21
        ],
        "12": [
          21,
          29
        ],
        "13": [
          29,
          33
        ],
        "10": [
          21,
          22
        ],
        "14": [
          33,
          38
        ],
        "16": [
          29,
          36
        ],
        "17": [
          22,
          29
        ],
        "18": [
          38,
          47
        ],
        "15": [
          38,
          42
        ],
        "19": [
          47,
          54
        ],
        "20": [
          47,
          50
        ],
        "21": [
          47,
          50
        ],
        "22": [
          54,
          54
        ]
      },
      "activity_order": [
        1,
        2,
        3,
        7,
        4,
        8,
        5,
        6,
        9,
        11,
        12,
        13,
        10,
        14,
        16,
        17,
        18,
        15,
        19,
        20,
        21,
        22
      ]
    },
    "HRU1": {
      "makespan": 66,