{
  "instance": "inst_set1a_sf0.75_nc1.5_n20_m20_00",
  "results": {
    "HRPW*": {
      "makespan": 55,
      "execution_time": 0.0005726814270019531,
      "schedule": {
        "1": [
          0,
          0
        ],
        "4": [
          0,
          9
        ],
        "3": [
          9,
          11
        ],
        "2": [
          0,
          1
        ],
        "7": [
          11,
          17
        ],
        "5": [
          9,
          14
        ],
        "8": [
          17,
          22
        ],
        "6": [
          11,
          16
        ],
        "13": [
          22,
          27
        ],
        "9": [
          17,
          24
        ],
        "16": [
          27,
          35
        ],
        "11": [
          27,
          37
        ],
        "18": [
          24,
          32
        ],
        "10": [
          35,
          36
        ],
        "12": [
          36,
          37
        ],
        "14": [
          37,
          39
        ],
        "15": [
          39,
          43
        ],
        "17": [
          43,
          46
        ],
        "19": [
          43,
          53
        ],
        "21": [
          32,
          42
        ],
        "20": [
          46,
          55
        ],
        "22": [
          55,
          55
        ]
      },
      "activity_order": [
        1,
        4,
        3,
        2,
        7,
        5,
        8,
        6,
        13,
        9,
        16,
        11,
        18,
        10,
        12,
        14,
        15,
        17,
        19,
        21,
        20,
        22
      ]
    },
    "LST": {
      "makespan": 55,
      "execution_time": 0.00034546852111816406,
      "schedule": {
        "1": [
          0,
          0
        ],
        "4": [
          0,
          9
        ],
        "3": [
          9,
          11
        ],
        "2": [
          0,
          1
        ],
        "7": [
          11,
          17
        ],
        "5": [
          9,
          14
        ],
        "8": [
          17,
          22
        ],
        "6": [
          11,
          16
        ],
        "13": [
          22,
          27
        ],
        "9": [
          17,
          24
        ],
        "16": [
          27,
          35
        ],
        "11": [
          27,
          37
        ],
        "18": [
          24,
          32
        ],
        "10": [
          35,
          36
        ],
        "12": [
          36,
          37
        ],
        "14": [
          37,
          39
        ],
        "15": [
          39,
          43
        ],
        "17": [
          43,
          46
        ],
        "19": [
          43,
          53
        ],
        "21": [
          32,
          42
        ],
        "20": [
          46,
          55
        ],
        "22": [
          55,
          55
        ]
      },
      "activity_order": [
        1,
        4,
        3,
        2,
        7,
        5,
        8,
        6,
        13,
        9,
        16,
        11,
        18,
        10,
        12,
        14,
        15,
        17,
        19,
        21,
        20,
        22
      ]
    },
    "LFT": {
      "makespan": 50,
      "execution_time": 0.00035071372985839844,
      "schedule": {
        "1": [
          0,
          0
        ],
        "3": [
          0,
          2
        ],
        "2": [
          0,
          1
        ],
        "4": [
          2,
          11
        ],
        "5": [
          11,
          16
        ],
        "7": [
          2,
          8
        ],
        "8": [
          16,
          21
        ],
        "6": [
          11,
          16
        ],
        "13": [
          21,
          26
        ],
        "10": [
          16,
          17
        ],
        "9": [
          16,
          23
        ],
        "12": [
          17,
          18
        ],
        "14": [
          21,
          23
        ],
        "16": [
          26,
          34
        ],
        "15": [
          34,
          38
        ],
        "18": [
          23,
          31
        ],
        "11": [
          26,
          36
        ],
        "17": [
          38,
          41
        ],
        "19": [
          38,
          48
        ],
        "20": [
          41,
          50
        ],
        "21": [
          31,
          41
        ],
        "22": [
          50,
          50
        ]
      },
      "activity_order": [
        1,
        3,
        2,
        4,
        5,
        7,
        8,
        6,
        13,
        10,
        9,
        12,
        14,
        16,
        15,
        18,
        11,
        17,
        19,
        20,
        21,
        22
      ]
    },
    "MTS": {
      "makespan": 51,
      "execution_time": 0.0003197193145751953,
      "schedule": {
        "1": [
          0,
          0
        ],
        "4": [
          0,
          9
        ],
        "3": [
          9,
          11
        ],
        "2": [
          0,
          1
        ],
        "5": [
          9,
          14
        ],
        "7": [
          11,
          17
        ],
        "6": [
          11,
          16
        ],
        "8": [
          17,
          22
        ],
        "9": [
          17,
          24
        ],
        "10": [
          14,
          15
        ],
        "13": [
          22,
          27
        ],
        "12": [
          15,
          16
        ],
        "14": [
          22,
          24
        ],
        "16": [
          27,
          35
        ],
        "11": [
          27,
          37
        ],
        "15": [
          35,
          39
        ],
        "17": [
          39,
          42
        ],
        "18": [
          24,
          32
        ],
        "19": [
          39,
          49
        ],
        "20": [
          42,
          51
        ],
        "21": [
          32,
          42
        ],
        "22": [
          51,
          51
        ]
      },
      "activity_order": [
        1,
        4,
        3,
        2,
        5,
        7,
        6,
        8,
        9,
        10,
        13,
        12,
        14,
        16,
        11,
        15,
        17,
        18,
        19,
        20,
        21,
        22
      ]
    },
    "TIMROS": {
      "makespan": 72,
      "execution_time": 0.0003523826599121094,
      "schedule": {
        "1": [
          0,
          0
        ],
        "4": [
          0,
          9
        ],
        "18": [
          9,
          17
        ],
        "21": [
          17,
          27
        ],
        "3": [
          9,
          11
        ],
        "7": [
          27,
          33
        ],
        "6": [
          11,
          16
        ],
        "9": [
          33,
          40
        ],
        "11": [
          11,
          21
        ],
        "2": [
          21,
          22
        ],
        "5": [
          22,
          27
        ],
        "8": [
          33,
          38
        ],
        "13": [
          38,
          43
        ],
        "16": [
          43,
          51
        ],
        "14": [
          51,
          53
        ],
        "17": [
          53,
          56
        ],
        "20": [
          56,
          65
        ],
        "10": [
          56,
          57
        ],
        "12": [
          57,
          58
        ],
        "15": [
          58,
          62
        ],
        "19": [
          62,
          72
        ],
        "22": [
          72,
          72
        ]
      },
      "activity_order": [
        1,
        4,
        18,
        21,
        3,
        7,
        6,
        9,
        11,
        2,
        5,
        8,
        13,
        16,
        14,
        17,
        20,
        10,
        12,
        15,
        19,
        22
      ]
    },
    "HRU1": {
      "makespan": 56,