{
  "instance": "inst_set1a_sf1_nc1.5_n20_m30_01",
  "results": {
    "HRPW*": {
      "makespan": 132,
      "execution_time": 0.0003437995910644531,
      "schedule": {
        "1": [
          0,
          0
        ],
        "3": [
          0,
          8
        ],
        "6": [
          8,
          12
        ],
        "2": [
          12,
          22
        ],
        "7": [
          22,
          31
        ],
        "4": [
          31,
          40
        ],
        "8": [
          40,
          42
        ],
        "12": [
          42,
          48
        ],
        "10": [
          48,
          50
        ],
        "5": [
          50,
          59
        ],
        "13": [
          59,
          65
        ],
        "17": [
          65,
          71
        ],
        "11": [
          71,
          73
        ],
        "14": [
          73,
          83
        ],
        "16": [
          83,
          92
        ],
        "18": [
          92,
          99
        ],
        "15": [
          99,
          105
        ],
        "9": [
          105,
          106
        ],
        "19": [
          106,
          116
        ],
        "20": [
          116,
          124
        ],
        "21": [
          124,
          132
        ],
        "22": [
          132,
          132
        ]
      },
      "activity_order": [
        1,
        3,
        6,
        2,
        7,
        4,
        8,
        12,
        10,
        5,
        13,
        17,
        11,
        14,
        16,
        18,
        15,
        9,
        19,
        20,
        21,
        22
      ]
    },
    "LST": {
      "makespan": 132,
      "execution_time": 0.0004665851593017578,
      "schedule": {
        "1": [
          0,
          0
        ],
        "3": [
          0,
          8
        ],
        "6": [
          8,
          12
        ],
        "2": [
          12,
          22
        ],
        "7": [
          22,
          31
        ],
        "4": [
          31,
          40
        ],
        "8": [
          40,
          42
        ],
        "12": [
          42,
          48
        ],
        "10": [
          48,
          50
        ],
        "5": [
          50,
          59
        ],
        "13": [
          59,
          65
        ],
        "17": [
          65,
          71
        ],
        "11": [
          71,
          73
        ],
        "14": [
          73,
          83
        ],
        "16": [
          83,
          92
        ],
        "18": [
          92,
          99
        ],
        "15": [
          99,
          105
        ],
        "9": [
          105,
          106
        ],
        "19": [
          106,
          116
        ],
        "20": [
          116,
          124
        ],
        "21": [
          124,
          132
        ],
        "22": [
          132,
          132
        ]
      },
      "activity_order": [
        1,
        3,
        6,
        2,
        7,
        4,
        8,
        12,
        10,
        5,
        13,
        17,
        11,
        14,
        16,
        18,
        15,
        9,
        19,
        20,
        21,
        22
      ]
    },
    "LFT": {
      "makespan": 132,
      "execution_time": 0.000339508056640625,
      "schedule": {
        "1": [
          0,
          0
        ],
        "3": [
          0,
          8
        ],
        "6": [
          8,
          12
        ],
        "7": [
          12,
          21
        ],
        "8": [
          21,
          23
        ],
        "2": [
          23,
          33
        ],
        "4": [
          33,
          42
        ],
        "10": [
          42,
          44
        ],
        "11": [
          44,
          46
        ],
        "12": [
          46,
          52
        ],
        "13": [
          52,
          58
        ],
        "17": [
          58,
          64
        ],
        "5": [
          64,
          73
        ],
        "9": [
          73,
          74
        ],
        "14": [
          74,
          84
        ],
        "18": [
          84,
          91
        ],
        "15": [
          91,
          97
        ],
        "16": [
          97,
          106
        ],
        "19": [
          106,
          116
        ],
        "20": [
          116,
          124
        ],
        "21": [
          124,
          132
        ],
        "22": [
          132,
          132
        ]
      },
      "activity_order": [
        1,
        3,
        6,
        7,
        8,
        2,
        4,
        10,
        11,
        12,
        13,
        17,
        5,
        9,
        14,
        18,
        15,
        16,
        19,
        20,
        21,
        22
      ]
    },
    "MTS": {
      "makespan": 132,
      "execution_time": 0.0003399848937988281,
      "schedule": {
        "1": [
          0,
          0
        ],
        "3": [
          0,
          8
        ],
        "2": [
          8,
          18
        ],
        "4": [
          18,
          27
        ],
        "6": [
          27,
          31
        ],
        "7": [
          31,
          40
        ],
        "8": [
          40,
          42
        ],
        "10": [
          42,
          44
        ],
        "12": [
          44,
          50
        ],
        "13": [
          50,
          56
        ],
        "17": [
          56,
          62
        ],
        "5": [
          62,
          71
        ],
        "11": [
          71,
          73
        ],
        "18": [
          73,
          80
        ],
        "9": [
          80,
          81
        ],
        "14": [
          81,
          91
        ],
        "15": [
          91,
          97
        ],
        "16": [
          97,
          106
        ],
        "19": [
          106,
          116
        ],
        "20": [
          116,
          124
        ],
        "21": [
          124,
          132
        ],
        "22": [
          132,
          132
        ]
      },
      "activity_order": [
        1,
        3,
        2,
        4,
        6,
        7,
        8,
        10,
        12,
        13,
        17,
        5,
        11,
        18,
        9,
        14,
        15,
        16,
        19,
        20,
        21,
        22
      ]
    },
    "TIMROS": {
      "makespan": 132,
      "execution_time": 0.0005300045013427734,
      "schedule": {
        "1": [
          0,
          0
        ],
        "2": [
          0,
          10
        ],
        "4": [
          10,
          19
        ],
        "3": [
          19,
          27
        ],
        "5": [
          27,
          36
        ],
        "13": [
          36,
          42
        ],
        "15": [
          42,
          48
        ],
        "20": [
          48,
          56
        ],
        "6": [
          56,
          60
        ],
        "7": [
          60,
          69
        ],
        "8": [
          69,
          71
        ],
        "12": [
          71,
          77
        ],
        "16": [
          77,
          86
        ],
        "10": [
          86,
          88
        ],
        "17": [
          88,
          94
        ],
        "18": [
          94,
          101
        ],
        "21": [
          101,
          109
        ],
        "11": [
          109,
          111
        ],
        "14": [
          111,
          121
        ],
        "9": [
          121,
          122
        ],
        "19": [
          122,
          132
        ],
        "22": [
          132,
          132
        ]
      },