{
  "instance": "inst_set1a_sf0.5_nc1.8_n20_m15_01",
  "results": {
    "HRPW*": {
      "makespan": 60,
      "execution_time": 0.0002124309539794922,
      "schedule": {
        "1": [
          0,
          0
        ],
        "2": [
          0,
          10
        ],
        "8": [
          10,
          20
        ],
        "3": [
          0,
          9
        ],
        "7": [
          20,
          23
        ],
        "11": [
          23,
          30
        ],
        "4": [
          30,
          32
        ],
        "10": [
          20,
          28
        ],
        "6": [
          32,
          37
        ],
        "9": [
          28,
          30
        ],
        "13": [
          32,
          37
        ],
        "15": [
          30,
          33
        ],
        "14": [
          37,
          40
        ],
        "16": [
          40,
          41
        ],
        "17": [
          41,
          42
        ],
        "18": [
          42,
          50
        ],
        "12": [
          37,
          44
        ],
        "5": [
          37,
          43
        ],
        "21": [
          50,
          60
        ],
        "20": [
          43,
          50
        ],
        "19": [
          50,
          55
        ],
        "22": [
          60,
          60
        ]
      },
      "activity_order": [
        1,
        2,
        8,
        3,
        7,
        11,
        4,
        10,
        6,
        9,
        13,
        15,
        14,
        16,
        17,
        18,
        12,
        5,
        21,
        20,
        19,
        22
      ]
    },
    "LST": {
      "makespan": 60,
      "execution_time": 0.00021195411682128906,
      "schedule": {
        "1": [
          0,
          0
        ],
        "2": [
          0,
          10
        ],
        "8": [
          10,
          20
        ],
        "3": [
          0,
          9
        ],
        "7": [
          20,
          23
        ],
        "11": [
          23,
          30
        ],
        "4": [
          30,
          32
        ],
        "10": [
          20,
          28
        ],
        "6": [
          32,
          37
        ],
        "9": [
          28,
          30
        ],
        "13": [
          32,
          37
        ],
        "15": [
          30,
          33
        ],
        "14": [
          37,
          40
        ],
        "16": [
          40,
          41
        ],
        "17": [
          41,
          42
        ],
        "18": [
          42,
          50
        ],
        "12": [
          37,
          44
        ],
        "5": [
          37,
          43
        ],
        "21": [
          50,
          60
        ],
        "20": [
          43,
          50
        ],
        "19": [
          50,
          55
        ],
        "22": [
          60,
          60
        ]
      },
      "activity_order": [
        1,
        2,
        8,
        3,
        7,
        11,
        4,
        10,
        6,
        9,
        13,
        15,
        14,
        16,
        17,
        18,
        12,
        5,
        21,
        20,
        19,
        22
      ]
    },
    "LFT": {
      "makespan": 61,
      "execution_time": 0.0002143383026123047,
      "schedule": {
        "1": [
          0,
          0
        ],
        "2": [
          0,
          10
        ],
        "8": [
          10,
          20
        ],
        "3": [
          0,
          9
        ],
        "4": [
          20,
          22
        ],
        "7": [
          22,
          25
        ],
        "9": [
          25,
          27
        ],
        "11": [
          25,
          32
        ],
        "6": [
          32,
          37
        ],
        "10": [
          27,
          35
        ],
        "13": [
          27,
          32
        ],
        "15": [
          35,
          38
        ],
        "14": [
          38,
          41
        ],
        "16": [
          41,
          42
        ],
        "17": [
          42,
          43
        ],
        "5": [
          37,
          43
        ],
        "12": [
          35,
          42
        ],
        "18": [
          43,
          51
        ],
        "19": [
          51,
          56
        ],
        "20": [
          43,
          50
        ],
        "21": [
          51,
          61
        ],
        "22": [
          61,
          61
        ]
      },
      "activity_order": [
        1,
        2,
        8,
        3,
        4,
        7,
        9,
        11,
        6,
        10,
        13,
        15,
        14,
        16,
        17,
        5,
        12,
        18,
        19,
        20,
        21,
        22
      ]
    },
    "MTS": {
      "makespan": 61,
      "execution_time": 0.0002276897430419922,
      "schedule": {
        "1": [
          0,
          0
        ],
        "2": [
          0,
          10
        ],
        "8": [
          10,
          20
        ],
        "3": [
          0,
          9
        ],
        "4": [
          20,
          22
        ],
        "7": [
          22,
          25
        ],
        "11": [
          25,
          32
        ],
        "9": [
          25,
          27
        ],
        "10": [
          27,
          35
        ],
        "13": [
          27,
          32
        ],
        "15": [
          35,
          38
        ],
        "6": [
          32,
          37
        ],
        "16": [
          38,
          39
        ],
        "14": [
          39,
          42
        ],
        "17": [
          42,
          43
        ],
        "5": [
          37,
          43
        ],
        "12": [
          35,
          42
        ],
        "18": [
          43,
          51
        ],
        "19": [
          51,
          56
        ],
        "20": [
          43,
          50
        ],
        "21": [
          51,
          61
        ],
        "22": [
          61,
          61
        ]
      },
      "activity_order": [
        1,
        2,
        8,
        3,
        4,
        7,
        11,
        9,
        10,
        13,
        15,
        6,
        16,
        14,
        17,
        5,
        12,
        18,
        19,
        20,
        21,
        22
      ]
    },
    "TIMROS": {
      "makespan": 81,
      "execution_time": 0.00021839141845703125,
      "schedule": {
        "1": [
          0,
          0
        ],
        "3": [
          0,
          9
        ],
        "2": [
          0,
          10
        ],
        "8": [
          10,
          20
        ],
        "11": [
          20,
          27
        ],
        "5": [
          27,
          33
        ],
        "7": [
          33,
          36
        ],
        "10": [
          20,
          28
        ],
        "4": [
          36,
          38
        ],
        "12": [
          38,
          45
        ],
        "6": [
          38,
          43
        ],
        "14": [
          43,
          46
        ],
        "15": [
          46,
          49
        ],
        "20": [
          49,
          56
        ],
        "9": [
          49,
          51
        ],
        "13": [
          51,
          56
        ],
        "17": [
          56,
          57
        ],
        "16": [
          57,
          58
        ],
        "21": [
          58,
          68
        ],
        "18": [
          68,
          76
        ],
        "19": [
          76,
          81
        ],
        "22": [
          81,
          81
        ]
      },
      "activity_order": [
        1,
        3,
        2,
        8,
        11,
        5,
        7,
        10,
        4,
        12,
        6,
        14,
        15,
        20,
        9,
        13,
        17,
        16,
        21,
        18,
        19,
        22
      ]
    },