{
  "instance": "inst_set1a_sf1_nc1.8_n20_m30_04",
  "results": {
    "HRPW*": {
      "makespan": 111,
      "execution_time": 0.0006973743438720703,
      "schedule": {
        "1": [
          0,
          0
        ],
        "4": [
          0,
          4
        ],
        "14": [
          4,
          13
        ],
        "3": [
          13,
          15
        ],
        "7": [
          15,
          23
        ],
        "5": [
          23,
          32
        ],
        "15": [
          32,
          39
        ],
        "6": [
          39,
          44
        ],
        "2": [
          44,
          48
        ],
        "8": [
          48,
          57
        ],
        "9": [
          57,
          58
        ],
        "13": [
          58,
          60
        ],
        "11": [
          60,
          67
        ],
        "10": [
          67,
          72
        ],
        "18": [
          72,
          81
        ],
        "17": [
          81,
          89
        ],
        "12": [
          89,
          93
        ],
        "16": [
          93,
          97
        ],
        "19": [
          97,
          102
        ],
        "21": [
          102,
          107
        ],
        "20": [
          107,
          111
        ],
        "22": [
          111,
          111
        ]
      },
      "activity_order": [
        1,
        4,
        14,
        3,
        7,
        5,
        15,
        6,
        2,
        8,
        9,
        13,
        11,
        10,
        18,
        17,
        12,
        16,
        19,
        21,
        20,
        22
      ]
    },
    "LST": {
      "makespan": 111,
      "execution_time": 0.0005011558532714844,
      "schedule": {
        "1": [
          0,
          0
        ],
        "4": [
          0,
          4
        ],
        "14": [
          4,
          13
        ],
        "3": [
          13,
          15
        ],
        "7": [
          15,
          23
        ],
        "5": [
          23,
          32
        ],
        "15": [
          32,
          39
        ],
        "6": [
          39,
          44
        ],
        "2": [
          44,
          48
        ],
        "8": [
          48,
          57
        ],
        "9": [
          57,
          58
        ],
        "13": [
          58,
          60
        ],
        "11": [
          60,
          67
        ],
        "10": [
          67,
          72
        ],
        "18": [
          72,
          81
        ],
        "17": [
          81,
          89
        ],
        "12": [
          89,
          93
        ],
        "16": [
          93,
          97
        ],
        "19": [
          97,
          102
        ],
        "21": [
          102,
          107
        ],
        "20": [
          107,
          111
        ],
        "22": [
          111,
          111
        ]
      },
      "activity_order": [
        1,
        4,
        14,
        3,
        7,
        5,
        15,
        6,
        2,
        8,
        9,
        13,
        11,
        10,
        18,
        17,
        12,
        16,
        19,
        21,
        20,
        22
      ]
    },
    "LFT": {
      "makespan": 111,
      "execution_time": 0.00048804283142089844,
      "schedule": {
        "1": [
          0,
          0
        ],
        "4": [
          0,
          4
        ],
        "3": [
          4,
          6
        ],
        "14": [
          6,
          15
        ],
        "7": [
          15,
          23
        ],
        "5": [
          23,
          32
        ],
        "9": [
          32,
          33
        ],
        "2": [
          33,
          37
        ],
        "6": [
          37,
          42
        ],
        "13": [
          42,
          44
        ],
        "15": [
          44,
          51
        ],
        "8": [
          51,
          60
        ],
        "10": [
          60,
          65
        ],
        "11": [
          65,
          72
        ],
        "12": [
          72,
          76
        ],
        "18": [
          76,
          85
        ],
        "16": [
          85,
          89
        ],
        "17": [
          89,
          97
        ],
        "19": [
          97,
          102
        ],
        "20": [
          102,
          106
        ],
        "21": [
          106,
          111
        ],
        "22": [
          111,
          111
        ]
      },
      "activity_order": [
        1,
        4,
        3,
        14,
        7,
        5,
        9,
        2,
        6,
        13,
        15,
        8,
        10,
        11,
        12,
        18,
        16,
        17,
        19,
        20,
        21,
        22
      ]
    },
    "MTS": {
      "makespan": 111,
      "execution_time": 0.0004131793975830078,
      "schedule": {
        "1": [
          0,
          0
        ],
        "3": [
          0,
          2
        ],
        "4": [
          2,
          6
        ],
        "6": [
          6,
          11
        ],
        "7": [
          11,
          19
        ],
        "5": [
          19,
          28
        ],
        "14": [
          28,
          37
        ],
        "15": [
          37,
          44
        ],
        "2": [
          44,
          48
        ],
        "8": [
          48,
          57
        ],
        "9": [
          57,
          58
        ],
        "10": [
          58,
          63
        ],
        "13": [
          63,
          65
        ],
        "11": [
          65,
          72
        ],
        "18": [
          72,
          81
        ],
        "12": [
          81,
          85
        ],
        "16": [
          85,
          89
        ],
        "17": [
          89,
          97
        ],
        "19": [
          97,
          102
        ],
        "20": [
          102,
          106
        ],
        "21": [
          106,
          111
        ],
        "22": [
          111,
          111
        ]
      },
      "activity_order": [
        1,
        3,
        4,
        6,
        7,
        5,
        14,
        15,
        2,
        8,
        9,
        10,
        13,
        11,
        18,
        12,
        16,
        17,
        19,
        20,
        21,
        22
      ]
    },
    "TIMROS": {
      "makespan": 111,
      "execution_time": 0.00041794776916503906,
      "schedule": {
        "1": [
          0,
          0
        ],
        "2": [
          0,
          4
        ],
        "4": [
          4,
          8
        ],
        "14": [
          8,
          17
        ],
        "7": [
          17,
          25
        ],
        "8": [
          25,
          34
        ],
        "15": [
          34,
          41
        ],
        "3": [
          41,
          43
        ],
        "5": [
          43,
          52
        ],
        "6": [
          52,
          57
        ],
        "17": [
          57,
          65
        ],
        "10": [
          65,
          70
        ],
        "12": [
          70,
          74
        ],
        "13": [
          74,
          76
        ],
        "18": [
          76,
          85
        ],
        "19": [
          85,
          90
        ],
        "21": [
          90,
          95
        ],
        "9": [
          95,
          96
        ],
        "11": [
          96,
          103
        ],
        "16": [
          103,
          107
        ],
        "20": [
          107,
          111
        ],
        "22": [
          111,
          111
        ]
      },