{
  "instance": "inst_set1a_sf0.5_nc1.5_n20_m15_00",
  "results": {
    "HRPW*": {
      "makespan": 122,
      "execution_time": 4.76837158203125e-05,
      "schedule": {
        "1": [
          0,
          0
        ],
        "3": [
          0,
          7
        ],
        "4": [
          7,
          13
        ],
        "6": [
          13,
          22
        ],
        "5": [
          22,
          32
        ],
        "8": [
          32,
          39
        ],
        "2": [
          39,
          46
        ],
        "7": [
          46,
          52
        ],
        "11": [
          52,
          54
        ],
        "10": [
          54,
          55
        ],
        "15": [
          55,
          64
        ],
        "9": [
          64,
          72
        ],
        "13": [
          72,
          77
        ],
        "17": [
          77,
          80
        ],
        "14": [
          80,
          82
        ],
        "12": [
          82,
          84
        ],
        "18": [
          84,
          93
        ],
        "16": [
          93,
          98
        ],
        "20": [
          98,
          107
        ],
        "21": [
          107,
          115
        ],
        "19": [
          115,
          122
        ],
        "22": [
          122,
          122
        ]
      },
      "activity_order": [
        1,
        3,
        4,
        6,
        5,
        8,
        2,
        7,
        11,
        10,
        15,
        9,
        13,
        17,
        14,
        12,
        18,
        16,
        20,
        21,
        19,
        22
      ]
    },
    "LST": {
      "makespan": 122,
      "execution_time": 7.653236389160156e-05,
      "schedule": {
        "1": [
          0,
          0
        ],
        "3": [
          0,
          7
        ],
        "4": [
          7,
          13
        ],
        "6": [
          13,
          22
        ],
        "5": [
          22,
          32
        ],
        "8": [
          32,
          39
        ],
        "2": [
          39,
          46
        ],
        "7": [
          46,
          52
        ],
        "11": [
          52,
          54
        ],
        "10": [
          54,
          55
        ],
        "15": [
          55,
          64
        ],
        "9": [
          64,
          72
        ],
        "13": [
          72,
          77
        ],
        "17": [
          77,
          80
        ],
        "14": [
          80,
          82
        ],
        "12": [
          82,
          84
        ],
        "18": [
          84,
          93
        ],
        "16": [
          93,
          98
        ],
        "20": [
          98,
          107
        ],
        "21": [
          107,
          115
        ],
        "19": [
          115,
          122
        ],
        "22": [
          122,
          122
        ]
      },
      "activity_order": [
        1,
        3,
        4,
        6,
        5,
        8,
        2,
        7,
        11,
        10,
        15,
        9,
        13,
        17,
        14,
        12,
        18,
        16,
        20,
        21,
        19,
        22
      ]
    },
    "LFT": {
      "makespan": 122,
      "execution_time": 6.890296936035156e-05,
      "schedule": {
        "1": [
          0,
          0
        ],
        "3": [
          0,
          7
        ],
        "4": [
          7,
          13
        ],
        "6": [
          13,
          22
        ],
        "8": [
          22,
          29
        ],
        "2": [
          29,
          36
        ],
        "5": [
          36,
          46
        ],
        "10": [
          46,
          47
        ],
        "11": [
          47,
          49
        ],
        "7": [
          49,
          55
        ],
        "9": [
          55,
          63
        ],
        "14": [
          63,
          65
        ],
        "15": [
          65,
          74
        ],
        "17": [
          74,
          77
        ],
        "12": [
          77,
          79
        ],
        "13": [
          79,
          84
        ],
        "16": [
          84,
          89
        ],
        "18": [
          89,
          98
        ],
        "19": [
          98,
          105
        ],
        "20": [
          105,
          114
        ],
        "21": [
          114,
          122
        ],
        "22": [
          122,
          122
        ]
      },
      "activity_order": [
        1,
        3,
        4,
        6,
        8,
        2,
        5,
        10,
        11,
        7,
        9,
        14,
        15,
        17,
        12,
        13,
        16,
        18,
        19,
        20,
        21,
        22
      ]
    },
    "MTS": {
      "makespan": 122,
      "execution_time": 7.605552673339844e-05,
      "schedule": {
        "1": [
          0,
          0
        ],
        "3": [
          0,
          7
        ],
        "4": [
          7,
          13
        ],
        "2": [
          13,
          20
        ],
        "6": [
          20,
          29
        ],
        "7": [
          29,
          35
        ],
        "8": [
          35,
          42
        ],
        "5": [
          42,
          52
        ],
        "9": [
          52,
          60
        ],
        "10": [
          60,
          61
        ],
        "11": [
          61,
          63
        ],
        "14": [
          63,
          65
        ],
        "17": [
          65,
          68
        ],
        "12": [
          68,
          70
        ],
        "13": [
          70,
          75
        ],
        "15": [
          75,
          84
        ],
        "16": [
          84,
          89
        ],
        "18": [
          89,
          98
        ],
        "19": [
          98,
          105
        ],
        "20": [
          105,
          114
        ],
        "21": [
          114,
          122
        ],
        "22": [
          122,
          122
        ]
      },
      "activity_order": [
        1,
        3,
        4,
        2,
        6,
        7,
        8,
        5,
        9,
        10,
        11,
        14,
        17,
        12,
        13,
        15,
        16,
        18,
        19,
        20,
        21,
        22
      ]
    },
    "TIMROS": {
      "makespan": 122,
      "execution_time": 7.319450378417969e-05,
      "schedule": {
        "1": [
          0,
          0
        ],
        "4": [
          0,
          6
        ],
        "5": [
          6,
          16
        ],
        "2": [
          16,
          23
        ],
        "3": [
          23,
          30
        ],
        "6": [
          30,
          39
        ],
        "7": [
          39,
          45
        ],
        "9": [
          45,
          53
        ],
        "8": [
          53,
          60
        ],
        "13": [
          60,
          65
        ],
        "12": [
          65,
          67
        ],
        "16": [
          67,
          72
        ],
        "17": [
          72,
          75
        ],
        "21": [
          75,
          83
        ],
        "11": [
          83,
          85
        ],
        "14": [
          85,
          87
        ],
        "20": [
          87,
          96
        ],
        "10": [
          96,
          97
        ],
        "15": [
          97,
          106
        ],
        "18": [
          106,
          115
        ],
        "19": [
          115,
          122
        ],
        "22": [
          122,
          122
        ]
      },