{
  "instance": "inst_set1a_sf1_nc2.1_n20_m30_02",
  "results": {
    "HRPW*": {
      "makespan": 121,
      "execution_time": 0.00042748451232910156,
      "schedule": {
        "1": [
          0,
          0
        ],
        "2": [
          0,
          3
        ],
        "5": [
          3,
          8
        ],
        "3": [
          8,
          16
        ],
        "4": [
          16,
          20
        ],
        "8": [
          20,
          25
        ],
        "10": [
          25,
          30
        ],
        "7": [
          30,
          34
        ],
        "9": [
          34,
          35
        ],
        "12": [
          35,
          45
        ],
        "13": [
          45,
          55
        ],
        "6": [
          55,
          64
        ],
        "15": [
          64,
          68
        ],
        "14": [
          68,
          71
        ],
        "16": [
          71,
          79
        ],
        "11": [
          79,
          88
        ],
        "18": [
          88,
          93
        ],
        "17": [
          93,
          95
        ],
        "20": [
          95,
          105
        ],
        "21": [
          105,
          114
        ],
        "19": [
          114,
          121
        ],
        "22": [
          121,
          121
        ]
      },
      "activity_order": [
        1,
        2,
        5,
        3,
        4,
        8,
        10,
        7,
        9,
        12,
        13,
        6,
        15,
        14,
        16,
        11,
        18,
        17,
        20,
        21,
        19,
        22
      ]
    },
    "LST": {
      "makespan": 121,
      "execution_time": 0.0005662441253662109,
      "schedule": {
        "1": [
          0,
          0
        ],
        "2": [
          0,
          3
        ],
        "5": [
          3,
          8
        ],
        "3": [
          8,
          16
        ],
        "4": [
          16,
          20
        ],
        "8": [
          20,
          25
        ],
        "10": [
          25,
          30
        ],
        "7": [
          30,
          34
        ],
        "9": [
          34,
          35
        ],
        "12": [
          35,
          45
        ],
        "13": [
          45,
          55
        ],
        "6": [
          55,
          64
        ],
        "15": [
          64,
          68
        ],
        "14": [
          68,
          71
        ],
        "16": [
          71,
          79
        ],
        "11": [
          79,
          88
        ],
        "18": [
          88,
          93
        ],
        "17": [
          93,
          95
        ],
        "20": [
          95,
          105
        ],
        "21": [
          105,
          114
        ],
        "19": [
          114,
          121
        ],
        "22": [
          121,
          121
        ]
      },
      "activity_order": [
        1,
        2,
        5,
        3,
        4,
        8,
        10,
        7,
        9,
        12,
        13,
        6,
        15,
        14,
        16,
        11,
        18,
        17,
        20,
        21,
        19,
        22
      ]
    },
    "LFT": {
      "makespan": 121,
      "execution_time": 0.0005009174346923828,
      "schedule": {
        "1": [
          0,
          0
        ],
        "2": [
          0,
          3
        ],
        "5": [
          3,
          8
        ],
        "4": [
          8,
          12
        ],
        "8": [
          12,
          17
        ],
        "3": [
          17,
          25
        ],
        "7": [
          25,
          29
        ],
        "9": [
          29,
          30
        ],
        "10": [
          30,
          35
        ],
        "12": [
          35,
          45
        ],
        "13": [
          45,
          55
        ],
        "6": [
          55,
          64
        ],
        "14": [
          64,
          67
        ],
        "15": [
          67,
          71
        ],
        "16": [
          71,
          79
        ],
        "18": [
          79,
          84
        ],
        "17": [
          84,
          86
        ],
        "11": [
          86,
          95
        ],
        "19": [
          95,
          102
        ],
        "20": [
          102,
          112
        ],
        "21": [
          112,
          121
        ],
        "22": [
          121,
          121
        ]
      },
      "activity_order": [
        1,
        2,
        5,
        4,
        8,
        3,
        7,
        9,
        10,
        12,
        13,
        6,
        14,
        15,
        16,
        18,
        17,
        11,
        19,
        20,
        21,
        22
      ]
    },
    "MTS": {
      "makespan": 121,
      "execution_time": 0.0004982948303222656,
      "schedule": {
        "1": [
          0,
          0
        ],
        "2": [
          0,
          3
        ],
        "4": [
          3,
          7
        ],
        "5": [
          7,
          12
        ],
        "3": [
          12,
          20
        ],
        "8": [
          20,
          25
        ],
        "7": [
          25,
          29
        ],
        "10": [
          29,
          34
        ],
        "9": [
          34,
          35
        ],
        "6": [
          35,
          44
        ],
        "15": [
          44,
          48
        ],
        "12": [
          48,
          58
        ],
        "13": [
          58,
          68
        ],
        "14": [
          68,
          71
        ],
        "16": [
          71,
          79
        ],
        "17": [
          79,
          81
        ],
        "18": [
          81,
          86
        ],
        "11": [
          86,
          95
        ],
        "19": [
          95,
          102
        ],
        "20": [
          102,
          112
        ],
        "21": [
          112,
          121
        ],
        "22": [
          121,
          121
        ]
      },
      "activity_order": [
        1,
        2,
        4,
        5,
        3,
        8,
        7,
        10,
        9,
        6,
        15,
        12,
        13,
        14,
        16,
        17,
        18,
        11,
        19,
        20,
        21,
        22
      ]
    },
    "TIMROS": {
      "makespan": 121,
      "execution_time": 0.0006239414215087891,
      "schedule": {
        "1": [
          0,
          0
        ],
        "3": [
          0,
          8
        ],
        "4": [
          8,
          12
        ],
        "7": [
          12,
          16
        ],
        "15": [
          16,
          20
        ],
        "2": [
          20,
          23
        ],
        "6": [
          23,
          32
        ],
        "5": [
          32,
          37
        ],
        "8": [
          37,
          42
        ],
        "11": [
          42,
          51
        ],
        "10": [
          51,
          56
        ],
        "16": [
          56,
          64
        ],
        "17": [
          64,
          66
        ],
        "19": [
          66,
          73
        ],
        "9": [
          73,
          74
        ],
        "12": [
          74,
          84
        ],
        "13": [
          84,
          94
        ],
        "14": [
          94,
          97
        ],
        "18": [
          97,
          102
        ],
        "20": [
          102,
          112
        ],
        "21": [
          112,
          121
        ],
        "22": [
          121,
          121
        ]
      },
      "activity_order": [
        1,
        3,
        4,
        7,
        15,
        2,
        6,
        5,
        8,
        11,
        10,
        16,
        17,
        19,
        9,
        12,
        13,
        14,
        18,
        20,
        21,
        22
      ]
    },