{
  "instance": "inst_set1a_sf0_nc1.8_n20_m20_03",
  "results": {
    "HRPW*": {
      "makespan": 71,
      "execution_time": 0.000461578369140625,
      "schedule": {
        "1": [
          0,
          0
        ],
        "2": [
          0,
          9
        ],
        "7": [
          9,
          18
        ],
        "4": [
          18,
          21
        ],
        "6": [
          21,
          29
        ],
        "8": [
          21,
          22
        ],
        "9": [
          22,
          27
        ],
        "14": [
          27,
          33
        ],
        "10": [
          33,
          36
        ],
        "11": [
          36,
          44
        ],
        "17": [
          36,
          43
        ],
        "16": [
          44,
          50
        ],
        "18": [
          50,
          60
        ],
        "3": [
          60,
          62
        ],
        "12": [
          50,
          52
        ],
        "21": [
          62,
          71
        ],
        "13": [
          52,
          53
        ],
        "15": [
          62,
          64
        ],
        "5": [
          62,
          64
        ],
        "19": [
          64,
          66
        ],
        "20": [
          64,
          65
        ],
        "22": [
          71,
          71
        ]
      },
      "activity_order": [
        1,
        2,
        7,
        4,
        6,
        8,
        9,
        14,
        10,
        11,
        17,
        16,
        18,
        3,
        12,
        21,
        13,
        15,
        5,
        19,
        20,
        22
      ]
    },
    "LST": {
      "makespan": 71,
      "execution_time": 0.00029730796813964844,
      "schedule": {
        "1": [
          0,
          0
        ],
        "2": [
          0,
          9
        ],
        "7": [
          9,
          18
        ],
        "4": [
          18,
          21
        ],
        "6": [
          21,
          29
        ],
        "8": [
          21,
          22
        ],
        "9": [
          22,
          27
        ],
        "14": [
          27,
          33
        ],
        "10": [
          33,
          36
        ],
        "11": [
          36,
          44
        ],
        "17": [
          36,
          43
        ],
        "16": [
          44,
          50
        ],
        "18": [
          50,
          60
        ],
        "3": [
          60,
          62
        ],
        "12": [
          50,
          52
        ],
        "21": [
          62,
          71
        ],
        "13": [
          52,
          53
        ],
        "15": [
          62,
          64
        ],
        "5": [
          62,
          64
        ],
        "19": [
          64,
          66
        ],
        "20": [
          64,
          65
        ],
        "22": [
          71,
          71
        ]
      },
      "activity_order": [
        1,
        2,
        7,
        4,
        6,
        8,
        9,
        14,
        10,
        11,
        17,
        16,
        18,
        3,
        12,
        21,
        13,
        15,
        5,
        19,
        20,
        22
      ]
    },
    "LFT": {
      "makespan": 60,
      "execution_time": 0.0002918243408203125,
      "schedule": {
        "1": [
          0,
          0
        ],
        "2": [
          0,
          9
        ],
        "4": [
          0,
          3
        ],
        "7": [
          9,
          18
        ],
        "8": [
          3,
          4
        ],
        "9": [
          18,
          23
        ],
        "10": [
          23,
          26
        ],
        "14": [
          26,
          32
        ],
        "6": [
          3,
          11
        ],
        "11": [
          26,
          34
        ],
        "16": [
          34,
          40
        ],
        "17": [
          32,
          39
        ],
        "3": [
          39,
          41
        ],
        "12": [
          40,
          42
        ],
        "18": [
          41,
          51
        ],
        "13": [
          42,
          43
        ],
        "15": [
          43,
          45
        ],
        "5": [
          42,
          44
        ],
        "19": [
          45,
          47
        ],
        "20": [
          45,
          46
        ],
        "21": [
          51,
          60
        ],
        "22": [
          60,
          60
        ]
      },
      "activity_order": [
        1,
        2,
        4,
        7,
        8,
        9,
        10,
        14,
        6,
        11,
        16,
        17,
        3,
        12,
        18,
        13,
        15,
        5,
        19,
        20,
        21,
        22
      ]
    },
    "MTS": {
      "makespan": 66,
      "execution_time": 0.0005414485931396484,
      "schedule": {
        "1": [
          0,
          0
        ],
        "4": [
          0,
          3
        ],
        "2": [
          0,
          9
        ],
        "7": [
          9,
          18
        ],
        "8": [
          3,
          4
        ],
        "10": [
          9,
          12
        ],
        "9": [
          18,
          23
        ],
        "3": [
          23,
          25
        ],
        "11": [
          23,
          31
        ],
        "12": [
          31,
          33
        ],
        "14": [
          25,
          31
        ],
        "6": [
          33,
          41
        ],
        "13": [
          33,
          34
        ],
        "15": [
          34,
          36
        ],
        "16": [
          41,
          47
        ],
        "17": [
          31,
          38
        ],
        "5": [
          47,
          49
        ],
        "18": [
          47,
          57
        ],
        "19": [
          36,
          38
        ],
        "20": [
          49,
          50
        ],
        "21": [
          57,
          66
        ],
        "22": [
          66,
          66
        ]
      },
      "activity_order": [
        1,
        4,
        2,
        7,
        8,
        10,
        9,
        3,
        11,
        12,
        14,
        6,
        13,
        15,
        16,
        17,
        5,
        18,
        19,
        20,
        21,
        22
      ]
    },
    "TIMROS": {
      "makespan": 62,
      "execution_time": 0.00028252601623535156,
      "schedule": {
        "1": [
          0,
          0
        ],
        "2": [
          0,
          9
        ],
        "7": [
          9,
          18
        ],
        "9": [
          18,
          23
        ],
        "10": [
          23,
          26
        ],
        "3": [
          26,
          28
        ],
        "4": [
          18,
          21
        ],
        "6": [
          21,
          29
        ],
        "11": [
          29,
          37
        ],
        "16": [
          37,
          43
        ],
        "8": [
          28,
          29
        ],
        "14": [
          29,
          35
        ],
        "17": [
          35,
          42
        ],
        "18": [
          43,
          53
        ],
        "5": [
          43,
          45
        ],
        "12": [
          45,
          47
        ],
        "21": [
          53,
          62
        ],
        "13": [
          47,
          48
        ],
        "15": [
          48,
          50
        ],
        "19": [
          50,
          52
        ],
        "20": [
          50,
          51
        ],
        "22": [
          62,
          62
        ]
      },
      "activity_order": [
        1,
        2,
        7,
        9,
        10,
        3,
        4,
        6,
        11,
        16,
        8,
        14,
        17,
        18,
        5,
        12,
        21,
        13,
        15,
        19,
        20,
        22
      ]
    },
    "HRU1": {
      "makespan": 58,