{
  "instance": "inst_set1a_sf0.75_nc1.8_n20_m10_02",
  "results": {
    "HRPW*": {
      "makespan": 85,
      "execution_time": 0.00025272369384765625,
      "schedule": {
        "1": [
          0,
          0
        ],
        "4": [
          0,
          2
        ],
        "3": [
          0,
          8
        ],
        "5": [
          2,
          3
        ],
        "8": [
          8,
          14
        ],
        "9": [
          14,
          24
        ],
        "7": [
          24,
          33
        ],
        "14": [
          33,
          40
        ],
        "11": [
          33,
          37
        ],
        "12": [
          37,
          45
        ],
        "15": [
          45,
          54
        ],
        "2": [
          54,
          62
        ],
        "10": [
          40,
          50
        ],
        "6": [
          62,
          65
        ],
        "16": [
          65,
          67
        ],
        "20": [
          65,
          74
        ],
        "17": [
          67,
          71
        ],
        "13": [
          71,
          74
        ],
        "19": [
          74,
          80
        ],
        "18": [
          80,
          81
        ],
        "21": [
          81,
          85
        ],
        "22": [
          85,
          85
        ]
      },
      "activity_order": [
        1,
        4,
        3,
        5,
        8,
        9,
        7,
        14,
        11,
        12,
        15,
        2,
        10,
        6,
        16,
        20,
        17,
        13,
        19,
        18,
        21,
        22
      ]
    },
    "LST": {
      "makespan": 85,
      "execution_time": 0.0001900196075439453,
      "schedule": {
        "1": [
          0,
          0
        ],
        "4": [
          0,
          2
        ],
        "3": [
          0,
          8
        ],
        "5": [
          2,
          3
        ],
        "8": [
          8,
          14
        ],
        "9": [
          14,
          24
        ],
        "7": [
          24,
          33
        ],
        "14": [
          33,
          40
        ],
        "11": [
          33,
          37
        ],
        "12": [
          37,
          45
        ],
        "15": [
          45,
          54
        ],
        "2": [
          54,
          62
        ],
        "10": [
          40,
          50
        ],
        "6": [
          62,
          65
        ],
        "16": [
          65,
          67
        ],
        "20": [
          65,
          74
        ],
        "17": [
          67,
          71
        ],
        "13": [
          71,
          74
        ],
        "19": [
          74,
          80
        ],
        "18": [
          80,
          81
        ],
        "21": [
          81,
          85
        ],
        "22": [
          85,
          85
        ]
      },
      "activity_order": [
        1,
        4,
        3,
        5,
        8,
        9,
        7,
        14,
        11,
        12,
        15,
        2,
        10,
        6,
        16,
        20,
        17,
        13,
        19,
        18,
        21,
        22
      ]
    },
    "LFT": {
      "makespan": 81,
      "execution_time": 0.00022649765014648438,
      "schedule": {
        "1": [
          0,
          0
        ],
        "4": [
          0,
          2
        ],
        "5": [
          2,
          3
        ],
        "3": [
          0,
          8
        ],
        "8": [
          8,
          14
        ],
        "7": [
          14,
          23
        ],
        "9": [
          23,
          33
        ],
        "11": [
          33,
          37
        ],
        "14": [
          33,
          40
        ],
        "6": [
          37,
          40
        ],
        "12": [
          40,
          48
        ],
        "2": [
          48,
          56
        ],
        "15": [
          56,
          65
        ],
        "16": [
          48,
          50
        ],
        "10": [
          40,
          50
        ],
        "13": [
          56,
          59
        ],
        "17": [
          65,
          69
        ],
        "18": [
          65,
          66
        ],
        "19": [
          66,
          72
        ],
        "20": [
          72,
          81
        ],
        "21": [
          69,
          73
        ],
        "22": [
          81,
          81
        ]
      },
      "activity_order": [
        1,
        4,
        5,
        3,
        8,
        7,
        9,
        11,
        14,
        6,
        12,
        2,
        15,
        16,
        10,
        13,
        17,
        18,
        19,
        20,
        21,
        22
      ]
    },
    "MTS": {
      "makespan": 81,
      "execution_time": 0.00019168853759765625,
      "schedule": {
        "1": [
          0,
          0
        ],
        "4": [
          0,
          2
        ],
        "5": [
          2,
          3
        ],
        "3": [
          0,
          8
        ],
        "8": [
          8,
          14
        ],
        "7": [
          14,
          23
        ],
        "9": [
          23,
          33
        ],
        "11": [
          33,
          37
        ],
        "14": [
          33,
          40
        ],
        "2": [
          37,
          45
        ],
        "12": [
          45,
          53
        ],
        "6": [
          53,
          56
        ],
        "15": [
          56,
          65
        ],
        "10": [
          40,
          50
        ],
        "16": [
          56,
          58
        ],
        "13": [
          58,
          61
        ],
        "17": [
          65,
          69
        ],
        "18": [
          65,
          66
        ],
        "19": [
          66,
          72
        ],
        "20": [
          72,
          81
        ],
        "21": [
          69,
          73
        ],
        "22": [
          81,
          81
        ]
      },
      "activity_order": [
        1,
        4,
        5,
        3,
        8,
        7,
        9,
        11,
        14,
        2,
        12,
        6,
        15,
        10,
        16,
        13,
        17,
        18,
        19,
        20,
        21,
        22
      ]
    },
    "TIMROS": {
      "makespan": 97,
      "execution_time": 0.0001761913299560547,
      "schedule": {
        "1": [
          0,
          0
        ],
        "2": [
          0,
          8
        ],
        "3": [
          0,
          8
        ],
        "14": [
          8,
          15
        ],
        "4": [
          8,
          10
        ],
        "20": [
          15,
          24
        ],
        "5": [
          24,
          25
        ],
        "7": [
          25,
          34
        ],
        "10": [
          34,
          44
        ],
        "6": [
          25,
          28
        ],
        "8": [
          44,
          50
        ],
        "9": [
          50,
          60
        ],
        "15": [
          60,
          69
        ],
        "19": [
          69,
          75
        ],
        "11": [
          75,
          79
        ],
        "12": [
          79,
          87
        ],
        "13": [
          79,
          82
        ],
        "16": [
          87,
          89
        ],
        "17": [
          89,
          93
        ],
        "18": [
          87,
          88
        ],
        "21": [
          93,
          97
        ],
        "22": [
          97,
          97
        ]
      },
      "activity_order": [
        1,
        2,
        3,
        14,
        4,
        20,
        5,
        7,
        10,
        6,
        8,
        9,
        15,
        19,
        11,
        12,
        13,
        16,
        17,
        18,
        21,
        22
      ]
    },
    "HRU1": {
      "makespan": 78,