{
  "instance": "inst_set1a_sf0.5_nc2.1_n20_m10_04",
  "results": {
    "HRPW*": {
      "makespan": 55,
      "execution_time": 0.00016641616821289062,
      "schedule": {
        "1": [
          0,
          0
        ],
        "4": [
          0,
          10
        ],
        "3": [
          0,
          6
        ],
        "2": [
          0,
          5
        ],
        "5": [
          10,
          19
        ],
        "8": [
          6,
          14
        ],
        "10": [
          6,
          15
        ],
        "6": [
          19,
          28
        ],
        "9": [
          19,
          24
        ],
        "11": [
          15,
          22
        ],
        "15": [
          22,
          30
        ],
        "14": [
          28,
          33
        ],
        "13": [
          30,
          32
        ],
        "7": [
          32,
          42
        ],
        "16": [
          33,
          43
        ],
        "12": [
          19,
          29
        ],
        "17": [
          33,
          41
        ],
        "18": [
          42,
          45
        ],
        "20": [
          45,
          55
        ],
        "19": [
          41,
          50
        ],
        "21": [
          45,
          49
        ],
        "22": [
          55,
          55
        ]
      },
      "activity_order": [
        1,
        4,
        3,
        2,
        5,
        8,
        10,
        6,
        9,
        11,
        15,
        14,
        13,
        7,
        16,
        12,
        17,
        18,
        20,
        19,
        21,
        22
      ]
    },
    "LST": {
      "makespan": 55,
      "execution_time": 0.00018644332885742188,
      "schedule": {
        "1": [
          0,
          0
        ],
        "4": [
          0,
          10
        ],
        "3": [
          0,
          6
        ],
        "2": [
          0,
          5
        ],
        "5": [
          10,
          19
        ],
        "8": [
          6,
          14
        ],
        "10": [
          6,
          15
        ],
        "6": [
          19,
          28
        ],
        "9": [
          19,
          24
        ],
        "11": [
          15,
          22
        ],
        "15": [
          22,
          30
        ],
        "14": [
          28,
          33
        ],
        "13": [
          30,
          32
        ],
        "7": [
          32,
          42
        ],
        "16": [
          33,
          43
        ],
        "12": [
          19,
          29
        ],
        "17": [
          33,
          41
        ],
        "18": [
          42,
          45
        ],
        "20": [
          45,
          55
        ],
        "19": [
          41,
          50
        ],
        "21": [
          45,
          49
        ],
        "22": [
          55,
          55
        ]
      },
      "activity_order": [
        1,
        4,
        3,
        2,
        5,
        8,
        10,
        6,
        9,
        11,
        15,
        14,
        13,
        7,
        16,
        12,
        17,
        18,
        20,
        19,
        21,
        22
      ]
    },
    "LFT": {
      "makespan": 55,
      "execution_time": 0.0001595020294189453,
      "schedule": {
        "1": [
          0,
          0
        ],
        "4": [
          0,
          10
        ],
        "2": [
          0,
          5
        ],
        "3": [
          0,
          6
        ],
        "5": [
          10,
          19
        ],
        "8": [
          6,
          14
        ],
        "10": [
          6,
          15
        ],
        "6": [
          19,
          28
        ],
        "9": [
          19,
          24
        ],
        "11": [
          15,
          22
        ],
        "13": [
          22,
          24
        ],
        "14": [
          28,
          33
        ],
        "15": [
          24,
          32
        ],
        "7": [
          32,
          42
        ],
        "16": [
          33,
          43
        ],
        "18": [
          42,
          45
        ],
        "12": [
          19,
          29
        ],
        "17": [
          33,
          41
        ],
        "19": [
          41,
          50
        ],
        "20": [
          45,
          55
        ],
        "21": [
          45,
          49
        ],
        "22": [
          55,
          55
        ]
      },
      "activity_order": [
        1,
        4,
        2,
        3,
        5,
        8,
        10,
        6,
        9,
        11,
        13,
        14,
        15,
        7,
        16,
        18,
        12,
        17,
        19,
        20,
        21,
        22
      ]
    },
    "MTS": {
      "makespan": 55,
      "execution_time": 0.00015687942504882812,
      "schedule": {
        "1": [
          0,
          0
        ],
        "3": [
          0,
          6
        ],
        "4": [
          0,
          10
        ],
        "2": [
          0,
          5
        ],
        "5": [
          10,
          19
        ],
        "10": [
          6,
          15
        ],
        "8": [
          6,
          14
        ],
        "6": [
          19,
          28
        ],
        "11": [
          15,
          22
        ],
        "15": [
          22,
          30
        ],
        "9": [
          19,
          24
        ],
        "13": [
          30,
          32
        ],
        "14": [
          28,
          33
        ],
        "12": [
          19,
          29
        ],
        "16": [
          33,
          43
        ],
        "18": [
          32,
          35
        ],
        "7": [
          35,
          45
        ],
        "17": [
          33,
          41
        ],
        "19": [
          41,
          50
        ],
        "20": [
          45,
          55
        ],
        "21": [
          43,
          47
        ],
        "22": [
          55,
          55
        ]
      },
      "activity_order": [
        1,
        3,
        4,
        2,
        5,
        10,
        8,
        6,
        11,
        15,
        9,
        13,
        14,
        12,
        16,
        18,
        7,
        17,
        19,
        20,
        21,
        22
      ]
    },
    "TIMROS": {
      "makespan": 89,
      "execution_time": 0.00015211105346679688,
      "schedule": {
        "1": [
          0,
          0
        ],
        "4": [
          0,
          10
        ],
        "5": [
          10,
          19
        ],
        "6": [
          19,
          28
        ],
        "3": [
          0,
          6
        ],
        "15": [
          10,
          18
        ],
        "8": [
          6,
          14
        ],
        "2": [
          19,
          24
        ],
        "7": [
          28,
          38
        ],
        "10": [
          38,
          47
        ],
        "11": [
          47,
          54
        ],
        "12": [
          47,
          57
        ],
        "13": [
          54,
          56
        ],
        "17": [
          56,
          64
        ],
        "9": [
          19,
          24
        ],
        "14": [
          64,
          69
        ],
        "19": [
          69,
          78
        ],
        "16": [
          69,
          79
        ],
        "18": [
          56,
          59
        ],
        "20": [
          79,
          89
        ],
        "21": [
          79,
          83
        ],
        "22": [
          89,
          89
        ]
      },
      "activity_order": [
        1,
        4,
        5,
        6,
        3,
        15,
        8,
        2,
        7,
        10,
        11,
        12,
        13,
        17,
        9,
        14,
        19,
        16,
        18,
        20,
        21,
        22
      ]
    },
    "HRU1": {
      "makespan": 84,