{
  "instance": "inst_set1a_sf1_nc1.5_n20_m30_05",
  "results": {
    "HRPW*": {
      "makespan": 105,
      "execution_time": 4.1484832763671875e-05,
      "schedule": {
        "1": [
          0,
          0
        ],
        "3": [
          0,
          3
        ],
        "8": [
          3,
          12
        ],
        "2": [
          12,
          22
        ],
        "4": [
          22,
          25
        ],
        "6": [
          25,
          31
        ],
        "10": [
          31,
          37
        ],
        "11": [
          37,
          43
        ],
        "13": [
          43,
          46
        ],
        "14": [
          46,
          52
        ],
        "17": [
          52,
          55
        ],
        "12": [
          55,
          60
        ],
        "7": [
          60,
          64
        ],
        "9": [
          64,
          74
        ],
        "18": [
          74,
          77
        ],
        "15": [
          77,
          80
        ],
        "19": [
          80,
          90
        ],
        "20": [
          90,
          99
        ],
        "5": [
          99,
          102
        ],
        "16": [
          102,
          104
        ],
        "21": [
          104,
          105
        ],
        "22": [
          105,
          105
        ]
      },
      "activity_order": [
        1,
        3,
        8,
        2,
        4,
        6,
        10,
        11,
        13,
        14,
        17,
        12,
        7,
        9,
        18,
        15,
        19,
        20,
        5,
        16,
        21,
        22
      ]
    },
    "LST": {
      "makespan": 105,
      "execution_time": 3.814697265625e-05,
      "schedule": {
        "1": [
          0,
          0
        ],
        "3": [
          0,
          3
        ],
        "8": [
          3,
          12
        ],
        "2": [
          12,
          22
        ],
        "4": [
          22,
          25
        ],
        "6": [
          25,
          31
        ],
        "10": [
          31,
          37
        ],
        "11": [
          37,
          43
        ],
        "13": [
          43,
          46
        ],
        "14": [
          46,
          52
        ],
        "17": [
          52,
          55
        ],
        "12": [
          55,
          60
        ],
        "7": [
          60,
          64
        ],
        "9": [
          64,
          74
        ],
        "18": [
          74,
          77
        ],
        "15": [
          77,
          80
        ],
        "19": [
          80,
          90
        ],
        "20": [
          90,
          99
        ],
        "5": [
          99,
          102
        ],
        "16": [
          102,
          104
        ],
        "21": [
          104,
          105
        ],
        "22": [
          105,
          105
        ]
      },
      "activity_order": [
        1,
        3,
        8,
        2,
        4,
        6,
        10,
        11,
        13,
        14,
        17,
        12,
        7,
        9,
        18,
        15,
        19,
        20,
        5,
        16,
        21,
        22
      ]
    },
    "LFT": {
      "makespan": 105,
      "execution_time": 3.790855407714844e-05,
      "schedule": {
        "1": [
          0,
          0
        ],
        "3": [
          0,
          3
        ],
        "4": [
          3,
          6
        ],
        "8": [
          6,
          15
        ],
        "2": [
          15,
          25
        ],
        "6": [
          25,
          31
        ],
        "10": [
          31,
          37
        ],
        "11": [
          37,
          43
        ],
        "13": [
          43,
          46
        ],
        "17": [
          46,
          49
        ],
        "12": [
          49,
          54
        ],
        "14": [
          54,
          60
        ],
        "18": [
          60,
          63
        ],
        "7": [
          63,
          67
        ],
        "15": [
          67,
          70
        ],
        "9": [
          70,
          80
        ],
        "5": [
          80,
          83
        ],
        "16": [
          83,
          85
        ],
        "19": [
          85,
          95
        ],
        "20": [
          95,
          104
        ],
        "21": [
          104,
          105
        ],
        "22": [
          105,
          105
        ]
      },
      "activity_order": [
        1,
        3,
        4,
        8,
        2,
        6,
        10,
        11,
        13,
        17,
        12,
        14,
        18,
        7,
        15,
        9,
        5,
        16,
        19,
        20,
        21,
        22
      ]
    },
    "MTS": {
      "makespan": 105,
      "execution_time": 3.814697265625e-05,
      "schedule": {
        "1": [
          0,
          0
        ],
        "4": [
          0,
          3
        ],
        "3": [
          3,
          6
        ],
        "8": [
          6,
          15
        ],
        "6": [
          15,
          21
        ],
        "2": [
          21,
          31
        ],
        "10": [
          31,
          37
        ],
        "11": [
          37,
          43
        ],
        "13": [
          43,
          46
        ],
        "17": [
          46,
          49
        ],
        "9": [
          49,
          59
        ],
        "18": [
          59,
          62
        ],
        "5": [
          62,
          65
        ],
        "7": [
          65,
          69
        ],
        "12": [
          69,
          74
        ],
        "14": [
          74,
          80
        ],
        "15": [
          80,
          83
        ],
        "16": [
          83,
          85
        ],
        "19": [
          85,
          95
        ],
        "20": [
          95,
          104
        ],
        "21": [
          104,
          105
        ],
        "22": [
          105,
          105
        ]
      },
      "activity_order": [
        1,
        4,
        3,
        8,
        6,
        2,
        10,
        11,
        13,
        17,
        9,
        18,
        5,
        7,
        12,
        14,
        15,
        16,
        19,
        20,
        21,
        22
      ]
    },
    "TIMROS": {
      "makespan": 105,
      "execution_time": 3.790855407714844e-05,
      "schedule": {
        "1": [
          0,
          0
        ],
        "2": [
          0,
          10
        ],
        "11": [
          10,
          16
        ],
        "3": [
          16,
          19
        ],
        "8": [
          19,
          28
        ],
        "9": [
          28,
          38
        ],
        "10": [
          38,
          44
        ],
        "4": [
          44,
          47
        ],
        "6": [
          47,
          53
        ],
        "14": [
          53,
          59
        ],
        "12": [
          59,
          64
        ],
        "7": [
          64,
          68
        ],
        "5": [
          68,
          71
        ],
        "13": [
          71,
          74
        ],
        "15": [
          74,
          77
        ],
        "20": [
          77,
          86
        ],
        "17": [
          86,
          89
        ],
        "18": [
          89,
          92
        ],
        "19": [
          92,
          102
        ],
        "16": [
          102,
          104
        ],
        "21": [
          104,
          105
        ],
        "22": [
          105,
          105
        ]
      },
      "activity_order": [
        1,
        2,
        11,
        3,
        8,
        9,
        10,
        4,
        6,
        14,
        12,
        7,
        5,
        13,
        15,
        20,
        17,
        18,
        19,
        16,
        21,
        22
      ]
    },