{
  "instance": "inst_set1a_sf0_nc2.1_n20_m25_03",
  "results": {
    "HRPW*": {
      "makespan": 115,
      "execution_time": 4.6253204345703125e-05,
      "schedule": {
        "1": [
          0,
          0
        ],
        "3": [
          0,
          9
        ],
        "2": [
          9,
          18
        ],
        "7": [
          18,
          23
        ],
        "5": [
          23,
          31
        ],
        "4": [
          31,
          40
        ],
        "9": [
          40,
          48
        ],
        "11": [
          48,
          54
        ],
        "6": [
          54,
          62
        ],
        "15": [
          62,
          65
        ],
        "12": [
          65,
          73
        ],
        "17": [
          73,
          81
        ],
        "16": [
          81,
          87
        ],
        "8": [
          87,
          88
        ],
        "14": [
          88,
          93
        ],
        "13": [
          93,
          98
        ],
        "18": [
          98,
          100
        ],
        "10": [
          100,
          101
        ],
        "20": [
          101,
          107
        ],
        "21": [
          107,
          112
        ],
        "19": [
          112,
          115
        ],
        "22": [
          115,
          115
        ]
      },
      "activity_order": [
        1,
        3,
        2,
        7,
        5,
        4,
        9,
        11,
        6,
        15,
        12,
        17,
        16,
        8,
        14,
        13,
        18,
        10,
        20,
        21,
        19,
        22
      ]
    },
    "LST": {
      "makespan": 115,
      "execution_time": 4.410743713378906e-05,
      "schedule": {
        "1": [
          0,
          0
        ],
        "3": [
          0,
          9
        ],
        "2": [
          9,
          18
        ],
        "7": [
          18,
          23
        ],
        "5": [
          23,
          31
        ],
        "4": [
          31,
          40
        ],
        "9": [
          40,
          48
        ],
        "11": [
          48,
          54
        ],
        "6": [
          54,
          62
        ],
        "15": [
          62,
          65
        ],
        "12": [
          65,
          73
        ],
        "17": [
          73,
          81
        ],
        "16": [
          81,
          87
        ],
        "8": [
          87,
          88
        ],
        "14": [
          88,
          93
        ],
        "13": [
          93,
          98
        ],
        "18": [
          98,
          100
        ],
        "10": [
          100,
          101
        ],
        "20": [
          101,
          107
        ],
        "21": [
          107,
          112
        ],
        "19": [
          112,
          115
        ],
        "22": [
          115,
          115
        ]
      },
      "activity_order": [
        1,
        3,
        2,
        7,
        5,
        4,
        9,
        11,
        6,
        15,
        12,
        17,
        16,
        8,
        14,
        13,
        18,
        10,
        20,
        21,
        19,
        22
      ]
    },
    "LFT": {
      "makespan": 115,
      "execution_time": 9.560585021972656e-05,
      "schedule": {
        "1": [
          0,
          0
        ],
        "3": [
          0,
          9
        ],
        "2": [
          9,
          18
        ],
        "7": [
          18,
          23
        ],
        "5": [
          23,
          31
        ],
        "4": [
          31,
          40
        ],
        "9": [
          40,
          48
        ],
        "11": [
          48,
          54
        ],
        "15": [
          54,
          57
        ],
        "6": [
          57,
          65
        ],
        "8": [
          65,
          66
        ],
        "12": [
          66,
          74
        ],
        "16": [
          74,
          80
        ],
        "17": [
          80,
          88
        ],
        "18": [
          88,
          90
        ],
        "10": [
          90,
          91
        ],
        "14": [
          91,
          96
        ],
        "13": [
          96,
          101
        ],
        "19": [
          101,
          104
        ],
        "20": [
          104,
          110
        ],
        "21": [
          110,
          115
        ],
        "22": [
          115,
          115
        ]
      },
      "activity_order": [
        1,
        3,
        2,
        7,
        5,
        4,
        9,
        11,
        15,
        6,
        8,
        12,
        16,
        17,
        18,
        10,
        14,
        13,
        19,
        20,
        21,
        22
      ]
    },
    "MTS": {
      "makespan": 115,
      "execution_time": 8.344650268554688e-05,
      "schedule": {
        "1": [
          0,
          0
        ],
        "2": [
          0,
          9
        ],
        "3": [
          9,
          18
        ],
        "5": [
          18,
          26
        ],
        "7": [
          26,
          31
        ],
        "4": [
          31,
          40
        ],
        "11": [
          40,
          46
        ],
        "6": [
          46,
          54
        ],
        "9": [
          54,
          62
        ],
        "15": [
          62,
          65
        ],
        "8": [
          65,
          66
        ],
        "12": [
          66,
          74
        ],
        "17": [
          74,
          82
        ],
        "16": [
          82,
          88
        ],
        "10": [
          88,
          89
        ],
        "13": [
          89,
          94
        ],
        "14": [
          94,
          99
        ],
        "18": [
          99,
          101
        ],
        "19": [
          101,
          104
        ],
        "20": [
          104,
          110
        ],
        "21": [
          110,
          115
        ],
        "22": [
          115,
          115
        ]
      },
      "activity_order": [
        1,
        2,
        3,
        5,
        7,
        4,
        11,
        6,
        9,
        15,
        8,
        12,
        17,
        16,
        10,
        13,
        14,
        18,
        19,
        20,
        21,
        22
      ]
    },
    "TIMROS": {
      "makespan": 115,
      "execution_time": 5.245208740234375e-05,
      "schedule": {
        "1": [
          0,
          0
        ],
        "4": [
          0,
          9
        ],
        "3": [
          9,
          18
        ],
        "12": [
          18,
          26
        ],
        "7": [
          26,
          31
        ],
        "9": [
          31,
          39
        ],
        "2": [
          39,
          48
        ],
        "5": [
          48,
          56
        ],
        "15": [
          56,
          59
        ],
        "11": [
          59,
          65
        ],
        "16": [
          65,
          71
        ],
        "17": [
          71,
          79
        ],
        "18": [
          79,
          81
        ],
        "13": [
          81,
          86
        ],
        "6": [
          86,
          94
        ],
        "20": [
          94,
          100
        ],
        "8": [
          100,
          101
        ],
        "14": [
          101,
          106
        ],
        "19": [
          106,
          109
        ],
        "10": [
          109,
          110
        ],
        "21": [
          110,
          115
        ],
        "22": [
          115,
          115
        ]
      },