{
  "instance": "inst_set1a_sf0_nc1.8_n20_m25_05",
  "results": {
    "HRPW*": {
      "makespan": 121,
      "execution_time": 4.935264587402344e-05,
      "schedule": {
        "1": [
          0,
          0
        ],
        "3": [
          0,
          6
        ],
        "12": [
          6,
          16
        ],
        "4": [
          16,
          25
        ],
        "2": [
          25,
          29
        ],
        "13": [
          29,
          38
        ],
        "9": [
          38,
          45
        ],
        "5": [
          45,
          50
        ],
        "6": [
          50,
          59
        ],
        "8": [
          59,
          60
        ],
        "17": [
          60,
          69
        ],
        "16": [
          69,
          77
        ],
        "10": [
          77,
          83
        ],
        "11": [
          83,
          89
        ],
        "18": [
          89,
          98
        ],
        "14": [
          98,
          99
        ],
        "20": [
          99,
          108
        ],
        "15": [
          108,
          110
        ],
        "7": [
          110,
          115
        ],
        "19": [
          115,
          120
        ],
        "21": [
          120,
          121
        ],
        "22": [
          121,
          121
        ]
      },
      "activity_order": [
        1,
        3,
        12,
        4,
        2,
        13,
        9,
        5,
        6,
        8,
        17,
        16,
        10,
        11,
        18,
        14,
        20,
        15,
        7,
        19,
        21,
        22
      ]
    },
    "LST": {
      "makespan": 121,
      "execution_time": 4.57763671875e-05,
      "schedule": {
        "1": [
          0,
          0
        ],
        "3": [
          0,
          6
        ],
        "12": [
          6,
          16
        ],
        "4": [
          16,
          25
        ],
        "2": [
          25,
          29
        ],
        "13": [
          29,
          38
        ],
        "9": [
          38,
          45
        ],
        "5": [
          45,
          50
        ],
        "6": [
          50,
          59
        ],
        "8": [
          59,
          60
        ],
        "17": [
          60,
          69
        ],
        "16": [
          69,
          77
        ],
        "10": [
          77,
          83
        ],
        "11": [
          83,
          89
        ],
        "18": [
          89,
          98
        ],
        "14": [
          98,
          99
        ],
        "20": [
          99,
          108
        ],
        "15": [
          108,
          110
        ],
        "7": [
          110,
          115
        ],
        "19": [
          115,
          120
        ],
        "21": [
          120,
          121
        ],
        "22": [
          121,
          121
        ]
      },
      "activity_order": [
        1,
        3,
        12,
        4,
        2,
        13,
        9,
        5,
        6,
        8,
        17,
        16,
        10,
        11,
        18,
        14,
        20,
        15,
        7,
        19,
        21,
        22
      ]
    },
    "LFT": {
      "makespan": 121,
      "execution_time": 4.601478576660156e-05,
      "schedule": {
        "1": [
          0,
          0
        ],
        "3": [
          0,
          6
        ],
        "4": [
          6,
          15
        ],
        "12": [
          15,
          25
        ],
        "2": [
          25,
          29
        ],
        "5": [
          29,
          34
        ],
        "8": [
          34,
          35
        ],
        "9": [
          35,
          42
        ],
        "13": [
          42,
          51
        ],
        "10": [
          51,
          57
        ],
        "6": [
          57,
          66
        ],
        "16": [
          66,
          74
        ],
        "17": [
          74,
          83
        ],
        "11": [
          83,
          89
        ],
        "14": [
          89,
          90
        ],
        "15": [
          90,
          92
        ],
        "18": [
          92,
          101
        ],
        "7": [
          101,
          106
        ],
        "19": [
          106,
          111
        ],
        "20": [
          111,
          120
        ],
        "21": [
          120,
          121
        ],
        "22": [
          121,
          121
        ]
      },
      "activity_order": [
        1,
        3,
        4,
        12,
        2,
        5,
        8,
        9,
        13,
        10,
        6,
        16,
        17,
        11,
        14,
        15,
        18,
        7,
        19,
        20,
        21,
        22
      ]
    },
    "MTS": {
      "makespan": 121,
      "execution_time": 4.57763671875e-05,
      "schedule": {
        "1": [
          0,
          0
        ],
        "4": [
          0,
          9
        ],
        "2": [
          9,
          13
        ],
        "3": [
          13,
          19
        ],
        "5": [
          19,
          24
        ],
        "8": [
          24,
          25
        ],
        "9": [
          25,
          32
        ],
        "12": [
          32,
          42
        ],
        "13": [
          42,
          51
        ],
        "16": [
          51,
          59
        ],
        "6": [
          59,
          68
        ],
        "10": [
          68,
          74
        ],
        "17": [
          74,
          83
        ],
        "11": [
          83,
          89
        ],
        "18": [
          89,
          98
        ],
        "7": [
          98,
          103
        ],
        "14": [
          103,
          104
        ],
        "15": [
          104,
          106
        ],
        "19": [
          106,
          111
        ],
        "20": [
          111,
          120
        ],
        "21": [
          120,
          121
        ],
        "22": [
          121,
          121
        ]
      },
      "activity_order": [
        1,
        4,
        2,
        3,
        5,
        8,
        9,
        12,
        13,
        16,
        6,
        10,
        17,
        11,
        18,
        7,
        14,
        15,
        19,
        20,
        21,
        22
      ]
    },
    "TIMROS": {
      "makespan": 121,
      "execution_time": 4.029273986816406e-05,
      "schedule": {
        "1": [
          0,
          0
        ],
        "4": [
          0,
          9
        ],
        "2": [
          9,
          13
        ],
        "5": [
          13,
          18
        ],
        "7": [
          18,
          23
        ],
        "17": [
          23,
          32
        ],
        "8": [
          32,
          33
        ],
        "3": [
          33,
          39
        ],
        "6": [
          39,
          48
        ],
        "9": [
          48,
          55
        ],
        "12": [
          55,
          65
        ],
        "13": [
          65,
          74
        ],
        "16": [
          74,
          82
        ],
        "10": [
          82,
          88
        ],
        "11": [
          88,
          94
        ],
        "18": [
          94,
          103
        ],
        "21": [
          103,
          104
        ],
        "14": [
          104,
          105
        ],
        "20": [
          105,
          114
        ],
        "15": [
          114,
          116
        ],
        "19": [
          116,
          121
        ],
        "22": [
          121,
          121
        ]
      },