{
  "instance": "inst_set1a_sf0.5_nc1.8_n20_m13_02",
  "results": {
    "HRPW*": {
      "makespan": 88,
      "execution_time": 4.6253204345703125e-05,
      "schedule": {
        "1": [
          0,
          0
        ],
        "3": [
          0,
          2
        ],
        "5": [
          2,
          8
        ],
        "6": [
          8,
          18
        ],
        "4": [
          18,
          21
        ],
        "10": [
          21,
          25
        ],
        "2": [
          25,
          27
        ],
        "12": [
          27,
          30
        ],
        "14": [
          30,
          40
        ],
        "13": [
          40,
          46
        ],
        "15": [
          46,
          50
        ],
        "16": [
          50,
          54
        ],
        "17": [
          54,
          58
        ],
        "8": [
          58,
          60
        ],
        "7": [
          60,
          65
        ],
        "19": [
          65,
          74
        ],
        "20": [
          74,
          81
        ],
        "11": [
          81,
          85
        ],
        "9": [
          85,
          86
        ],
        "18": [
          86,
          87
        ],
        "21": [
          87,
          88
        ],
        "22": [
          88,
          88
        ]
      },
      "activity_order": [
        1,
        3,
        5,
        6,
        4,
        10,
        2,
        12,
        14,
        13,
        15,
        16,
        17,
        8,
        7,
        19,
        20,
        11,
        9,
        18,
        21,
        22
      ]
    },
    "LST": {
      "makespan": 88,
      "execution_time": 5.602836608886719e-05,
      "schedule": {
        "1": [
          0,
          0
        ],
        "3": [
          0,
          2
        ],
        "5": [
          2,
          8
        ],
        "6": [
          8,
          18
        ],
        "4": [
          18,
          21
        ],
        "10": [
          21,
          25
        ],
        "2": [
          25,
          27
        ],
        "12": [
          27,
          30
        ],
        "14": [
          30,
          40
        ],
        "13": [
          40,
          46
        ],
        "15": [
          46,
          50
        ],
        "16": [
          50,
          54
        ],
        "17": [
          54,
          58
        ],
        "8": [
          58,
          60
        ],
        "7": [
          60,
          65
        ],
        "19": [
          65,
          74
        ],
        "20": [
          74,
          81
        ],
        "11": [
          81,
          85
        ],
        "9": [
          85,
          86
        ],
        "18": [
          86,
          87
        ],
        "21": [
          87,
          88
        ],
        "22": [
          88,
          88
        ]
      },
      "activity_order": [
        1,
        3,
        5,
        6,
        4,
        10,
        2,
        12,
        14,
        13,
        15,
        16,
        17,
        8,
        7,
        19,
        20,
        11,
        9,
        18,
        21,
        22
      ]
    },
    "LFT": {
      "makespan": 88,
      "execution_time": 5.269050598144531e-05,
      "schedule": {
        "1": [
          0,
          0
        ],
        "3": [
          0,
          2
        ],
        "5": [
          2,
          8
        ],
        "4": [
          8,
          11
        ],
        "6": [
          11,
          21
        ],
        "2": [
          21,
          23
        ],
        "10": [
          23,
          27
        ],
        "12": [
          27,
          30
        ],
        "13": [
          30,
          36
        ],
        "14": [
          36,
          46
        ],
        "15": [
          46,
          50
        ],
        "8": [
          50,
          52
        ],
        "16": [
          52,
          56
        ],
        "17": [
          56,
          60
        ],
        "7": [
          60,
          65
        ],
        "9": [
          65,
          66
        ],
        "11": [
          66,
          70
        ],
        "18": [
          70,
          71
        ],
        "19": [
          71,
          80
        ],
        "20": [
          80,
          87
        ],
        "21": [
          87,
          88
        ],
        "22": [
          88,
          88
        ]
      },
      "activity_order": [
        1,
        3,
        5,
        4,
        6,
        2,
        10,
        12,
        13,
        14,
        15,
        8,
        16,
        17,
        7,
        9,
        11,
        18,
        19,
        20,
        21,
        22
      ]
    },
    "MTS": {
      "makespan": 88,
      "execution_time": 6.628036499023438e-05,
      "schedule": {
        "1": [
          0,
          0
        ],
        "4": [
          0,
          3
        ],
        "3": [
          3,
          5
        ],
        "2": [
          5,
          7
        ],
        "5": [
          7,
          13
        ],
        "6": [
          13,
          23
        ],
        "10": [
          23,
          27
        ],
        "12": [
          27,
          30
        ],
        "13": [
          30,
          36
        ],
        "14": [
          36,
          46
        ],
        "15": [
          46,
          50
        ],
        "7": [
          50,
          55
        ],
        "17": [
          55,
          59
        ],
        "16": [
          59,
          63
        ],
        "8": [
          63,
          65
        ],
        "9": [
          65,
          66
        ],
        "11": [
          66,
          70
        ],
        "18": [
          70,
          71
        ],
        "19": [
          71,
          80
        ],
        "20": [
          80,
          87
        ],
        "21": [
          87,
          88
        ],
        "22": [
          88,
          88
        ]
      },
      "activity_order": [
        1,
        4,
        3,
        2,
        5,
        6,
        10,
        12,
        13,
        14,
        15,
        7,
        17,
        16,
        8,
        9,
        11,
        18,
        19,
        20,
        21,
        22
      ]
    },
    "TIMROS": {
      "makespan": 88,
      "execution_time": 4.6253204345703125e-05,
      "schedule": {
        "1": [
          0,
          0
        ],
        "3": [
          0,
          2
        ],
        "5": [
          2,
          8
        ],
        "6": [
          8,
          18
        ],
        "4": [
          18,
          21
        ],
        "7": [
          21,
          26
        ],
        "10": [
          26,
          30
        ],
        "15": [
          30,
          34
        ],
        "2": [
          34,
          36
        ],
        "13": [
          36,
          42
        ],
        "11": [
          42,
          46
        ],
        "17": [
          46,
          50
        ],
        "12": [
          50,
          53
        ],
        "14": [
          53,
          63
        ],
        "20": [
          63,
          70
        ],
        "16": [
          70,
          74
        ],
        "8": [
          74,
          76
        ],
        "19": [
          76,
          85
        ],
        "9": [
          85,
          86
        ],
        "18": [
          86,
          87
        ],
        "21": [
          87,
          88
        ],
        "22": [
          88,
          88
        ]
      },
      "activity_order": [
        1,
        3,
        5,
        6,
        4,
        7,
        10,
        15,
        2,
        13,
        11,
        17,
        12,
        14,
        20,
        16,
        8,
        19,
        9,
        18,
        21,
        22
      ]
    },
    "HRU1": {
      "makespan": 88,