{
  "instance": "inst_set1a_sf0_nc2.1_n20_m20_00",
  "results": {
    "HRPW*": {
      "makespan": 81,
      "execution_time": 0.0003681182861328125,
      "schedule": {
        "1": [
          0,
          0
        ],
        "4": [
          0,
          8
        ],
        "2": [
          0,
          10
        ],
        "7": [
          10,
          20
        ],
        "5": [
          20,
          24
        ],
        "9": [
          24,
          34
        ],
        "3": [
          34,
          36
        ],
        "6": [
          36,
          46
        ],
        "15": [
          36,
          45
        ],
        "10": [
          45,
          49
        ],
        "16": [
          49,
          59
        ],
        "8": [
          8,
          17
        ],
        "11": [
          59,
          66
        ],
        "14": [
          66,
          69
        ],
        "17": [
          69,
          78
        ],
        "13": [
          66,
          68
        ],
        "21": [
          68,
          76
        ],
        "18": [
          68,
          71
        ],
        "12": [
          69,
          70
        ],
        "19": [
          71,
          75
        ],
        "20": [
          78,
          81
        ],
        "22": [
          81,
          81
        ]
      },
      "activity_order": [
        1,
        4,
        2,
        7,
        5,
        9,
        3,
        6,
        15,
        10,
        16,
        8,
        11,
        14,
        17,
        13,
        21,
        18,
        12,
        19,
        20,
        22
      ]
    },
    "LST": {
      "makespan": 81,
      "execution_time": 0.00032711029052734375,
      "schedule": {
        "1": [
          0,
          0
        ],
        "4": [
          0,
          8
        ],
        "2": [
          0,
          10
        ],
        "7": [
          10,
          20
        ],
        "5": [
          20,
          24
        ],
        "9": [
          24,
          34
        ],
        "3": [
          34,
          36
        ],
        "6": [
          36,
          46
        ],
        "15": [
          36,
          45
        ],
        "10": [
          45,
          49
        ],
        "16": [
          49,
          59
        ],
        "8": [
          8,
          17
        ],
        "11": [
          59,
          66
        ],
        "14": [
          66,
          69
        ],
        "17": [
          69,
          78
        ],
        "13": [
          66,
          68
        ],
        "21": [
          68,
          76
        ],
        "18": [
          68,
          71
        ],
        "12": [
          69,
          70
        ],
        "19": [
          71,
          75
        ],
        "20": [
          78,
          81
        ],
        "22": [
          81,
          81
        ]
      },
      "activity_order": [
        1,
        4,
        2,
        7,
        5,
        9,
        3,
        6,
        15,
        10,
        16,
        8,
        11,
        14,
        17,
        13,
        21,
        18,
        12,
        19,
        20,
        22
      ]
    },
    "LFT": {
      "makespan": 80,
      "execution_time": 0.0003571510314941406,
      "schedule": {
        "1": [
          0,
          0
        ],
        "4": [
          0,
          8
        ],
        "2": [
          0,
          10
        ],
        "5": [
          10,
          14
        ],
        "7": [
          14,
          24
        ],
        "3": [
          24,
          26
        ],
        "9": [
          26,
          36
        ],
        "6": [
          26,
          36
        ],
        "10": [
          36,
          40
        ],
        "15": [
          40,
          49
        ],
        "14": [
          49,
          52
        ],
        "11": [
          52,
          59
        ],
        "8": [
          8,
          17
        ],
        "16": [
          59,
          69
        ],
        "13": [
          59,
          61
        ],
        "12": [
          69,
          70
        ],
        "18": [
          61,
          64
        ],
        "17": [
          52,
          61
        ],
        "19": [
          70,
          74
        ],
        "20": [
          69,
          72
        ],
        "21": [
          72,
          80
        ],
        "22": [
          80,
          80
        ]
      },
      "activity_order": [
        1,
        4,
        2,
        5,
        7,
        3,
        9,
        6,
        10,
        15,
        14,
        11,
        8,
        16,
        13,
        12,
        18,
        17,
        19,
        20,
        21,
        22
      ]
    },
    "MTS": {
      "makespan": 80,
      "execution_time": 0.0003287792205810547,
      "schedule": {
        "1": [
          0,
          0
        ],
        "4": [
          0,
          8
        ],
        "2": [
          0,
          10
        ],
        "7": [
          10,
          20
        ],
        "5": [
          20,
          24
        ],
        "3": [
          24,
          26
        ],
        "9": [
          26,
          36
        ],
        "6": [
          26,
          36
        ],
        "11": [
          36,
          43
        ],
        "15": [
          43,
          52
        ],
        "8": [
          8,
          17
        ],
        "10": [
          52,
          56
        ],
        "14": [
          56,
          59
        ],
        "13": [
          43,
          45
        ],
        "16": [
          59,
          69
        ],
        "12": [
          69,
          70
        ],
        "17": [
          59,
          68
        ],
        "18": [
          52,
          55
        ],
        "19": [
          70,
          74
        ],
        "20": [
          69,
          72
        ],
        "21": [
          72,
          80
        ],
        "22": [
          80,
          80
        ]
      },
      "activity_order": [
        1,
        4,
        2,
        7,
        5,
        3,
        9,
        6,
        11,
        15,
        8,
        10,
        14,
        13,
        16,
        12,
        17,
        18,
        19,
        20,
        21,
        22
      ]
    },
    "TIMROS": {
      "makespan": 93,
      "execution_time": 0.00032711029052734375,
      "schedule": {
        "1": [
          0,
          0
        ],
        "2": [
          0,
          10
        ],
        "4": [
          0,
          8
        ],
        "7": [
          10,
          20
        ],
        "11": [
          20,
          27
        ],
        "5": [
          27,
          31
        ],
        "9": [
          31,
          41
        ],
        "15": [
          41,
          50
        ],
        "10": [
          50,
          54
        ],
        "8": [
          8,
          17
        ],
        "3": [
          54,
          56
        ],
        "6": [
          56,
          66
        ],
        "16": [
          66,
          76
        ],
        "21": [
          76,
          84
        ],
        "12": [
          76,
          77
        ],
        "13": [
          84,
          86
        ],
        "18": [
          86,
          89
        ],
        "14": [
          77,
          80
        ],
        "19": [
          89,
          93
        ],
        "17": [
          80,
          89
        ],
        "20": [
          89,
          92
        ],
        "22": [
          93,
          93
        ]
      },
      "activity_order": [
        1,
        2,
        4,
        7,
        11,
        5,
        9,
        15,
        10,
        8,
        3,
        6,
        16,
        21,
        12,
        13,
        18,
        14,
        19,
        17,
        20,
        22
      ]
    },
    "HRU1": {
      "makespan": 82,