{
  "instance": "inst_set1a_sf0_nc1.5_n20_m25_03",
  "results": {
    "HRPW*": {
      "makespan": 46,
      "execution_time": 0.00042247772216796875,
      "schedule": {
        "1": [
          0,
          0
        ],
        "4": [
          0,
          3
        ],
        "3": [
          0,
          7
        ],
        "6": [
          7,
          11
        ],
        "7": [
          11,
          20
        ],
        "10": [
          11,
          17
        ],
        "8": [
          11,
          13
        ],
        "2": [
          13,
          18
        ],
        "9": [
          20,
          29
        ],
        "12": [
          20,
          29
        ],
        "5": [
          18,
          19
        ],
        "13": [
          3,
          8
        ],
        "11": [
          19,
          24
        ],
        "15": [
          29,
          34
        ],
        "16": [
          29,
          33
        ],
        "14": [
          18,
          25
        ],
        "17": [
          34,
          38
        ],
        "18": [
          29,
          30
        ],
        "20": [
          38,
          46
        ],
        "21": [
          30,
          38
        ],
        "19": [
          29,
          35
        ],
        "22": [
          46,
          46
        ]
      },
      "activity_order": [
        1,
        4,
        3,
        6,
        7,
        10,
        8,
        2,
        9,
        12,
        5,
        13,
        11,
        15,
        16,
        14,
        17,
        18,
        20,
        21,
        19,
        22
      ]
    },
    "LST": {
      "makespan": 46,
      "execution_time": 0.0004181861877441406,
      "schedule": {
        "1": [
          0,
          0
        ],
        "4": [
          0,
          3
        ],
        "3": [
          0,
          7
        ],
        "6": [
          7,
          11
        ],
        "7": [
          11,
          20
        ],
        "10": [
          11,
          17
        ],
        "8": [
          11,
          13
        ],
        "2": [
          13,
          18
        ],
        "9": [
          20,
          29
        ],
        "12": [
          20,
          29
        ],
        "5": [
          18,
          19
        ],
        "13": [
          3,
          8
        ],
        "11": [
          19,
          24
        ],
        "15": [
          29,
          34
        ],
        "16": [
          29,
          33
        ],
        "14": [
          18,
          25
        ],
        "17": [
          34,
          38
        ],
        "18": [
          29,
          30
        ],
        "20": [
          38,
          46
        ],
        "21": [
          30,
          38
        ],
        "19": [
          29,
          35
        ],
        "22": [
          46,
          46
        ]
      },
      "activity_order": [
        1,
        4,
        3,
        6,
        7,
        10,
        8,
        2,
        9,
        12,
        5,
        13,
        11,
        15,
        16,
        14,
        17,
        18,
        20,
        21,
        19,
        22
      ]
    },
    "LFT": {
      "makespan": 46,
      "execution_time": 0.00041937828063964844,
      "schedule": {
        "1": [
          0,
          0
        ],
        "4": [
          0,
          3
        ],
        "6": [
          3,
          7
        ],
        "3": [
          7,
          14
        ],
        "7": [
          7,
          16
        ],
        "8": [
          7,
          9
        ],
        "10": [
          14,
          20
        ],
        "2": [
          9,
          14
        ],
        "5": [
          14,
          15
        ],
        "9": [
          16,
          25
        ],
        "12": [
          20,
          29
        ],
        "13": [
          3,
          8
        ],
        "11": [
          15,
          20
        ],
        "15": [
          29,
          34
        ],
        "16": [
          25,
          29
        ],
        "17": [
          34,
          38
        ],
        "18": [
          29,
          30
        ],
        "14": [
          14,
          21
        ],
        "19": [
          29,
          35
        ],
        "20": [
          38,
          46
        ],
        "21": [
          30,
          38
        ],
        "22": [
          46,
          46
        ]
      },
      "activity_order": [
        1,
        4,
        6,
        3,
        7,
        8,
        10,
        2,
        5,
        9,
        12,
        13,
        11,
        15,
        16,
        17,
        18,
        14,
        19,
        20,
        21,
        22
      ]
    },
    "MTS": {
      "makespan": 46,
      "execution_time": 0.00042748451232910156,
      "schedule": {
        "1": [
          0,
          0
        ],
        "4": [
          0,
          3
        ],
        "6": [
          3,
          7
        ],
        "2": [
          0,
          5
        ],
        "3": [
          7,
          14
        ],
        "7": [
          7,
          16
        ],
        "10": [
          14,
          20
        ],
        "5": [
          5,
          6
        ],
        "12": [
          20,
          29
        ],
        "13": [
          3,
          8
        ],
        "8": [
          7,
          9
        ],
        "9": [
          16,
          25
        ],
        "11": [
          8,
          13
        ],
        "15": [
          29,
          34
        ],
        "16": [
          25,
          29
        ],
        "14": [
          8,
          15
        ],
        "17": [
          34,
          38
        ],
        "18": [
          29,
          30
        ],
        "19": [
          29,
          35
        ],
        "20": [
          38,
          46
        ],
        "21": [
          30,
          38
        ],
        "22": [
          46,
          46
        ]
      },
      "activity_order": [
        1,
        4,
        6,
        2,
        3,
        7,
        10,
        5,
        12,
        13,
        8,
        9,
        11,
        15,
        16,
        14,
        17,
        18,
        19,
        20,
        21,
        22
      ]
    },
    "TIMROS": {
      "makespan": 52,
      "execution_time": 0.0004401206970214844,
      "schedule": {
        "1": [
          0,
          0
        ],
        "2": [
          0,
          5
        ],
        "3": [
          0,
          7
        ],
        "5": [
          5,
          6
        ],
        "10": [
          7,
          13
        ],
        "4": [
          0,
          3
        ],
        "6": [
          13,
          17
        ],
        "7": [
          17,
          26
        ],
        "8": [
          17,
          19
        ],
        "9": [
          26,
          35
        ],
        "12": [
          26,
          35
        ],
        "21": [
          35,
          43
        ],
        "11": [
          6,
          11
        ],
        "16": [
          35,
          39
        ],
        "13": [
          11,
          16
        ],
        "15": [
          35,
          40
        ],
        "17": [
          40,
          44
        ],
        "14": [
          16,
          23
        ],
        "19": [
          35,
          41
        ],
        "18": [
          43,
          44
        ],
        "20": [
          44,
          52
        ],
        "22": [
          52,
          52
        ]
      },
      "activity_order": [
        1,
        2,
        3,
        5,
        10,
        4,
        6,
        7,
        8,
        9,
        12,
        21,
        11,
        16,
        13,
        15,
        17,
        14,
        19,
        18,
        20,
        22
      ]
    },
    "HRU1": {
      "makespan": 46,