{
  "instance": "inst_set1a_sf0.75_nc1.5_n20_m25_00",
  "results": {
    "HRPW*": {
      "makespan": 71,
      "execution_time": 0.00029921531677246094,
      "schedule": {
        "1": [
          0,
          0
        ],
        "3": [
          0,
          8
        ],
        "5": [
          8,
          18
        ],
        "4": [
          18,
          25
        ],
        "8": [
          18,
          23
        ],
        "2": [
          23,
          27
        ],
        "10": [
          25,
          26
        ],
        "11": [
          27,
          37
        ],
        "13": [
          37,
          40
        ],
        "9": [
          40,
          42
        ],
        "7": [
          42,
          48
        ],
        "14": [
          42,
          51
        ],
        "6": [
          18,
          27
        ],
        "15": [
          27,
          33
        ],
        "16": [
          48,
          52
        ],
        "12": [
          37,
          41
        ],
        "17": [
          51,
          55
        ],
        "18": [
          52,
          55
        ],
        "19": [
          52,
          62
        ],
        "20": [
          55,
          63
        ],
        "21": [
          63,
          71
        ],
        "22": [
          71,
          71
        ]
      },
      "activity_order": [
        1,
        3,
        5,
        4,
        8,
        2,
        10,
        11,
        13,
        9,
        7,
        14,
        6,
        15,
        16,
        12,
        17,
        18,
        19,
        20,
        21,
        22
      ]
    },
    "LST": {
      "makespan": 71,
      "execution_time": 0.0003066062927246094,
      "schedule": {
        "1": [
          0,
          0
        ],
        "3": [
          0,
          8
        ],
        "5": [
          8,
          18
        ],
        "4": [
          18,
          25
        ],
        "8": [
          18,
          23
        ],
        "2": [
          23,
          27
        ],
        "10": [
          25,
          26
        ],
        "11": [
          27,
          37
        ],
        "13": [
          37,
          40
        ],
        "9": [
          40,
          42
        ],
        "7": [
          42,
          48
        ],
        "14": [
          42,
          51
        ],
        "6": [
          18,
          27
        ],
        "15": [
          27,
          33
        ],
        "16": [
          48,
          52
        ],
        "12": [
          37,
          41
        ],
        "17": [
          51,
          55
        ],
        "18": [
          52,
          55
        ],
        "19": [
          52,
          62
        ],
        "20": [
          55,
          63
        ],
        "21": [
          63,
          71
        ],
        "22": [
          71,
          71
        ]
      },
      "activity_order": [
        1,
        3,
        5,
        4,
        8,
        2,
        10,
        11,
        13,
        9,
        7,
        14,
        6,
        15,
        16,
        12,
        17,
        18,
        19,
        20,
        21,
        22
      ]
    },
    "LFT": {
      "makespan": 74,
      "execution_time": 0.00036644935607910156,
      "schedule": {
        "1": [
          0,
          0
        ],
        "3": [
          0,
          8
        ],
        "5": [
          8,
          18
        ],
        "4": [
          18,
          25
        ],
        "8": [
          18,
          23
        ],
        "2": [
          23,
          27
        ],
        "10": [
          25,
          26
        ],
        "9": [
          27,
          29
        ],
        "13": [
          29,
          32
        ],
        "7": [
          32,
          38
        ],
        "11": [
          38,
          48
        ],
        "14": [
          32,
          41
        ],
        "6": [
          18,
          27
        ],
        "16": [
          38,
          42
        ],
        "12": [
          48,
          52
        ],
        "15": [
          52,
          58
        ],
        "17": [
          48,
          52
        ],
        "18": [
          42,
          45
        ],
        "19": [
          58,
          68
        ],
        "20": [
          58,
          66
        ],
        "21": [
          66,
          74
        ],
        "22": [
          74,
          74
        ]
      },
      "activity_order": [
        1,
        3,
        5,
        4,
        8,
        2,
        10,
        9,
        13,
        7,
        11,
        14,
        6,
        16,
        12,
        15,
        17,
        18,
        19,
        20,
        21,
        22
      ]
    },
    "MTS": {
      "makespan": 74,
      "execution_time": 0.0003037452697753906,
      "schedule": {
        "1": [
          0,
          0
        ],
        "3": [
          0,
          8
        ],
        "5": [
          8,
          18
        ],
        "8": [
          18,
          23
        ],
        "4": [
          18,
          25
        ],
        "10": [
          25,
          26
        ],
        "2": [
          23,
          27
        ],
        "9": [
          27,
          29
        ],
        "13": [
          29,
          32
        ],
        "14": [
          32,
          41
        ],
        "7": [
          32,
          38
        ],
        "11": [
          38,
          48
        ],
        "6": [
          18,
          27
        ],
        "16": [
          38,
          42
        ],
        "12": [
          48,
          52
        ],
        "15": [
          52,
          58
        ],
        "17": [
          48,
          52
        ],
        "18": [
          42,
          45
        ],
        "19": [
          58,
          68
        ],
        "20": [
          58,
          66
        ],
        "21": [
          66,
          74
        ],
        "22": [
          74,
          74
        ]
      },
      "activity_order": [
        1,
        3,
        5,
        8,
        4,
        10,
        2,
        9,
        13,
        14,
        7,
        11,
        6,
        16,
        12,
        15,
        17,
        18,
        19,
        20,
        21,
        22
      ]
    },
    "TIMROS": {
      "makespan": 67,
      "execution_time": 0.0004570484161376953,
      "schedule": {
        "1": [
          0,
          0
        ],
        "2": [
          0,
          4
        ],
        "3": [
          0,
          8
        ],
        "7": [
          8,
          14
        ],
        "16": [
          14,
          18
        ],
        "5": [
          8,
          18
        ],
        "8": [
          18,
          23
        ],
        "11": [
          23,
          33
        ],
        "6": [
          18,
          27
        ],
        "15": [
          27,
          33
        ],
        "4": [
          18,
          25
        ],
        "9": [
          33,
          35
        ],
        "12": [
          33,
          37
        ],
        "19": [
          37,
          47
        ],
        "10": [
          25,
          26
        ],
        "13": [
          35,
          38
        ],
        "14": [
          38,
          47
        ],
        "17": [
          47,
          51
        ],
        "20": [
          51,
          59
        ],
        "18": [
          47,
          50
        ],
        "21": [
          59,
          67
        ],
        "22": [
          67,
          67
        ]
      },
      "activity_order": [
        1,
        2,
        3,
        7,
        16,
        5,
        8,
        11,
        6,
        15,
        4,
        9,
        12,
        19,
        10,
        13,
        14,
        17,
        20,
        18,
        21,
        22
      ]
    },