{
  "instance": "inst_set1a_sf0.5_nc1.8_n20_m13_02",
  "results": {
    "HRPW*": {
      "makespan": 49,
      "execution_time": 0.00019311904907226562,
      "schedule": {
        "1": [
          0,
          0
        ],
        "3": [
          0,
          2
        ],
        "5": [
          2,
          8
        ],
        "6": [
          8,
          18
        ],
        "4": [
          2,
          5
        ],
        "10": [
          18,
          22
        ],
        "2": [
          0,
          2
        ],
        "12": [
          22,
          25
        ],
        "14": [
          25,
          35
        ],
        "13": [
          25,
          31
        ],
        "15": [
          22,
          26
        ],
        "16": [
          35,
          39
        ],
        "17": [
          31,
          35
        ],
        "8": [
          35,
          37
        ],
        "7": [
          18,
          23
        ],
        "19": [
          39,
          48
        ],
        "20": [
          35,
          42
        ],
        "11": [
          42,
          46
        ],
        "9": [
          46,
          47
        ],
        "18": [
          47,
          48
        ],
        "21": [
          48,
          49
        ],
        "22": [
          49,
          49
        ]
      },
      "activity_order": [
        1,
        3,
        5,
        6,
        4,
        10,
        2,
        12,
        14,
        13,
        15,
        16,
        17,
        8,
        7,
        19,
        20,
        11,
        9,
        18,
        21,
        22
      ]
    },
    "LST": {
      "makespan": 49,
      "execution_time": 0.0001976490020751953,
      "schedule": {
        "1": [
          0,
          0
        ],
        "3": [
          0,
          2
        ],
        "5": [
          2,
          8
        ],
        "6": [
          8,
          18
        ],
        "4": [
          2,
          5
        ],
        "10": [
          18,
          22
        ],
        "2": [
          0,
          2
        ],
        "12": [
          22,
          25
        ],
        "14": [
          25,
          35
        ],
        "13": [
          25,
          31
        ],
        "15": [
          22,
          26
        ],
        "16": [
          35,
          39
        ],
        "17": [
          31,
          35
        ],
        "8": [
          35,
          37
        ],
        "7": [
          18,
          23
        ],
        "19": [
          39,
          48
        ],
        "20": [
          35,
          42
        ],
        "11": [
          42,
          46
        ],
        "9": [
          46,
          47
        ],
        "18": [
          47,
          48
        ],
        "21": [
          48,
          49
        ],
        "22": [
          49,
          49
        ]
      },
      "activity_order": [
        1,
        3,
        5,
        6,
        4,
        10,
        2,
        12,
        14,
        13,
        15,
        16,
        17,
        8,
        7,
        19,
        20,
        11,
        9,
        18,
        21,
        22
      ]
    },
    "LFT": {
      "makespan": 48,
      "execution_time": 0.0001876354217529297,
      "schedule": {
        "1": [
          0,
          0
        ],
        "3": [
          0,
          2
        ],
        "5": [
          2,
          8
        ],
        "4": [
          2,
          5
        ],
        "6": [
          8,
          18
        ],
        "2": [
          0,
          2
        ],
        "10": [
          18,
          22
        ],
        "12": [
          22,
          25
        ],
        "13": [
          25,
          31
        ],
        "14": [
          25,
          35
        ],
        "15": [
          22,
          26
        ],
        "8": [
          31,
          33
        ],
        "16": [
          35,
          39
        ],
        "17": [
          33,
          37
        ],
        "7": [
          18,
          23
        ],
        "9": [
          23,
          24
        ],
        "11": [
          24,
          28
        ],
        "18": [
          39,
          40
        ],
        "19": [
          39,
          48
        ],
        "20": [
          37,
          44
        ],
        "21": [
          44,
          45
        ],
        "22": [
          48,
          48
        ]
      },
      "activity_order": [
        1,
        3,
        5,
        4,
        6,
        2,
        10,
        12,
        13,
        14,
        15,
        8,
        16,
        17,
        7,
        9,
        11,
        18,
        19,
        20,
        21,
        22
      ]
    },
    "MTS": {
      "makespan": 51,
      "execution_time": 0.0001895427703857422,
      "schedule": {
        "1": [
          0,
          0
        ],
        "4": [
          0,
          3
        ],
        "3": [
          3,
          5
        ],
        "2": [
          0,
          2
        ],
        "5": [
          5,
          11
        ],
        "6": [
          11,
          21
        ],
        "10": [
          21,
          25
        ],
        "12": [
          25,
          28
        ],
        "13": [
          28,
          34
        ],
        "14": [
          28,
          38
        ],
        "15": [
          25,
          29
        ],
        "7": [
          21,
          26
        ],
        "17": [
          34,
          38
        ],
        "16": [
          38,
          42
        ],
        "8": [
          38,
          40
        ],
        "9": [
          26,
          27
        ],
        "11": [
          27,
          31
        ],
        "18": [
          42,
          43
        ],
        "19": [
          42,
          51
        ],
        "20": [
          38,
          45
        ],
        "21": [
          45,
          46
        ],
        "22": [
          51,
          51
        ]
      },
      "activity_order": [
        1,
        4,
        3,
        2,
        5,
        6,
        10,
        12,
        13,
        14,
        15,
        7,
        17,
        16,
        8,
        9,
        11,
        18,
        19,
        20,
        21,
        22
      ]
    },
    "TIMROS": {
      "makespan": 64,
      "execution_time": 0.0001850128173828125,
      "schedule": {
        "1": [
          0,
          0
        ],
        "3": [
          0,
          2
        ],
        "5": [
          2,
          8
        ],
        "6": [
          8,
          18
        ],
        "4": [
          2,
          5
        ],
        "7": [
          18,
          23
        ],
        "10": [
          18,
          22
        ],
        "15": [
          22,
          26
        ],
        "2": [
          26,
          28
        ],
        "13": [
          28,
          34
        ],
        "11": [
          28,
          32
        ],
        "17": [
          34,
          38
        ],
        "12": [
          38,
          41
        ],
        "14": [
          41,
          51
        ],
        "20": [
          51,
          58
        ],
        "16": [
          51,
          55
        ],
        "8": [
          41,
          43
        ],
        "19": [
          55,
          64
        ],
        "9": [
          58,
          59
        ],
        "18": [
          59,
          60
        ],
        "21": [
          60,
          61
        ],
        "22": [
          64,
          64
        ]
      },
      "activity_order": [
        1,
        3,
        5,
        6,
        4,
        7,
        10,
        15,
        2,
        13,
        11,
        17,
        12,
        14,
        20,
        16,
        8,
        19,
        9,
        18,
        21,
        22
      ]
    },
    "HRU1": {
      "makespan": 48,