{
  "instance": "inst_set1a_sf1_nc2.1_n20_m30_00",
  "results": {
    "HRPW*": {
      "makespan": 110,
      "execution_time": 0.00039696693420410156,
      "schedule": {
        "1": [
          0,
          0
        ],
        "4": [
          0,
          10
        ],
        "3": [
          10,
          13
        ],
        "8": [
          13,
          14
        ],
        "10": [
          14,
          24
        ],
        "2": [
          24,
          32
        ],
        "6": [
          32,
          33
        ],
        "13": [
          33,
          39
        ],
        "9": [
          39,
          44
        ],
        "5": [
          44,
          47
        ],
        "12": [
          47,
          54
        ],
        "14": [
          54,
          55
        ],
        "17": [
          55,
          61
        ],
        "18": [
          61,
          71
        ],
        "7": [
          71,
          79
        ],
        "16": [
          79,
          80
        ],
        "11": [
          80,
          85
        ],
        "21": [
          85,
          95
        ],
        "19": [
          95,
          104
        ],
        "15": [
          104,
          105
        ],
        "20": [
          105,
          110
        ],
        "22": [
          110,
          110
        ]
      },
      "activity_order": [
        1,
        4,
        3,
        8,
        10,
        2,
        6,
        13,
        9,
        5,
        12,
        14,
        17,
        18,
        7,
        16,
        11,
        21,
        19,
        15,
        20,
        22
      ]
    },
    "LST": {
      "makespan": 110,
      "execution_time": 0.00034809112548828125,
      "schedule": {
        "1": [
          0,
          0
        ],
        "4": [
          0,
          10
        ],
        "3": [
          10,
          13
        ],
        "8": [
          13,
          14
        ],
        "10": [
          14,
          24
        ],
        "2": [
          24,
          32
        ],
        "6": [
          32,
          33
        ],
        "13": [
          33,
          39
        ],
        "9": [
          39,
          44
        ],
        "5": [
          44,
          47
        ],
        "12": [
          47,
          54
        ],
        "14": [
          54,
          55
        ],
        "17": [
          55,
          61
        ],
        "18": [
          61,
          71
        ],
        "7": [
          71,
          79
        ],
        "16": [
          79,
          80
        ],
        "11": [
          80,
          85
        ],
        "21": [
          85,
          95
        ],
        "19": [
          95,
          104
        ],
        "15": [
          104,
          105
        ],
        "20": [
          105,
          110
        ],
        "22": [
          110,
          110
        ]
      },
      "activity_order": [
        1,
        4,
        3,
        8,
        10,
        2,
        6,
        13,
        9,
        5,
        12,
        14,
        17,
        18,
        7,
        16,
        11,
        21,
        19,
        15,
        20,
        22
      ]
    },
    "LFT": {
      "makespan": 110,
      "execution_time": 0.0003452301025390625,
      "schedule": {
        "1": [
          0,
          0
        ],
        "4": [
          0,
          10
        ],
        "3": [
          10,
          13
        ],
        "8": [
          13,
          14
        ],
        "6": [
          14,
          15
        ],
        "9": [
          15,
          20
        ],
        "10": [
          20,
          30
        ],
        "13": [
          30,
          36
        ],
        "2": [
          36,
          44
        ],
        "5": [
          44,
          47
        ],
        "14": [
          47,
          48
        ],
        "12": [
          48,
          55
        ],
        "17": [
          55,
          61
        ],
        "7": [
          61,
          69
        ],
        "16": [
          69,
          70
        ],
        "18": [
          70,
          80
        ],
        "11": [
          80,
          85
        ],
        "15": [
          85,
          86
        ],
        "19": [
          86,
          95
        ],
        "20": [
          95,
          100
        ],
        "21": [
          100,
          110
        ],
        "22": [
          110,
          110
        ]
      },
      "activity_order": [
        1,
        4,
        3,
        8,
        6,
        9,
        10,
        13,
        2,
        5,
        14,
        12,
        17,
        7,
        16,
        18,
        11,
        15,
        19,
        20,
        21,
        22
      ]
    },
    "MTS": {
      "makespan": 110,
      "execution_time": 0.0003578662872314453,
      "schedule": {
        "1": [
          0,
          0
        ],
        "4": [
          0,
          10
        ],
        "8": [
          10,
          11
        ],
        "3": [
          11,
          14
        ],
        "6": [
          14,
          15
        ],
        "13": [
          15,
          21
        ],
        "5": [
          21,
          24
        ],
        "2": [
          24,
          32
        ],
        "14": [
          32,
          33
        ],
        "9": [
          33,
          38
        ],
        "10": [
          38,
          48
        ],
        "12": [
          48,
          55
        ],
        "17": [
          55,
          61
        ],
        "7": [
          61,
          69
        ],
        "16": [
          69,
          70
        ],
        "18": [
          70,
          80
        ],
        "11": [
          80,
          85
        ],
        "15": [
          85,
          86
        ],
        "19": [
          86,
          95
        ],
        "20": [
          95,
          100
        ],
        "21": [
          100,
          110
        ],
        "22": [
          110,
          110
        ]
      },
      "activity_order": [
        1,
        4,
        8,
        3,
        6,
        13,
        5,
        2,
        14,
        9,
        10,
        12,
        17,
        7,
        16,
        18,
        11,
        15,
        19,
        20,
        21,
        22
      ]
    },
    "TIMROS": {
      "makespan": 110,
      "execution_time": 0.0003364086151123047,
      "schedule": {
        "1": [
          0,
          0
        ],
        "4": [
          0,
          10
        ],
        "2": [
          10,
          18
        ],
        "3": [
          18,
          21
        ],
        "5": [
          21,
          24
        ],
        "6": [
          24,
          25
        ],
        "7": [
          25,
          33
        ],
        "9": [
          33,
          38
        ],
        "8": [
          38,
          39
        ],
        "10": [
          39,
          49
        ],
        "12": [
          49,
          56
        ],
        "13": [
          56,
          62
        ],
        "11": [
          62,
          67
        ],
        "14": [
          67,
          68
        ],
        "17": [
          68,
          74
        ],
        "18": [
          74,
          84
        ],
        "15": [
          84,
          85
        ],
        "20": [
          85,
          90
        ],
        "16": [
          90,
          91
        ],
        "21": [
          91,
          101
        ],
        "19": [
          101,
          110
        ],
        "22": [
          110,
          110
        ]
      },