{
  "instance": "inst_set1a_sf0_nc2.1_n20_m20_02",
  "results": {
    "HRPW*": {
      "makespan": 67,
      "execution_time": 0.00041985511779785156,
      "schedule": {
        "1": [
          0,
          0
        ],
        "2": [
          0,
          10
        ],
        "3": [
          0,
          8
        ],
        "5": [
          10,
          19
        ],
        "6": [
          10,
          19
        ],
        "4": [
          0,
          6
        ],
        "7": [
          19,
          21
        ],
        "10": [
          19,
          25
        ],
        "11": [
          21,
          25
        ],
        "12": [
          25,
          31
        ],
        "15": [
          31,
          40
        ],
        "8": [
          21,
          26
        ],
        "9": [
          26,
          31
        ],
        "14": [
          31,
          34
        ],
        "16": [
          34,
          37
        ],
        "18": [
          40,
          50
        ],
        "13": [
          31,
          39
        ],
        "17": [
          40,
          48
        ],
        "20": [
          50,
          59
        ],
        "19": [
          59,
          67
        ],
        "21": [
          48,
          53
        ],
        "22": [
          67,
          67
        ]
      },
      "activity_order": [
        1,
        2,
        3,
        5,
        6,
        4,
        7,
        10,
        11,
        12,
        15,
        8,
        9,
        14,
        16,
        18,
        13,
        17,
        20,
        19,
        21,
        22
      ]
    },
    "LST": {
      "makespan": 67,
      "execution_time": 0.00033593177795410156,
      "schedule": {
        "1": [
          0,
          0
        ],
        "2": [
          0,
          10
        ],
        "3": [
          0,
          8
        ],
        "5": [
          10,
          19
        ],
        "6": [
          10,
          19
        ],
        "4": [
          0,
          6
        ],
        "7": [
          19,
          21
        ],
        "10": [
          19,
          25
        ],
        "11": [
          21,
          25
        ],
        "12": [
          25,
          31
        ],
        "15": [
          31,
          40
        ],
        "8": [
          21,
          26
        ],
        "9": [
          26,
          31
        ],
        "14": [
          31,
          34
        ],
        "16": [
          34,
          37
        ],
        "18": [
          40,
          50
        ],
        "13": [
          31,
          39
        ],
        "17": [
          40,
          48
        ],
        "20": [
          50,
          59
        ],
        "19": [
          59,
          67
        ],
        "21": [
          48,
          53
        ],
        "22": [
          67,
          67
        ]
      },
      "activity_order": [
        1,
        2,
        3,
        5,
        6,
        4,
        7,
        10,
        11,
        12,
        15,
        8,
        9,
        14,
        16,
        18,
        13,
        17,
        20,
        19,
        21,
        22
      ]
    },
    "LFT": {
      "makespan": 69,
      "execution_time": 0.0003483295440673828,
      "schedule": {
        "1": [
          0,
          0
        ],
        "2": [
          0,
          10
        ],
        "3": [
          0,
          8
        ],
        "4": [
          0,
          6
        ],
        "5": [
          10,
          19
        ],
        "6": [
          10,
          19
        ],
        "7": [
          19,
          21
        ],
        "10": [
          19,
          25
        ],
        "11": [
          21,
          25
        ],
        "8": [
          21,
          26
        ],
        "12": [
          25,
          31
        ],
        "14": [
          31,
          34
        ],
        "15": [
          31,
          40
        ],
        "16": [
          34,
          37
        ],
        "9": [
          37,
          42
        ],
        "13": [
          42,
          50
        ],
        "18": [
          42,
          52
        ],
        "17": [
          42,
          50
        ],
        "19": [
          52,
          60
        ],
        "20": [
          60,
          69
        ],
        "21": [
          50,
          55
        ],
        "22": [
          69,
          69
        ]
      },
      "activity_order": [
        1,
        2,
        3,
        4,
        5,
        6,
        7,
        10,
        11,
        8,
        12,
        14,
        15,
        16,
        9,
        13,
        18,
        17,
        19,
        20,
        21,
        22
      ]
    },
    "MTS": {
      "makespan": 67,
      "execution_time": 0.000354766845703125,
      "schedule": {
        "1": [
          0,
          0
        ],
        "2": [
          0,
          10
        ],
        "3": [
          0,
          8
        ],
        "4": [
          0,
          6
        ],
        "6": [
          10,
          19
        ],
        "5": [
          10,
          19
        ],
        "7": [
          19,
          21
        ],
        "11": [
          21,
          25
        ],
        "8": [
          21,
          26
        ],
        "10": [
          19,
          25
        ],
        "9": [
          26,
          31
        ],
        "12": [
          25,
          31
        ],
        "15": [
          31,
          40
        ],
        "14": [
          31,
          34
        ],
        "16": [
          34,
          37
        ],
        "13": [
          31,
          39
        ],
        "17": [
          40,
          48
        ],
        "18": [
          40,
          50
        ],
        "19": [
          50,
          58
        ],
        "20": [
          58,
          67
        ],
        "21": [
          48,
          53
        ],
        "22": [
          67,
          67
        ]
      },
      "activity_order": [
        1,
        2,
        3,
        4,
        6,
        5,
        7,
        11,
        8,
        10,
        9,
        12,
        15,
        14,
        16,
        13,
        17,
        18,
        19,
        20,
        21,
        22
      ]
    },
    "TIMROS": {
      "makespan": 82,
      "execution_time": 0.00035452842712402344,
      "schedule": {
        "1": [
          0,
          0
        ],
        "2": [
          0,
          10
        ],
        "6": [
          10,
          19
        ],
        "3": [
          0,
          8
        ],
        "5": [
          10,
          19
        ],
        "9": [
          19,
          24
        ],
        "4": [
          0,
          6
        ],
        "10": [
          19,
          25
        ],
        "12": [
          25,
          31
        ],
        "8": [
          24,
          29
        ],
        "7": [
          29,
          31
        ],
        "11": [
          31,
          35
        ],
        "15": [
          35,
          44
        ],
        "17": [
          44,
          52
        ],
        "14": [
          31,
          34
        ],
        "21": [
          52,
          57
        ],
        "13": [
          57,
          65
        ],
        "16": [
          34,
          37
        ],
        "18": [
          44,
          54
        ],
        "20": [
          65,
          74
        ],
        "19": [
          74,
          82
        ],
        "22": [
          82,
          82
        ]
      },
      "activity_order": [
        1,
        2,
        6,
        3,
        5,
        9,
        4,
        10,
        12,
        8,
        7,
        11,
        15,
        17,
        14,
        21,
        13,
        16,
        18,
        20,
        19,
        22
      ]
    },
    "HRU1": {
      "makespan": 69,