{
  "instance": "inst_set1a_sf0.75_nc1.5_n20_m10_05",
  "results": {
    "HRPW*": {
      "makespan": 88,
      "execution_time": 0.00014472007751464844,
      "schedule": {
        "1": [
          0,
          0
        ],
        "4": [
          0,
          6
        ],
        "6": [
          6,
          10
        ],
        "8": [
          10,
          17
        ],
        "10": [
          17,
          21
        ],
        "13": [
          21,
          24
        ],
        "16": [
          24,
          33
        ],
        "14": [
          24,
          32
        ],
        "3": [
          33,
          36
        ],
        "5": [
          36,
          45
        ],
        "11": [
          45,
          55
        ],
        "17": [
          55,
          64
        ],
        "2": [
          32,
          37
        ],
        "7": [
          64,
          66
        ],
        "12": [
          66,
          67
        ],
        "18": [
          67,
          72
        ],
        "15": [
          72,
          75
        ],
        "21": [
          75,
          82
        ],
        "9": [
          82,
          83
        ],
        "20": [
          83,
          88
        ],
        "19": [
          72,
          76
        ],
        "22": [
          88,
          88
        ]
      },
      "activity_order": [
        1,
        4,
        6,
        8,
        10,
        13,
        16,
        14,
        3,
        5,
        11,
        17,
        2,
        7,
        12,
        18,
        15,
        21,
        9,
        20,
        19,
        22
      ]
    },
    "LST": {
      "makespan": 88,
      "execution_time": 0.0001804828643798828,
      "schedule": {
        "1": [
          0,
          0
        ],
        "4": [
          0,
          6
        ],
        "6": [
          6,
          10
        ],
        "8": [
          10,
          17
        ],
        "10": [
          17,
          21
        ],
        "13": [
          21,
          24
        ],
        "16": [
          24,
          33
        ],
        "14": [
          24,
          32
        ],
        "3": [
          33,
          36
        ],
        "5": [
          36,
          45
        ],
        "11": [
          45,
          55
        ],
        "17": [
          55,
          64
        ],
        "2": [
          32,
          37
        ],
        "7": [
          64,
          66
        ],
        "12": [
          66,
          67
        ],
        "18": [
          67,
          72
        ],
        "15": [
          72,
          75
        ],
        "21": [
          75,
          82
        ],
        "9": [
          82,
          83
        ],
        "20": [
          83,
          88
        ],
        "19": [
          72,
          76
        ],
        "22": [
          88,
          88
        ]
      },
      "activity_order": [
        1,
        4,
        6,
        8,
        10,
        13,
        16,
        14,
        3,
        5,
        11,
        17,
        2,
        7,
        12,
        18,
        15,
        21,
        9,
        20,
        19,
        22
      ]
    },
    "LFT": {
      "makespan": 88,
      "execution_time": 0.00014543533325195312,
      "schedule": {
        "1": [
          0,
          0
        ],
        "4": [
          0,
          6
        ],
        "6": [
          6,
          10
        ],
        "8": [
          10,
          17
        ],
        "10": [
          17,
          21
        ],
        "13": [
          21,
          24
        ],
        "3": [
          24,
          27
        ],
        "14": [
          24,
          32
        ],
        "16": [
          27,
          36
        ],
        "5": [
          36,
          45
        ],
        "2": [
          32,
          37
        ],
        "12": [
          45,
          46
        ],
        "7": [
          46,
          48
        ],
        "11": [
          48,
          58
        ],
        "9": [
          58,
          59
        ],
        "15": [
          59,
          62
        ],
        "17": [
          62,
          71
        ],
        "18": [
          71,
          76
        ],
        "19": [
          76,
          80
        ],
        "20": [
          76,
          81
        ],
        "21": [
          81,
          88
        ],
        "22": [
          88,
          88
        ]
      },
      "activity_order": [
        1,
        4,
        6,
        8,
        10,
        13,
        3,
        14,
        16,
        5,
        2,
        12,
        7,
        11,
        9,
        15,
        17,
        18,
        19,
        20,
        21,
        22
      ]
    },
    "MTS": {
      "makespan": 85,
      "execution_time": 0.00014162063598632812,
      "schedule": {
        "1": [
          0,
          0
        ],
        "4": [
          0,
          6
        ],
        "6": [
          6,
          10
        ],
        "8": [
          10,
          17
        ],
        "2": [
          17,
          22
        ],
        "3": [
          10,
          13
        ],
        "10": [
          17,
          21
        ],
        "13": [
          21,
          24
        ],
        "14": [
          24,
          32
        ],
        "16": [
          24,
          33
        ],
        "5": [
          33,
          42
        ],
        "12": [
          42,
          43
        ],
        "17": [
          43,
          52
        ],
        "7": [
          52,
          54
        ],
        "9": [
          54,
          55
        ],
        "11": [
          55,
          65
        ],
        "15": [
          65,
          68
        ],
        "18": [
          68,
          73
        ],
        "19": [
          73,
          77
        ],
        "20": [
          73,
          78
        ],
        "21": [
          78,
          85
        ],
        "22": [
          85,
          85
        ]
      },
      "activity_order": [
        1,
        4,
        6,
        8,
        2,
        3,
        10,
        13,
        14,
        16,
        5,
        12,
        17,
        7,
        9,
        11,
        15,
        18,
        19,
        20,
        21,
        22
      ]
    },
    "TIMROS": {
      "makespan": 96,
      "execution_time": 0.00018072128295898438,
      "schedule": {
        "1": [
          0,
          0
        ],
        "4": [
          0,
          6
        ],
        "2": [
          0,
          5
        ],
        "6": [
          6,
          10
        ],
        "8": [
          10,
          17
        ],
        "18": [
          17,
          22
        ],
        "10": [
          22,
          26
        ],
        "16": [
          26,
          35
        ],
        "3": [
          35,
          38
        ],
        "11": [
          38,
          48
        ],
        "5": [
          48,
          57
        ],
        "13": [
          57,
          60
        ],
        "14": [
          60,
          68
        ],
        "17": [
          68,
          77
        ],
        "19": [
          77,
          81
        ],
        "7": [
          77,
          79
        ],
        "21": [
          79,
          86
        ],
        "9": [
          86,
          87
        ],
        "12": [
          87,
          88
        ],
        "15": [
          88,
          91
        ],
        "20": [
          91,
          96
        ],
        "22": [
          96,
          96
        ]
      },
      "activity_order": [
        1,
        4,
        2,
        6,
        8,
        18,
        10,
        16,
        3,
        11,
        5,
        13,
        14,
        17,
        19,
        7,
        21,
        9,
        12,
        15,
        20,
        22
      ]
    },