{
  "instance": "inst_set1a_sf0_nc2.1_n20_m25_04",
  "results": {
    "HRPW*": {
      "makespan": 55,
      "execution_time": 0.0005633831024169922,
      "schedule": {
        "1": [
          0,
          0
        ],
        "2": [
          0,
          10
        ],
        "5": [
          10,
          18
        ],
        "4": [
          0,
          3
        ],
        "6": [
          3,
          13
        ],
        "8": [
          18,
          27
        ],
        "7": [
          13,
          23
        ],
        "3": [
          3,
          6
        ],
        "10": [
          27,
          29
        ],
        "12": [
          29,
          37
        ],
        "11": [
          23,
          27
        ],
        "9": [
          37,
          44
        ],
        "13": [
          37,
          44
        ],
        "14": [
          29,
          34
        ],
        "15": [
          44,
          45
        ],
        "18": [
          29,
          31
        ],
        "16": [
          45,
          52
        ],
        "17": [
          45,
          52
        ],
        "21": [
          45,
          52
        ],
        "20": [
          52,
          55
        ],
        "19": [
          52,
          53
        ],
        "22": [
          55,
          55
        ]
      },
      "activity_order": [
        1,
        2,
        5,
        4,
        6,
        8,
        7,
        3,
        10,
        12,
        11,
        9,
        13,
        14,
        15,
        18,
        16,
        17,
        21,
        20,
        19,
        22
      ]
    },
    "LST": {
      "makespan": 55,
      "execution_time": 0.0004088878631591797,
      "schedule": {
        "1": [
          0,
          0
        ],
        "2": [
          0,
          10
        ],
        "5": [
          10,
          18
        ],
        "4": [
          0,
          3
        ],
        "6": [
          3,
          13
        ],
        "8": [
          18,
          27
        ],
        "7": [
          13,
          23
        ],
        "3": [
          3,
          6
        ],
        "10": [
          27,
          29
        ],
        "12": [
          29,
          37
        ],
        "11": [
          23,
          27
        ],
        "9": [
          37,
          44
        ],
        "13": [
          37,
          44
        ],
        "14": [
          29,
          34
        ],
        "15": [
          44,
          45
        ],
        "18": [
          29,
          31
        ],
        "16": [
          45,
          52
        ],
        "17": [
          45,
          52
        ],
        "21": [
          45,
          52
        ],
        "20": [
          52,
          55
        ],
        "19": [
          52,
          53
        ],
        "22": [
          55,
          55
        ]
      },
      "activity_order": [
        1,
        2,
        5,
        4,
        6,
        8,
        7,
        3,
        10,
        12,
        11,
        9,
        13,
        14,
        15,
        18,
        16,
        17,
        21,
        20,
        19,
        22
      ]
    },
    "LFT": {
      "makespan": 54,
      "execution_time": 0.0005080699920654297,
      "schedule": {
        "1": [
          0,
          0
        ],
        "2": [
          0,
          10
        ],
        "4": [
          0,
          3
        ],
        "5": [
          10,
          18
        ],
        "3": [
          3,
          6
        ],
        "6": [
          3,
          13
        ],
        "8": [
          18,
          27
        ],
        "7": [
          13,
          23
        ],
        "10": [
          27,
          29
        ],
        "11": [
          23,
          27
        ],
        "12": [
          29,
          37
        ],
        "9": [
          37,
          44
        ],
        "13": [
          37,
          44
        ],
        "14": [
          29,
          34
        ],
        "15": [
          44,
          45
        ],
        "18": [
          29,
          31
        ],
        "16": [
          45,
          52
        ],
        "17": [
          45,
          52
        ],
        "19": [
          52,
          53
        ],
        "20": [
          44,
          47
        ],
        "21": [
          47,
          54
        ],
        "22": [
          54,
          54
        ]
      },
      "activity_order": [
        1,
        2,
        4,
        5,
        3,
        6,
        8,
        7,
        10,
        11,
        12,
        9,
        13,
        14,
        15,
        18,
        16,
        17,
        19,
        20,
        21,
        22
      ]
    },
    "MTS": {
      "makespan": 53,
      "execution_time": 0.00035500526428222656,
      "schedule": {
        "1": [
          0,
          0
        ],
        "4": [
          0,
          3
        ],
        "2": [
          0,
          10
        ],
        "3": [
          3,
          6
        ],
        "5": [
          10,
          18
        ],
        "6": [
          3,
          13
        ],
        "7": [
          13,
          23
        ],
        "8": [
          18,
          27
        ],
        "10": [
          27,
          29
        ],
        "9": [
          23,
          30
        ],
        "11": [
          23,
          27
        ],
        "12": [
          30,
          38
        ],
        "14": [
          29,
          34
        ],
        "15": [
          38,
          39
        ],
        "13": [
          38,
          45
        ],
        "18": [
          29,
          31
        ],
        "16": [
          45,
          52
        ],
        "17": [
          45,
          52
        ],
        "19": [
          52,
          53
        ],
        "20": [
          38,
          41
        ],
        "21": [
          41,
          48
        ],
        "22": [
          53,
          53
        ]
      },
      "activity_order": [
        1,
        4,
        2,
        3,
        5,
        6,
        7,
        8,
        10,
        9,
        11,
        12,
        14,
        15,
        13,
        18,
        16,
        17,
        19,
        20,
        21,
        22
      ]
    },
    "TIMROS": {
      "makespan": 54,
      "execution_time": 0.00039124488830566406,
      "schedule": {
        "1": [
          0,
          0
        ],
        "2": [
          0,
          10
        ],
        "4": [
          0,
          3
        ],
        "6": [
          3,
          13
        ],
        "7": [
          13,
          23
        ],
        "11": [
          23,
          27
        ],
        "5": [
          10,
          18
        ],
        "8": [
          18,
          27
        ],
        "3": [
          3,
          6
        ],
        "9": [
          23,
          30
        ],
        "15": [
          30,
          31
        ],
        "10": [
          27,
          29
        ],
        "12": [
          31,
          39
        ],
        "13": [
          39,
          46
        ],
        "14": [
          29,
          34
        ],
        "16": [
          46,
          53
        ],
        "17": [
          46,
          53
        ],
        "20": [
          39,
          42
        ],
        "18": [
          42,
          44
        ],
        "21": [
          44,
          51
        ],
        "19": [
          53,
          54
        ],
        "22": [
          54,
          54
        ]
      },
      "activity_order": [
        1,
        2,
        4,
        6,
        7,
        11,
        5,
        8,
        3,
        9,
        15,
        10,
        12,
        13,
        14,
        16,
        17,
        20,
        18,
        21,
        19,
        22
      ]
    },
    "HRU1": {
      "makespan": 56,