{
  "instance": "inst_set1a_sf0.5_nc2.1_n20_m13_04",
  "results": {
    "HRPW*": {
      "makespan": 54,
      "execution_time": 0.0002117156982421875,
      "schedule": {
        "1": [
          0,
          0
        ],
        "2": [
          0,
          4
        ],
        "5": [
          4,
          8
        ],
        "3": [
          8,
          16
        ],
        "7": [
          16,
          25
        ],
        "4": [
          0,
          10
        ],
        "11": [
          10,
          18
        ],
        "13": [
          8,
          14
        ],
        "6": [
          25,
          29
        ],
        "9": [
          16,
          19
        ],
        "14": [
          25,
          31
        ],
        "10": [
          31,
          38
        ],
        "12": [
          38,
          42
        ],
        "15": [
          29,
          37
        ],
        "8": [
          37,
          40
        ],
        "17": [
          42,
          44
        ],
        "19": [
          44,
          54
        ],
        "18": [
          40,
          46
        ],
        "16": [
          44,
          46
        ],
        "21": [
          46,
          49
        ],
        "20": [
          49,
          51
        ],
        "22": [
          54,
          54
        ]
      },
      "activity_order": [
        1,
        2,
        5,
        3,
        7,
        4,
        11,
        13,
        6,
        9,
        14,
        10,
        12,
        15,
        8,
        17,
        19,
        18,
        16,
        21,
        20,
        22
      ]
    },
    "LST": {
      "makespan": 54,
      "execution_time": 0.00019121170043945312,
      "schedule": {
        "1": [
          0,
          0
        ],
        "2": [
          0,
          4
        ],
        "5": [
          4,
          8
        ],
        "3": [
          8,
          16
        ],
        "7": [
          16,
          25
        ],
        "4": [
          0,
          10
        ],
        "11": [
          10,
          18
        ],
        "13": [
          8,
          14
        ],
        "6": [
          25,
          29
        ],
        "9": [
          16,
          19
        ],
        "14": [
          25,
          31
        ],
        "10": [
          31,
          38
        ],
        "12": [
          38,
          42
        ],
        "15": [
          29,
          37
        ],
        "8": [
          37,
          40
        ],
        "17": [
          42,
          44
        ],
        "19": [
          44,
          54
        ],
        "18": [
          40,
          46
        ],
        "16": [
          44,
          46
        ],
        "21": [
          46,
          49
        ],
        "20": [
          49,
          51
        ],
        "22": [
          54,
          54
        ]
      },
      "activity_order": [
        1,
        2,
        5,
        3,
        7,
        4,
        11,
        13,
        6,
        9,
        14,
        10,
        12,
        15,
        8,
        17,
        19,
        18,
        16,
        21,
        20,
        22
      ]
    },
    "LFT": {
      "makespan": 51,
      "execution_time": 0.000186920166015625,
      "schedule": {
        "1": [
          0,
          0
        ],
        "2": [
          0,
          4
        ],
        "5": [
          4,
          8
        ],
        "3": [
          8,
          16
        ],
        "7": [
          16,
          25
        ],
        "11": [
          8,
          16
        ],
        "13": [
          8,
          14
        ],
        "6": [
          25,
          29
        ],
        "9": [
          16,
          19
        ],
        "4": [
          16,
          26
        ],
        "8": [
          29,
          32
        ],
        "12": [
          19,
          23
        ],
        "14": [
          25,
          31
        ],
        "10": [
          31,
          38
        ],
        "17": [
          38,
          40
        ],
        "15": [
          32,
          40
        ],
        "16": [
          40,
          42
        ],
        "18": [
          40,
          46
        ],
        "19": [
          40,
          50
        ],
        "20": [
          46,
          48
        ],
        "21": [
          48,
          51
        ],
        "22": [
          51,
          51
        ]
      },
      "activity_order": [
        1,
        2,
        5,
        3,
        7,
        11,
        13,
        6,
        9,
        4,
        8,
        12,
        14,
        10,
        17,
        15,
        16,
        18,
        19,
        20,
        21,
        22
      ]
    },
    "MTS": {
      "makespan": 59,
      "execution_time": 0.0001862049102783203,
      "schedule": {
        "1": [
          0,
          0
        ],
        "2": [
          0,
          4
        ],
        "5": [
          4,
          8
        ],
        "7": [
          8,
          17
        ],
        "3": [
          17,
          25
        ],
        "4": [
          0,
          10
        ],
        "6": [
          25,
          29
        ],
        "11": [
          10,
          18
        ],
        "13": [
          8,
          14
        ],
        "8": [
          29,
          32
        ],
        "9": [
          25,
          28
        ],
        "12": [
          28,
          32
        ],
        "10": [
          32,
          39
        ],
        "14": [
          39,
          45
        ],
        "15": [
          32,
          40
        ],
        "16": [
          45,
          47
        ],
        "17": [
          47,
          49
        ],
        "18": [
          40,
          46
        ],
        "19": [
          49,
          59
        ],
        "20": [
          49,
          51
        ],
        "21": [
          51,
          54
        ],
        "22": [
          59,
          59
        ]
      },
      "activity_order": [
        1,
        2,
        5,
        7,
        3,
        4,
        6,
        11,
        13,
        8,
        9,
        12,
        10,
        14,
        15,
        16,
        17,
        18,
        19,
        20,
        21,
        22
      ]
    },
    "TIMROS": {
      "makespan": 67,
      "execution_time": 0.00019216537475585938,
      "schedule": {
        "1": [
          0,
          0
        ],
        "3": [
          0,
          8
        ],
        "4": [
          0,
          10
        ],
        "2": [
          8,
          12
        ],
        "5": [
          12,
          16
        ],
        "7": [
          16,
          25
        ],
        "11": [
          16,
          24
        ],
        "12": [
          24,
          28
        ],
        "15": [
          25,
          33
        ],
        "9": [
          28,
          31
        ],
        "13": [
          31,
          37
        ],
        "14": [
          37,
          43
        ],
        "6": [
          33,
          37
        ],
        "10": [
          43,
          50
        ],
        "8": [
          37,
          40
        ],
        "18": [
          40,
          46
        ],
        "16": [
          50,
          52
        ],
        "21": [
          52,
          55
        ],
        "17": [
          55,
          57
        ],
        "19": [
          57,
          67
        ],
        "20": [
          57,
          59
        ],
        "22": [
          67,
          67
        ]
      },
      "activity_order": [
        1,
        3,
        4,
        2,
        5,
        7,
        11,
        12,
        15,
        9,
        13,
        14,
        6,
        10,
        8,
        18,
        16,
        21,
        17,
        19,
        20,
        22
      ]
    },
    "HRU1": {
      "makespan": 66,