{
  "instance": "inst_set1a_sf0.5_nc1.5_n20_m10_01",
  "results": {
    "HRPW*": {
      "makespan": 106,
      "execution_time": 0.0002498626708984375,
      "schedule": {
        "1": [
          0,
          0
        ],
        "4": [
          0,
          10
        ],
        "5": [
          10,
          17
        ],
        "2": [
          10,
          20
        ],
        "8": [
          20,
          28
        ],
        "3": [
          0,
          3
        ],
        "9": [
          28,
          32
        ],
        "7": [
          32,
          42
        ],
        "10": [
          42,
          50
        ],
        "11": [
          50,
          54
        ],
        "6": [
          54,
          60
        ],
        "12": [
          60,
          69
        ],
        "14": [
          50,
          56
        ],
        "13": [
          69,
          74
        ],
        "16": [
          56,
          64
        ],
        "18": [
          74,
          78
        ],
        "15": [
          60,
          63
        ],
        "17": [
          78,
          81
        ],
        "19": [
          81,
          91
        ],
        "20": [
          91,
          101
        ],
        "21": [
          101,
          106
        ],
        "22": [
          106,
          106
        ]
      },
      "activity_order": [
        1,
        4,
        5,
        2,
        8,
        3,
        9,
        7,
        10,
        11,
        6,
        12,
        14,
        13,
        16,
        18,
        15,
        17,
        19,
        20,
        21,
        22
      ]
    },
    "LST": {
      "makespan": 106,
      "execution_time": 0.00021529197692871094,
      "schedule": {
        "1": [
          0,
          0
        ],
        "4": [
          0,
          10
        ],
        "5": [
          10,
          17
        ],
        "2": [
          10,
          20
        ],
        "8": [
          20,
          28
        ],
        "3": [
          0,
          3
        ],
        "9": [
          28,
          32
        ],
        "7": [
          32,
          42
        ],
        "10": [
          42,
          50
        ],
        "11": [
          50,
          54
        ],
        "6": [
          54,
          60
        ],
        "12": [
          60,
          69
        ],
        "14": [
          50,
          56
        ],
        "13": [
          69,
          74
        ],
        "16": [
          56,
          64
        ],
        "18": [
          74,
          78
        ],
        "15": [
          60,
          63
        ],
        "17": [
          78,
          81
        ],
        "19": [
          81,
          91
        ],
        "20": [
          91,
          101
        ],
        "21": [
          101,
          106
        ],
        "22": [
          106,
          106
        ]
      },
      "activity_order": [
        1,
        4,
        5,
        2,
        8,
        3,
        9,
        7,
        10,
        11,
        6,
        12,
        14,
        13,
        16,
        18,
        15,
        17,
        19,
        20,
        21,
        22
      ]
    },
    "LFT": {
      "makespan": 106,
      "execution_time": 0.0002486705780029297,
      "schedule": {
        "1": [
          0,
          0
        ],
        "4": [
          0,
          10
        ],
        "5": [
          10,
          17
        ],
        "2": [
          10,
          20
        ],
        "8": [
          20,
          28
        ],
        "3": [
          0,
          3
        ],
        "9": [
          28,
          32
        ],
        "7": [
          32,
          42
        ],
        "10": [
          42,
          50
        ],
        "11": [
          50,
          54
        ],
        "6": [
          54,
          60
        ],
        "13": [
          60,
          65
        ],
        "14": [
          50,
          56
        ],
        "12": [
          65,
          74
        ],
        "15": [
          60,
          63
        ],
        "16": [
          56,
          64
        ],
        "17": [
          74,
          77
        ],
        "18": [
          77,
          81
        ],
        "19": [
          81,
          91
        ],
        "20": [
          91,
          101
        ],
        "21": [
          101,
          106
        ],
        "22": [
          106,
          106
        ]
      },
      "activity_order": [
        1,
        4,
        5,
        2,
        8,
        3,
        9,
        7,
        10,
        11,
        6,
        13,
        14,
        12,
        15,
        16,
        17,
        18,
        19,
        20,
        21,
        22
      ]
    },
    "MTS": {
      "makespan": 102,
      "execution_time": 0.00021791458129882812,
      "schedule": {
        "1": [
          0,
          0
        ],
        "4": [
          0,
          10
        ],
        "5": [
          10,
          17
        ],
        "2": [
          10,
          20
        ],
        "8": [
          20,
          28
        ],
        "11": [
          17,
          21
        ],
        "3": [
          21,
          24
        ],
        "9": [
          28,
          32
        ],
        "6": [
          32,
          38
        ],
        "7": [
          38,
          48
        ],
        "10": [
          48,
          56
        ],
        "13": [
          56,
          61
        ],
        "14": [
          56,
          62
        ],
        "12": [
          61,
          70
        ],
        "15": [
          38,
          41
        ],
        "16": [
          62,
          70
        ],
        "17": [
          70,
          73
        ],
        "18": [
          73,
          77
        ],
        "19": [
          77,
          87
        ],
        "20": [
          87,
          97
        ],
        "21": [
          97,
          102
        ],
        "22": [
          102,
          102
        ]
      },
      "activity_order": [
        1,
        4,
        5,
        2,
        8,
        11,
        3,
        9,
        6,
        7,
        10,
        13,
        14,
        12,
        15,
        16,
        17,
        18,
        19,
        20,
        21,
        22
      ]
    },
    "TIMROS": {
      "makespan": 112,
      "execution_time": 0.00021648406982421875,
      "schedule": {
        "1": [
          0,
          0
        ],
        "2": [
          0,
          10
        ],
        "4": [
          10,
          20
        ],
        "5": [
          20,
          27
        ],
        "8": [
          27,
          35
        ],
        "6": [
          27,
          33
        ],
        "15": [
          33,
          36
        ],
        "9": [
          35,
          39
        ],
        "10": [
          39,
          47
        ],
        "11": [
          47,
          51
        ],
        "16": [
          51,
          59
        ],
        "12": [
          51,
          60
        ],
        "20": [
          60,
          70
        ],
        "13": [
          70,
          75
        ],
        "21": [
          75,
          80
        ],
        "3": [
          80,
          83
        ],
        "7": [
          83,
          93
        ],
        "14": [
          93,
          99
        ],
        "18": [
          93,
          97
        ],
        "17": [
          99,
          102
        ],
        "19": [
          102,
          112
        ],
        "22": [
          112,
          112
        ]
      },