{
  "instance": "inst_set1a_sf0.5_nc2.1_n20_m15_01",
  "results": {
    "HRPW*": {
      "makespan": 105,
      "execution_time": 7.987022399902344e-05,
      "schedule": {
        "1": [
          0,
          0
        ],
        "3": [
          0,
          9
        ],
        "4": [
          9,
          16
        ],
        "2": [
          16,
          20
        ],
        "8": [
          20,
          26
        ],
        "9": [
          26,
          27
        ],
        "5": [
          27,
          37
        ],
        "13": [
          37,
          45
        ],
        "14": [
          45,
          51
        ],
        "11": [
          51,
          60
        ],
        "6": [
          60,
          61
        ],
        "15": [
          61,
          71
        ],
        "17": [
          71,
          77
        ],
        "7": [
          77,
          81
        ],
        "10": [
          81,
          83
        ],
        "16": [
          83,
          85
        ],
        "18": [
          85,
          88
        ],
        "12": [
          88,
          89
        ],
        "21": [
          89,
          96
        ],
        "19": [
          96,
          101
        ],
        "20": [
          101,
          105
        ],
        "22": [
          105,
          105
        ]
      },
      "activity_order": [
        1,
        3,
        4,
        2,
        8,
        9,
        5,
        13,
        14,
        11,
        6,
        15,
        17,
        7,
        10,
        16,
        18,
        12,
        21,
        19,
        20,
        22
      ]
    },
    "LST": {
      "makespan": 105,
      "execution_time": 7.843971252441406e-05,
      "schedule": {
        "1": [
          0,
          0
        ],
        "3": [
          0,
          9
        ],
        "4": [
          9,
          16
        ],
        "2": [
          16,
          20
        ],
        "8": [
          20,
          26
        ],
        "9": [
          26,
          27
        ],
        "5": [
          27,
          37
        ],
        "13": [
          37,
          45
        ],
        "14": [
          45,
          51
        ],
        "11": [
          51,
          60
        ],
        "6": [
          60,
          61
        ],
        "15": [
          61,
          71
        ],
        "17": [
          71,
          77
        ],
        "7": [
          77,
          81
        ],
        "10": [
          81,
          83
        ],
        "16": [
          83,
          85
        ],
        "18": [
          85,
          88
        ],
        "12": [
          88,
          89
        ],
        "21": [
          89,
          96
        ],
        "19": [
          96,
          101
        ],
        "20": [
          101,
          105
        ],
        "22": [
          105,
          105
        ]
      },
      "activity_order": [
        1,
        3,
        4,
        2,
        8,
        9,
        5,
        13,
        14,
        11,
        6,
        15,
        17,
        7,
        10,
        16,
        18,
        12,
        21,
        19,
        20,
        22
      ]
    },
    "LFT": {
      "makespan": 105,
      "execution_time": 6.508827209472656e-05,
      "schedule": {
        "1": [
          0,
          0
        ],
        "2": [
          0,
          4
        ],
        "3": [
          4,
          13
        ],
        "4": [
          13,
          20
        ],
        "9": [
          20,
          21
        ],
        "8": [
          21,
          27
        ],
        "6": [
          27,
          28
        ],
        "13": [
          28,
          36
        ],
        "14": [
          36,
          42
        ],
        "5": [
          42,
          52
        ],
        "10": [
          52,
          54
        ],
        "16": [
          54,
          56
        ],
        "7": [
          56,
          60
        ],
        "11": [
          60,
          69
        ],
        "12": [
          69,
          70
        ],
        "17": [
          70,
          76
        ],
        "18": [
          76,
          79
        ],
        "15": [
          79,
          89
        ],
        "19": [
          89,
          94
        ],
        "20": [
          94,
          98
        ],
        "21": [
          98,
          105
        ],
        "22": [
          105,
          105
        ]
      },
      "activity_order": [
        1,
        2,
        3,
        4,
        9,
        8,
        6,
        13,
        14,
        5,
        10,
        16,
        7,
        11,
        12,
        17,
        18,
        15,
        19,
        20,
        21,
        22
      ]
    },
    "MTS": {
      "makespan": 105,
      "execution_time": 5.030632019042969e-05,
      "schedule": {
        "1": [
          0,
          0
        ],
        "2": [
          0,
          4
        ],
        "3": [
          4,
          13
        ],
        "4": [
          13,
          20
        ],
        "9": [
          20,
          21
        ],
        "8": [
          21,
          27
        ],
        "14": [
          27,
          33
        ],
        "5": [
          33,
          43
        ],
        "6": [
          43,
          44
        ],
        "10": [
          44,
          46
        ],
        "16": [
          46,
          48
        ],
        "7": [
          48,
          52
        ],
        "11": [
          52,
          61
        ],
        "13": [
          61,
          69
        ],
        "18": [
          69,
          72
        ],
        "12": [
          72,
          73
        ],
        "15": [
          73,
          83
        ],
        "17": [
          83,
          89
        ],
        "19": [
          89,
          94
        ],
        "20": [
          94,
          98
        ],
        "21": [
          98,
          105
        ],
        "22": [
          105,
          105
        ]
      },
      "activity_order": [
        1,
        2,
        3,
        4,
        9,
        8,
        14,
        5,
        6,
        10,
        16,
        7,
        11,
        13,
        18,
        12,
        15,
        17,
        19,
        20,
        21,
        22
      ]
    },
    "TIMROS": {
      "makespan": 105,
      "execution_time": 4.458427429199219e-05,
      "schedule": {
        "1": [
          0,
          0
        ],
        "4": [
          0,
          7
        ],
        "3": [
          7,
          16
        ],
        "5": [
          16,
          26
        ],
        "2": [
          26,
          30
        ],
        "14": [
          30,
          36
        ],
        "7": [
          36,
          40
        ],
        "8": [
          40,
          46
        ],
        "10": [
          46,
          48
        ],
        "6": [
          48,
          49
        ],
        "17": [
          49,
          55
        ],
        "9": [
          55,
          56
        ],
        "11": [
          56,
          65
        ],
        "13": [
          65,
          73
        ],
        "15": [
          73,
          83
        ],
        "16": [
          83,
          85
        ],
        "20": [
          85,
          89
        ],
        "18": [
          89,
          92
        ],
        "19": [
          92,
          97
        ],
        "12": [
          97,
          98
        ],
        "21": [
          98,
          105
        ],
        "22": [
          105,
          105
        ]
      },
      "activity_order": [
        1,
        4,
        3,
        5,
        2,
        14,
        7,
        8,
        10,
        6,
        17,
        9,
        11,
        13,
        15,
        16,
        20,
        18,
        19,
        12,
        21,
        22
      ]
    },