{
  "instance": "inst_set1a_sf0.75_nc1.8_n20_m25_04",
  "results": {
    "HRPW*": {
      "makespan": 59,
      "execution_time": 0.0003821849822998047,
      "schedule": {
        "1": [
          0,
          0
        ],
        "3": [
          0,
          3
        ],
        "7": [
          3,
          5
        ],
        "8": [
          5,
          11
        ],
        "2": [
          0,
          5
        ],
        "10": [
          11,
          14
        ],
        "11": [
          14,
          23
        ],
        "4": [
          5,
          6
        ],
        "12": [
          11,
          19
        ],
        "6": [
          14,
          16
        ],
        "17": [
          23,
          31
        ],
        "15": [
          31,
          37
        ],
        "16": [
          37,
          41
        ],
        "18": [
          41,
          49
        ],
        "5": [
          19,
          21
        ],
        "14": [
          23,
          28
        ],
        "13": [
          41,
          51
        ],
        "21": [
          49,
          59
        ],
        "9": [
          28,
          31
        ],
        "20": [
          51,
          53
        ],
        "19": [
          41,
          42
        ],
        "22": [
          59,
          59
        ]
      },
      "activity_order": [
        1,
        3,
        7,
        8,
        2,
        10,
        11,
        4,
        12,
        6,
        17,
        15,
        16,
        18,
        5,
        14,
        13,
        21,
        9,
        20,
        19,
        22
      ]
    },
    "LST": {
      "makespan": 59,
      "execution_time": 0.0003829002380371094,
      "schedule": {
        "1": [
          0,
          0
        ],
        "3": [
          0,
          3
        ],
        "7": [
          3,
          5
        ],
        "8": [
          5,
          11
        ],
        "2": [
          0,
          5
        ],
        "10": [
          11,
          14
        ],
        "11": [
          14,
          23
        ],
        "4": [
          5,
          6
        ],
        "12": [
          11,
          19
        ],
        "6": [
          14,
          16
        ],
        "17": [
          23,
          31
        ],
        "15": [
          31,
          37
        ],
        "16": [
          37,
          41
        ],
        "18": [
          41,
          49
        ],
        "5": [
          19,
          21
        ],
        "14": [
          23,
          28
        ],
        "13": [
          41,
          51
        ],
        "21": [
          49,
          59
        ],
        "9": [
          28,
          31
        ],
        "20": [
          51,
          53
        ],
        "19": [
          41,
          42
        ],
        "22": [
          59,
          59
        ]
      },
      "activity_order": [
        1,
        3,
        7,
        8,
        2,
        10,
        11,
        4,
        12,
        6,
        17,
        15,
        16,
        18,
        5,
        14,
        13,
        21,
        9,
        20,
        19,
        22
      ]
    },
    "LFT": {
      "makespan": 49,
      "execution_time": 0.00039577484130859375,
      "schedule": {
        "1": [
          0,
          0
        ],
        "3": [
          0,
          3
        ],
        "7": [
          3,
          5
        ],
        "8": [
          5,
          11
        ],
        "2": [
          0,
          5
        ],
        "10": [
          11,
          14
        ],
        "4": [
          5,
          6
        ],
        "6": [
          14,
          16
        ],
        "11": [
          14,
          23
        ],
        "12": [
          11,
          19
        ],
        "15": [
          11,
          17
        ],
        "16": [
          19,
          23
        ],
        "17": [
          23,
          31
        ],
        "5": [
          19,
          21
        ],
        "14": [
          23,
          28
        ],
        "18": [
          31,
          39
        ],
        "9": [
          28,
          31
        ],
        "13": [
          31,
          41
        ],
        "19": [
          31,
          32
        ],
        "20": [
          41,
          43
        ],
        "21": [
          39,
          49
        ],
        "22": [
          49,
          49
        ]
      },
      "activity_order": [
        1,
        3,
        7,
        8,
        2,
        10,
        4,
        6,
        11,
        12,
        15,
        16,
        17,
        5,
        14,
        18,
        9,
        13,
        19,
        20,
        21,
        22
      ]
    },
    "MTS": {
      "makespan": 49,
      "execution_time": 0.00037598609924316406,
      "schedule": {
        "1": [
          0,
          0
        ],
        "3": [
          0,
          3
        ],
        "7": [
          3,
          5
        ],
        "8": [
          5,
          11
        ],
        "2": [
          0,
          5
        ],
        "4": [
          5,
          6
        ],
        "10": [
          11,
          14
        ],
        "6": [
          14,
          16
        ],
        "11": [
          14,
          23
        ],
        "12": [
          11,
          19
        ],
        "5": [
          19,
          21
        ],
        "15": [
          11,
          17
        ],
        "16": [
          19,
          23
        ],
        "17": [
          23,
          31
        ],
        "9": [
          23,
          26
        ],
        "13": [
          31,
          41
        ],
        "14": [
          26,
          31
        ],
        "18": [
          31,
          39
        ],
        "19": [
          31,
          32
        ],
        "20": [
          41,
          43
        ],
        "21": [
          39,
          49
        ],
        "22": [
          49,
          49
        ]
      },
      "activity_order": [
        1,
        3,
        7,
        8,
        2,
        4,
        10,
        6,
        11,
        12,
        5,
        15,
        16,
        17,
        9,
        13,
        14,
        18,
        19,
        20,
        21,
        22
      ]
    },
    "TIMROS": {
      "makespan": 63,
      "execution_time": 0.0007643699645996094,
      "schedule": {
        "1": [
          0,
          0
        ],
        "2": [
          0,
          5
        ],
        "5": [
          5,
          7
        ],
        "14": [
          7,
          12
        ],
        "3": [
          0,
          3
        ],
        "13": [
          3,
          13
        ],
        "7": [
          13,
          15
        ],
        "8": [
          15,
          21
        ],
        "9": [
          15,
          18
        ],
        "10": [
          21,
          24
        ],
        "11": [
          24,
          33
        ],
        "4": [
          15,
          16
        ],
        "12": [
          21,
          29
        ],
        "15": [
          21,
          27
        ],
        "6": [
          24,
          26
        ],
        "17": [
          33,
          41
        ],
        "16": [
          41,
          45
        ],
        "18": [
          45,
          53
        ],
        "21": [
          53,
          63
        ],
        "19": [
          45,
          46
        ],
        "20": [
          45,
          47
        ],
        "22": [
          63,
          63
        ]
      },
      "activity_order": [
        1,
        2,
        5,
        14,
        3,
        13,
        7,
        8,
        9,
        10,
        11,
        4,
        12,
        15,
        6,
        17,
        16,
        18,
        21,
        19,
        20,
        22
      ]
    },
    "HRU1": {
      "makespan": 52,