{
  "instance": "inst_set1a_sf0.5_nc1.8_n20_m15_00",
  "results": {
    "HRPW*": {
      "makespan": 101,
      "execution_time": 4.673004150390625e-05,
      "schedule": {
        "1": [
          0,
          0
        ],
        "3": [
          0,
          1
        ],
        "6": [
          1,
          8
        ],
        "2": [
          8,
          10
        ],
        "5": [
          10,
          12
        ],
        "8": [
          12,
          19
        ],
        "12": [
          19,
          24
        ],
        "4": [
          24,
          32
        ],
        "10": [
          32,
          33
        ],
        "14": [
          33,
          40
        ],
        "16": [
          40,
          49
        ],
        "13": [
          49,
          54
        ],
        "7": [
          54,
          61
        ],
        "9": [
          61,
          63
        ],
        "15": [
          63,
          64
        ],
        "18": [
          64,
          72
        ],
        "11": [
          72,
          79
        ],
        "17": [
          79,
          84
        ],
        "19": [
          84,
          92
        ],
        "21": [
          92,
          97
        ],
        "20": [
          97,
          101
        ],
        "22": [
          101,
          101
        ]
      },
      "activity_order": [
        1,
        3,
        6,
        2,
        5,
        8,
        12,
        4,
        10,
        14,
        16,
        13,
        7,
        9,
        15,
        18,
        11,
        17,
        19,
        21,
        20,
        22
      ]
    },
    "LST": {
      "makespan": 101,
      "execution_time": 3.910064697265625e-05,
      "schedule": {
        "1": [
          0,
          0
        ],
        "3": [
          0,
          1
        ],
        "6": [
          1,
          8
        ],
        "2": [
          8,
          10
        ],
        "5": [
          10,
          12
        ],
        "8": [
          12,
          19
        ],
        "12": [
          19,
          24
        ],
        "4": [
          24,
          32
        ],
        "10": [
          32,
          33
        ],
        "14": [
          33,
          40
        ],
        "16": [
          40,
          49
        ],
        "13": [
          49,
          54
        ],
        "7": [
          54,
          61
        ],
        "9": [
          61,
          63
        ],
        "15": [
          63,
          64
        ],
        "18": [
          64,
          72
        ],
        "11": [
          72,
          79
        ],
        "17": [
          79,
          84
        ],
        "19": [
          84,
          92
        ],
        "21": [
          92,
          97
        ],
        "20": [
          97,
          101
        ],
        "22": [
          101,
          101
        ]
      },
      "activity_order": [
        1,
        3,
        6,
        2,
        5,
        8,
        12,
        4,
        10,
        14,
        16,
        13,
        7,
        9,
        15,
        18,
        11,
        17,
        19,
        21,
        20,
        22
      ]
    },
    "LFT": {
      "makespan": 101,
      "execution_time": 3.719329833984375e-05,
      "schedule": {
        "1": [
          0,
          0
        ],
        "3": [
          0,
          1
        ],
        "2": [
          1,
          3
        ],
        "5": [
          3,
          5
        ],
        "6": [
          5,
          12
        ],
        "8": [
          12,
          19
        ],
        "10": [
          19,
          20
        ],
        "12": [
          20,
          25
        ],
        "4": [
          25,
          33
        ],
        "14": [
          33,
          40
        ],
        "9": [
          40,
          42
        ],
        "13": [
          42,
          47
        ],
        "15": [
          47,
          48
        ],
        "7": [
          48,
          55
        ],
        "16": [
          55,
          64
        ],
        "11": [
          64,
          71
        ],
        "17": [
          71,
          76
        ],
        "18": [
          76,
          84
        ],
        "19": [
          84,
          92
        ],
        "20": [
          92,
          96
        ],
        "21": [
          96,
          101
        ],
        "22": [
          101,
          101
        ]
      },
      "activity_order": [
        1,
        3,
        2,
        5,
        6,
        8,
        10,
        12,
        4,
        14,
        9,
        13,
        15,
        7,
        16,
        11,
        17,
        18,
        19,
        20,
        21,
        22
      ]
    },
    "MTS": {
      "makespan": 101,
      "execution_time": 3.790855407714844e-05,
      "schedule": {
        "1": [
          0,
          0
        ],
        "2": [
          0,
          2
        ],
        "3": [
          2,
          3
        ],
        "6": [
          3,
          10
        ],
        "5": [
          10,
          12
        ],
        "10": [
          12,
          13
        ],
        "12": [
          13,
          18
        ],
        "4": [
          18,
          26
        ],
        "8": [
          26,
          33
        ],
        "14": [
          33,
          40
        ],
        "16": [
          40,
          49
        ],
        "7": [
          49,
          56
        ],
        "9": [
          56,
          58
        ],
        "15": [
          58,
          59
        ],
        "13": [
          59,
          64
        ],
        "17": [
          64,
          69
        ],
        "11": [
          69,
          76
        ],
        "18": [
          76,
          84
        ],
        "19": [
          84,
          92
        ],
        "20": [
          92,
          96
        ],
        "21": [
          96,
          101
        ],
        "22": [
          101,
          101
        ]
      },
      "activity_order": [
        1,
        2,
        3,
        6,
        5,
        10,
        12,
        4,
        8,
        14,
        16,
        7,
        9,
        15,
        13,
        17,
        11,
        18,
        19,
        20,
        21,
        22
      ]
    },
    "TIMROS": {
      "makespan": 101,
      "execution_time": 4.1961669921875e-05,
      "schedule": {
        "1": [
          0,
          0
        ],
        "4": [
          0,
          8
        ],
        "2": [
          8,
          10
        ],
        "7": [
          10,
          17
        ],
        "16": [
          17,
          26
        ],
        "5": [
          26,
          28
        ],
        "8": [
          28,
          35
        ],
        "9": [
          35,
          37
        ],
        "3": [
          37,
          38
        ],
        "6": [
          38,
          45
        ],
        "12": [
          45,
          50
        ],
        "13": [
          50,
          55
        ],
        "17": [
          55,
          60
        ],
        "10": [
          60,
          61
        ],
        "14": [
          61,
          68
        ],
        "21": [
          68,
          73
        ],
        "11": [
          73,
          80
        ],
        "15": [
          80,
          81
        ],
        "18": [
          81,
          89
        ],
        "19": [
          89,
          97
        ],
        "20": [
          97,
          101
        ],
        "22": [
          101,
          101
        ]
      },
      "activity_order": [
        1,
        4,
        2,
        7,
        16,
        5,
        8,
        9,
        3,
        6,
        12,
        13,
        17,
        10,
        14,
        21,
        11,
        15,
        18,
        19,
        20,
        22
      ]
    },