{
  "instance": "inst_set1a_sf0_nc1.5_n20_m25_05",
  "results": {
    "HRPW*": {
      "makespan": 122,
      "execution_time": 5.984306335449219e-05,
      "schedule": {
        "1": [
          0,
          0
        ],
        "4": [
          0,
          9
        ],
        "5": [
          9,
          18
        ],
        "8": [
          18,
          28
        ],
        "7": [
          28,
          37
        ],
        "3": [
          37,
          39
        ],
        "6": [
          39,
          49
        ],
        "9": [
          49,
          55
        ],
        "2": [
          55,
          59
        ],
        "12": [
          59,
          64
        ],
        "10": [
          64,
          70
        ],
        "14": [
          70,
          72
        ],
        "16": [
          72,
          74
        ],
        "18": [
          74,
          84
        ],
        "11": [
          84,
          89
        ],
        "15": [
          89,
          97
        ],
        "13": [
          97,
          100
        ],
        "21": [
          100,
          110
        ],
        "17": [
          110,
          111
        ],
        "19": [
          111,
          118
        ],
        "20": [
          118,
          122
        ],
        "22": [
          122,
          122
        ]
      },
      "activity_order": [
        1,
        4,
        5,
        8,
        7,
        3,
        6,
        9,
        2,
        12,
        10,
        14,
        16,
        18,
        11,
        15,
        13,
        21,
        17,
        19,
        20,
        22
      ]
    },
    "LST": {
      "makespan": 122,
      "execution_time": 4.100799560546875e-05,
      "schedule": {
        "1": [
          0,
          0
        ],
        "4": [
          0,
          9
        ],
        "5": [
          9,
          18
        ],
        "8": [
          18,
          28
        ],
        "7": [
          28,
          37
        ],
        "3": [
          37,
          39
        ],
        "6": [
          39,
          49
        ],
        "9": [
          49,
          55
        ],
        "2": [
          55,
          59
        ],
        "12": [
          59,
          64
        ],
        "10": [
          64,
          70
        ],
        "14": [
          70,
          72
        ],
        "16": [
          72,
          74
        ],
        "18": [
          74,
          84
        ],
        "11": [
          84,
          89
        ],
        "15": [
          89,
          97
        ],
        "13": [
          97,
          100
        ],
        "21": [
          100,
          110
        ],
        "17": [
          110,
          111
        ],
        "19": [
          111,
          118
        ],
        "20": [
          118,
          122
        ],
        "22": [
          122,
          122
        ]
      },
      "activity_order": [
        1,
        4,
        5,
        8,
        7,
        3,
        6,
        9,
        2,
        12,
        10,
        14,
        16,
        18,
        11,
        15,
        13,
        21,
        17,
        19,
        20,
        22
      ]
    },
    "LFT": {
      "makespan": 122,
      "execution_time": 4.1484832763671875e-05,
      "schedule": {
        "1": [
          0,
          0
        ],
        "4": [
          0,
          9
        ],
        "5": [
          9,
          18
        ],
        "3": [
          18,
          20
        ],
        "8": [
          20,
          30
        ],
        "2": [
          30,
          34
        ],
        "7": [
          34,
          43
        ],
        "9": [
          43,
          49
        ],
        "14": [
          49,
          51
        ],
        "6": [
          51,
          61
        ],
        "12": [
          61,
          66
        ],
        "16": [
          66,
          68
        ],
        "10": [
          68,
          74
        ],
        "11": [
          74,
          79
        ],
        "13": [
          79,
          82
        ],
        "17": [
          82,
          83
        ],
        "15": [
          83,
          91
        ],
        "18": [
          91,
          101
        ],
        "19": [
          101,
          108
        ],
        "20": [
          108,
          112
        ],
        "21": [
          112,
          122
        ],
        "22": [
          122,
          122
        ]
      },
      "activity_order": [
        1,
        4,
        5,
        3,
        8,
        2,
        7,
        9,
        14,
        6,
        12,
        16,
        10,
        11,
        13,
        17,
        15,
        18,
        19,
        20,
        21,
        22
      ]
    },
    "MTS": {
      "makespan": 122,
      "execution_time": 4.172325134277344e-05,
      "schedule": {
        "1": [
          0,
          0
        ],
        "4": [
          0,
          9
        ],
        "5": [
          9,
          18
        ],
        "3": [
          18,
          20
        ],
        "8": [
          20,
          30
        ],
        "9": [
          30,
          36
        ],
        "7": [
          36,
          45
        ],
        "10": [
          45,
          51
        ],
        "2": [
          51,
          55
        ],
        "14": [
          55,
          57
        ],
        "6": [
          57,
          67
        ],
        "12": [
          67,
          72
        ],
        "16": [
          72,
          74
        ],
        "11": [
          74,
          79
        ],
        "13": [
          79,
          82
        ],
        "15": [
          82,
          90
        ],
        "17": [
          90,
          91
        ],
        "18": [
          91,
          101
        ],
        "19": [
          101,
          108
        ],
        "20": [
          108,
          112
        ],
        "21": [
          112,
          122
        ],
        "22": [
          122,
          122
        ]
      },
      "activity_order": [
        1,
        4,
        5,
        3,
        8,
        9,
        7,
        10,
        2,
        14,
        6,
        12,
        16,
        11,
        13,
        15,
        17,
        18,
        19,
        20,
        21,
        22
      ]
    },
    "TIMROS": {
      "makespan": 122,
      "execution_time": 5.4836273193359375e-05,
      "schedule": {
        "1": [
          0,
          0
        ],
        "4": [
          0,
          9
        ],
        "5": [
          9,
          18
        ],
        "7": [
          18,
          27
        ],
        "8": [
          27,
          37
        ],
        "9": [
          37,
          43
        ],
        "11": [
          43,
          48
        ],
        "3": [
          48,
          50
        ],
        "6": [
          50,
          60
        ],
        "14": [
          60,
          62
        ],
        "16": [
          62,
          64
        ],
        "10": [
          64,
          70
        ],
        "21": [
          70,
          80
        ],
        "13": [
          80,
          83
        ],
        "15": [
          83,
          91
        ],
        "2": [
          91,
          95
        ],
        "12": [
          95,
          100
        ],
        "18": [
          100,
          110
        ],
        "20": [
          110,
          114
        ],
        "17": [
          114,
          115
        ],
        "19": [
          115,
          122
        ],
        "22": [
          122,
          122
        ]
      },