{
  "instance": "inst_set1a_sf0.5_nc1.5_n20_m10_02",
  "results": {
    "HRPW*": {
      "makespan": 103,
      "execution_time": 4.172325134277344e-05,
      "schedule": {
        "1": [
          0,
          0
        ],
        "3": [
          0,
          6
        ],
        "2": [
          6,
          11
        ],
        "4": [
          11,
          15
        ],
        "6": [
          15,
          18
        ],
        "8": [
          18,
          26
        ],
        "12": [
          26,
          35
        ],
        "14": [
          35,
          41
        ],
        "9": [
          41,
          51
        ],
        "13": [
          51,
          58
        ],
        "16": [
          58,
          64
        ],
        "18": [
          64,
          68
        ],
        "7": [
          68,
          70
        ],
        "10": [
          70,
          72
        ],
        "11": [
          72,
          74
        ],
        "20": [
          74,
          84
        ],
        "15": [
          84,
          86
        ],
        "19": [
          86,
          94
        ],
        "17": [
          94,
          99
        ],
        "5": [
          99,
          102
        ],
        "21": [
          102,
          103
        ],
        "22": [
          103,
          103
        ]
      },
      "activity_order": [
        1,
        3,
        2,
        4,
        6,
        8,
        12,
        14,
        9,
        13,
        16,
        18,
        7,
        10,
        11,
        20,
        15,
        19,
        17,
        5,
        21,
        22
      ]
    },
    "LST": {
      "makespan": 103,
      "execution_time": 4.100799560546875e-05,
      "schedule": {
        "1": [
          0,
          0
        ],
        "3": [
          0,
          6
        ],
        "2": [
          6,
          11
        ],
        "4": [
          11,
          15
        ],
        "6": [
          15,
          18
        ],
        "8": [
          18,
          26
        ],
        "12": [
          26,
          35
        ],
        "14": [
          35,
          41
        ],
        "9": [
          41,
          51
        ],
        "13": [
          51,
          58
        ],
        "16": [
          58,
          64
        ],
        "18": [
          64,
          68
        ],
        "7": [
          68,
          70
        ],
        "10": [
          70,
          72
        ],
        "11": [
          72,
          74
        ],
        "20": [
          74,
          84
        ],
        "15": [
          84,
          86
        ],
        "19": [
          86,
          94
        ],
        "17": [
          94,
          99
        ],
        "5": [
          99,
          102
        ],
        "21": [
          102,
          103
        ],
        "22": [
          103,
          103
        ]
      },
      "activity_order": [
        1,
        3,
        2,
        4,
        6,
        8,
        12,
        14,
        9,
        13,
        16,
        18,
        7,
        10,
        11,
        20,
        15,
        19,
        17,
        5,
        21,
        22
      ]
    },
    "LFT": {
      "makespan": 103,
      "execution_time": 4.7206878662109375e-05,
      "schedule": {
        "1": [
          0,
          0
        ],
        "3": [
          0,
          6
        ],
        "2": [
          6,
          11
        ],
        "4": [
          11,
          15
        ],
        "6": [
          15,
          18
        ],
        "8": [
          18,
          26
        ],
        "12": [
          26,
          35
        ],
        "14": [
          35,
          41
        ],
        "7": [
          41,
          43
        ],
        "18": [
          43,
          47
        ],
        "10": [
          47,
          49
        ],
        "11": [
          49,
          51
        ],
        "13": [
          51,
          58
        ],
        "16": [
          58,
          64
        ],
        "9": [
          64,
          74
        ],
        "15": [
          74,
          76
        ],
        "5": [
          76,
          79
        ],
        "17": [
          79,
          84
        ],
        "19": [
          84,
          92
        ],
        "20": [
          92,
          102
        ],
        "21": [
          102,
          103
        ],
        "22": [
          103,
          103
        ]
      },
      "activity_order": [
        1,
        3,
        2,
        4,
        6,
        8,
        12,
        14,
        7,
        18,
        10,
        11,
        13,
        16,
        9,
        15,
        5,
        17,
        19,
        20,
        21,
        22
      ]
    },
    "MTS": {
      "makespan": 103,
      "execution_time": 4.935264587402344e-05,
      "schedule": {
        "1": [
          0,
          0
        ],
        "2": [
          0,
          5
        ],
        "3": [
          5,
          11
        ],
        "6": [
          11,
          14
        ],
        "8": [
          14,
          22
        ],
        "4": [
          22,
          26
        ],
        "14": [
          26,
          32
        ],
        "13": [
          32,
          39
        ],
        "9": [
          39,
          49
        ],
        "12": [
          49,
          58
        ],
        "15": [
          58,
          60
        ],
        "5": [
          60,
          63
        ],
        "7": [
          63,
          65
        ],
        "10": [
          65,
          67
        ],
        "11": [
          67,
          69
        ],
        "16": [
          69,
          75
        ],
        "17": [
          75,
          80
        ],
        "18": [
          80,
          84
        ],
        "19": [
          84,
          92
        ],
        "20": [
          92,
          102
        ],
        "21": [
          102,
          103
        ],
        "22": [
          103,
          103
        ]
      },
      "activity_order": [
        1,
        2,
        3,
        6,
        8,
        4,
        14,
        13,
        9,
        12,
        15,
        5,
        7,
        10,
        11,
        16,
        17,
        18,
        19,
        20,
        21,
        22
      ]
    },
    "TIMROS": {
      "makespan": 103,
      "execution_time": 3.9577484130859375e-05,
      "schedule": {
        "1": [
          0,
          0
        ],
        "3": [
          0,
          6
        ],
        "5": [
          6,
          9
        ],
        "2": [
          9,
          14
        ],
        "9": [
          14,
          24
        ],
        "4": [
          24,
          28
        ],
        "12": [
          28,
          37
        ],
        "10": [
          37,
          39
        ],
        "14": [
          39,
          45
        ],
        "18": [
          45,
          49
        ],
        "16": [
          49,
          55
        ],
        "6": [
          55,
          58
        ],
        "8": [
          58,
          66
        ],
        "13": [
          66,
          73
        ],
        "11": [
          73,
          75
        ],
        "19": [
          75,
          83
        ],
        "15": [
          83,
          85
        ],
        "17": [
          85,
          90
        ],
        "7": [
          90,
          92
        ],
        "20": [
          92,
          102
        ],
        "21": [
          102,
          103
        ],
        "22": [
          103,
          103
        ]
      },
      "activity_order": [
        1,
        3,
        5,
        2,
        9,
        4,
        12,
        10,
        14,
        18,
        16,
        6,
        8,
        13,
        11,
        19,
        15,
        17,
        7,
        20,
        21,
        22
      ]
    },