{
  "instance": "inst_set1a_sf0.5_nc2.1_n20_m13_01",
  "results": {
    "HRPW*": {
      "makespan": 49,
      "execution_time": 0.00021314620971679688,
      "schedule": {
        "1": [
          0,
          0
        ],
        "2": [
          0,
          7
        ],
        "3": [
          0,
          8
        ],
        "10": [
          8,
          16
        ],
        "11": [
          8,
          16
        ],
        "9": [
          16,
          24
        ],
        "8": [
          24,
          26
        ],
        "13": [
          26,
          34
        ],
        "12": [
          16,
          23
        ],
        "5": [
          8,
          15
        ],
        "4": [
          15,
          21
        ],
        "14": [
          34,
          39
        ],
        "15": [
          26,
          32
        ],
        "16": [
          34,
          36
        ],
        "6": [
          39,
          42
        ],
        "18": [
          39,
          43
        ],
        "17": [
          42,
          44
        ],
        "7": [
          36,
          41
        ],
        "19": [
          44,
          49
        ],
        "20": [
          43,
          47
        ],
        "21": [
          43,
          44
        ],
        "22": [
          49,
          49
        ]
      },
      "activity_order": [
        1,
        2,
        3,
        10,
        11,
        9,
        8,
        13,
        12,
        5,
        4,
        14,
        15,
        16,
        6,
        18,
        17,
        7,
        19,
        20,
        21,
        22
      ]
    },
    "LST": {
      "makespan": 49,
      "execution_time": 0.00022029876708984375,
      "schedule": {
        "1": [
          0,
          0
        ],
        "2": [
          0,
          7
        ],
        "3": [
          0,
          8
        ],
        "10": [
          8,
          16
        ],
        "11": [
          8,
          16
        ],
        "9": [
          16,
          24
        ],
        "8": [
          24,
          26
        ],
        "13": [
          26,
          34
        ],
        "12": [
          16,
          23
        ],
        "5": [
          8,
          15
        ],
        "4": [
          15,
          21
        ],
        "14": [
          34,
          39
        ],
        "15": [
          26,
          32
        ],
        "16": [
          34,
          36
        ],
        "6": [
          39,
          42
        ],
        "18": [
          39,
          43
        ],
        "17": [
          42,
          44
        ],
        "7": [
          36,
          41
        ],
        "19": [
          44,
          49
        ],
        "20": [
          43,
          47
        ],
        "21": [
          43,
          44
        ],
        "22": [
          49,
          49
        ]
      },
      "activity_order": [
        1,
        2,
        3,
        10,
        11,
        9,
        8,
        13,
        12,
        5,
        4,
        14,
        15,
        16,
        6,
        18,
        17,
        7,
        19,
        20,
        21,
        22
      ]
    },
    "LFT": {
      "makespan": 41,
      "execution_time": 0.0002295970916748047,
      "schedule": {
        "1": [
          0,
          0
        ],
        "2": [
          0,
          7
        ],
        "3": [
          0,
          8
        ],
        "8": [
          8,
          10
        ],
        "10": [
          10,
          18
        ],
        "11": [
          8,
          16
        ],
        "9": [
          18,
          26
        ],
        "12": [
          18,
          25
        ],
        "13": [
          18,
          26
        ],
        "5": [
          8,
          15
        ],
        "4": [
          15,
          21
        ],
        "14": [
          26,
          31
        ],
        "16": [
          26,
          28
        ],
        "6": [
          31,
          34
        ],
        "15": [
          26,
          32
        ],
        "17": [
          34,
          36
        ],
        "18": [
          31,
          35
        ],
        "7": [
          28,
          33
        ],
        "19": [
          36,
          41
        ],
        "20": [
          35,
          39
        ],
        "21": [
          35,
          36
        ],
        "22": [
          41,
          41
        ]
      },
      "activity_order": [
        1,
        2,
        3,
        8,
        10,
        11,
        9,
        12,
        13,
        5,
        4,
        14,
        16,
        6,
        15,
        17,
        18,
        7,
        19,
        20,
        21,
        22
      ]
    },
    "MTS": {
      "makespan": 41,
      "execution_time": 0.00024056434631347656,
      "schedule": {
        "1": [
          0,
          0
        ],
        "3": [
          0,
          8
        ],
        "2": [
          0,
          7
        ],
        "10": [
          8,
          16
        ],
        "8": [
          16,
          18
        ],
        "11": [
          8,
          16
        ],
        "9": [
          18,
          26
        ],
        "4": [
          0,
          6
        ],
        "5": [
          8,
          15
        ],
        "13": [
          18,
          26
        ],
        "12": [
          16,
          23
        ],
        "14": [
          26,
          31
        ],
        "16": [
          26,
          28
        ],
        "15": [
          26,
          32
        ],
        "18": [
          31,
          35
        ],
        "6": [
          31,
          34
        ],
        "7": [
          28,
          33
        ],
        "17": [
          34,
          36
        ],
        "19": [
          36,
          41
        ],
        "20": [
          35,
          39
        ],
        "21": [
          35,
          36
        ],
        "22": [
          41,
          41
        ]
      },
      "activity_order": [
        1,
        3,
        2,
        10,
        8,
        11,
        9,
        4,
        5,
        13,
        12,
        14,
        16,
        15,
        18,
        6,
        7,
        17,
        19,
        20,
        21,
        22
      ]
    },
    "TIMROS": {
      "makespan": 59,
      "execution_time": 0.00024247169494628906,
      "schedule": {
        "1": [
          0,
          0
        ],
        "2": [
          0,
          7
        ],
        "9": [
          7,
          15
        ],
        "10": [
          15,
          23
        ],
        "3": [
          23,
          31
        ],
        "11": [
          31,
          39
        ],
        "12": [
          39,
          46
        ],
        "8": [
          31,
          33
        ],
        "13": [
          33,
          41
        ],
        "14": [
          41,
          46
        ],
        "16": [
          46,
          48
        ],
        "5": [
          31,
          38
        ],
        "4": [
          38,
          44
        ],
        "7": [
          48,
          53
        ],
        "18": [
          48,
          52
        ],
        "6": [
          46,
          49
        ],
        "15": [
          46,
          52
        ],
        "20": [
          52,
          56
        ],
        "21": [
          53,
          54
        ],
        "17": [
          52,
          54
        ],
        "19": [
          54,
          59
        ],
        "22": [
          59,
          59
        ]
      },
      "activity_order": [
        1,
        2,
        9,
        10,
        3,
        11,
        12,
        8,
        13,
        14,
        16,
        5,
        4,
        7,
        18,
        6,
        15,
        20,
        21,
        17,
        19,
        22
      ]
    },
    "HRU1": {
      "makespan": 48,