{
  "instance": "inst_set1a_sf0.75_nc2.1_n20_m10_00",
  "results": {
    "HRPW*": {
      "makespan": 101,
      "execution_time": 0.0001780986785888672,
      "schedule": {
        "1": [
          0,
          0
        ],
        "3": [
          0,
          6
        ],
        "4": [
          6,
          16
        ],
        "5": [
          16,
          23
        ],
        "6": [
          23,
          28
        ],
        "2": [
          0,
          9
        ],
        "7": [
          23,
          32
        ],
        "8": [
          32,
          40
        ],
        "11": [
          40,
          50
        ],
        "13": [
          50,
          58
        ],
        "9": [
          58,
          65
        ],
        "14": [
          65,
          70
        ],
        "17": [
          70,
          75
        ],
        "10": [
          28,
          29
        ],
        "12": [
          75,
          78
        ],
        "15": [
          78,
          82
        ],
        "18": [
          82,
          86
        ],
        "19": [
          75,
          85
        ],
        "16": [
          86,
          87
        ],
        "20": [
          87,
          95
        ],
        "21": [
          95,
          101
        ],
        "22": [
          101,
          101
        ]
      },
      "activity_order": [
        1,
        3,
        4,
        5,
        6,
        2,
        7,
        8,
        11,
        13,
        9,
        14,
        17,
        10,
        12,
        15,
        18,
        19,
        16,
        20,
        21,
        22
      ]
    },
    "LST": {
      "makespan": 101,
      "execution_time": 0.00017333030700683594,
      "schedule": {
        "1": [
          0,
          0
        ],
        "3": [
          0,
          6
        ],
        "4": [
          6,
          16
        ],
        "5": [
          16,
          23
        ],
        "6": [
          23,
          28
        ],
        "2": [
          0,
          9
        ],
        "7": [
          23,
          32
        ],
        "8": [
          32,
          40
        ],
        "11": [
          40,
          50
        ],
        "13": [
          50,
          58
        ],
        "9": [
          58,
          65
        ],
        "14": [
          65,
          70
        ],
        "17": [
          70,
          75
        ],
        "10": [
          28,
          29
        ],
        "12": [
          75,
          78
        ],
        "15": [
          78,
          82
        ],
        "18": [
          82,
          86
        ],
        "19": [
          75,
          85
        ],
        "16": [
          86,
          87
        ],
        "20": [
          87,
          95
        ],
        "21": [
          95,
          101
        ],
        "22": [
          101,
          101
        ]
      },
      "activity_order": [
        1,
        3,
        4,
        5,
        6,
        2,
        7,
        8,
        11,
        13,
        9,
        14,
        17,
        10,
        12,
        15,
        18,
        19,
        16,
        20,
        21,
        22
      ]
    },
    "LFT": {
      "makespan": 101,
      "execution_time": 0.00016880035400390625,
      "schedule": {
        "1": [
          0,
          0
        ],
        "3": [
          0,
          6
        ],
        "4": [
          6,
          16
        ],
        "5": [
          16,
          23
        ],
        "6": [
          23,
          28
        ],
        "2": [
          0,
          9
        ],
        "7": [
          23,
          32
        ],
        "8": [
          32,
          40
        ],
        "13": [
          40,
          48
        ],
        "9": [
          48,
          55
        ],
        "10": [
          28,
          29
        ],
        "11": [
          55,
          65
        ],
        "12": [
          65,
          68
        ],
        "14": [
          68,
          73
        ],
        "17": [
          73,
          78
        ],
        "16": [
          78,
          79
        ],
        "15": [
          79,
          83
        ],
        "18": [
          83,
          87
        ],
        "19": [
          78,
          88
        ],
        "20": [
          87,
          95
        ],
        "21": [
          95,
          101
        ],
        "22": [
          101,
          101
        ]
      },
      "activity_order": [
        1,
        3,
        4,
        5,
        6,
        2,
        7,
        8,
        13,
        9,
        10,
        11,
        12,
        14,
        17,
        16,
        15,
        18,
        19,
        20,
        21,
        22
      ]
    },
    "MTS": {
      "makespan": 108,
      "execution_time": 0.0001678466796875,
      "schedule": {
        "1": [
          0,
          0
        ],
        "3": [
          0,
          6
        ],
        "4": [
          6,
          16
        ],
        "6": [
          16,
          21
        ],
        "5": [
          21,
          28
        ],
        "8": [
          21,
          29
        ],
        "2": [
          29,
          38
        ],
        "7": [
          38,
          47
        ],
        "9": [
          47,
          54
        ],
        "11": [
          54,
          64
        ],
        "13": [
          64,
          72
        ],
        "14": [
          72,
          77
        ],
        "10": [
          28,
          29
        ],
        "12": [
          77,
          80
        ],
        "17": [
          80,
          85
        ],
        "16": [
          85,
          86
        ],
        "15": [
          86,
          90
        ],
        "18": [
          90,
          94
        ],
        "19": [
          85,
          95
        ],
        "20": [
          94,
          102
        ],
        "21": [
          102,
          108
        ],
        "22": [
          108,
          108
        ]
      },
      "activity_order": [
        1,
        3,
        4,
        6,
        5,
        8,
        2,
        7,
        9,
        11,
        13,
        14,
        10,
        12,
        17,
        16,
        15,
        18,
        19,
        20,
        21,
        22
      ]
    },
    "TIMROS": {
      "makespan": 105,
      "execution_time": 0.00019049644470214844,
      "schedule": {
        "1": [
          0,
          0
        ],
        "4": [
          0,
          10
        ],
        "2": [
          0,
          9
        ],
        "3": [
          10,
          16
        ],
        "11": [
          16,
          26
        ],
        "5": [
          16,
          23
        ],
        "7": [
          26,
          35
        ],
        "6": [
          23,
          28
        ],
        "8": [
          35,
          43
        ],
        "9": [
          43,
          50
        ],
        "14": [
          50,
          55
        ],
        "15": [
          55,
          59
        ],
        "13": [
          59,
          67
        ],
        "17": [
          67,
          72
        ],
        "19": [
          72,
          82
        ],
        "10": [
          82,
          83
        ],
        "12": [
          83,
          86
        ],
        "18": [
          86,
          90
        ],
        "16": [
          90,
          91
        ],
        "20": [
          91,
          99
        ],
        "21": [
          99,
          105
        ],
        "22": [
          105,
          105
        ]
      },
      "activity_order": [
        1,
        4,
        2,
        3,
        11,
        5,
        7,
        6,
        8,
        9,
        14,
        15,
        13,
        17,
        19,
        10,
        12,
        18,
        16,
        20,
        21,
        22
      ]
    },