{
  "instance": "inst_set1a_sf0.75_nc1.5_n20_m20_04",
  "results": {
    "HRPW*": {
      "makespan": 51,
      "execution_time": 0.0003521442413330078,
      "schedule": {
        "1": [
          0,
          0
        ],
        "4": [
          0,
          6
        ],
        "2": [
          0,
          8
        ],
        "6": [
          6,
          9
        ],
        "7": [
          9,
          15
        ],
        "5": [
          8,
          12
        ],
        "14": [
          12,
          18
        ],
        "13": [
          15,
          22
        ],
        "3": [
          9,
          16
        ],
        "17": [
          18,
          20
        ],
        "18": [
          20,
          29
        ],
        "9": [
          16,
          17
        ],
        "15": [
          22,
          30
        ],
        "10": [
          30,
          34
        ],
        "8": [
          29,
          34
        ],
        "12": [
          34,
          36
        ],
        "11": [
          34,
          36
        ],
        "16": [
          36,
          38
        ],
        "19": [
          36,
          44
        ],
        "20": [
          44,
          51
        ],
        "21": [
          36,
          38
        ],
        "22": [
          51,
          51
        ]
      },
      "activity_order": [
        1,
        4,
        2,
        6,
        7,
        5,
        14,
        13,
        3,
        17,
        18,
        9,
        15,
        10,
        8,
        12,
        11,
        16,
        19,
        20,
        21,
        22
      ]
    },
    "LST": {
      "makespan": 51,
      "execution_time": 0.0003790855407714844,
      "schedule": {
        "1": [
          0,
          0
        ],
        "4": [
          0,
          6
        ],
        "2": [
          0,
          8
        ],
        "6": [
          6,
          9
        ],
        "7": [
          9,
          15
        ],
        "5": [
          8,
          12
        ],
        "14": [
          12,
          18
        ],
        "13": [
          15,
          22
        ],
        "3": [
          9,
          16
        ],
        "17": [
          18,
          20
        ],
        "18": [
          20,
          29
        ],
        "9": [
          16,
          17
        ],
        "15": [
          22,
          30
        ],
        "10": [
          30,
          34
        ],
        "8": [
          29,
          34
        ],
        "12": [
          34,
          36
        ],
        "11": [
          34,
          36
        ],
        "16": [
          36,
          38
        ],
        "19": [
          36,
          44
        ],
        "20": [
          44,
          51
        ],
        "21": [
          36,
          38
        ],
        "22": [
          51,
          51
        ]
      },
      "activity_order": [
        1,
        4,
        2,
        6,
        7,
        5,
        14,
        13,
        3,
        17,
        18,
        9,
        15,
        10,
        8,
        12,
        11,
        16,
        19,
        20,
        21,
        22
      ]
    },
    "LFT": {
      "makespan": 44,
      "execution_time": 0.00037169456481933594,
      "schedule": {
        "1": [
          0,
          0
        ],
        "4": [
          0,
          6
        ],
        "6": [
          6,
          9
        ],
        "2": [
          0,
          8
        ],
        "5": [
          8,
          12
        ],
        "7": [
          9,
          15
        ],
        "14": [
          12,
          18
        ],
        "17": [
          18,
          20
        ],
        "9": [
          9,
          10
        ],
        "13": [
          15,
          22
        ],
        "3": [
          10,
          17
        ],
        "10": [
          22,
          26
        ],
        "12": [
          26,
          28
        ],
        "8": [
          15,
          20
        ],
        "11": [
          26,
          28
        ],
        "18": [
          20,
          29
        ],
        "15": [
          28,
          36
        ],
        "16": [
          28,
          30
        ],
        "19": [
          29,
          37
        ],
        "20": [
          37,
          44
        ],
        "21": [
          28,
          30
        ],
        "22": [
          44,
          44
        ]
      },
      "activity_order": [
        1,
        4,
        6,
        2,
        5,
        7,
        14,
        17,
        9,
        13,
        3,
        10,
        12,
        8,
        11,
        18,
        15,
        16,
        19,
        20,
        21,
        22
      ]
    },
    "MTS": {
      "makespan": 47,
      "execution_time": 0.00039005279541015625,
      "schedule": {
        "1": [
          0,
          0
        ],
        "4": [
          0,
          6
        ],
        "2": [
          0,
          8
        ],
        "5": [
          8,
          12
        ],
        "6": [
          6,
          9
        ],
        "7": [
          9,
          15
        ],
        "17": [
          8,
          10
        ],
        "3": [
          9,
          16
        ],
        "9": [
          16,
          17
        ],
        "14": [
          12,
          18
        ],
        "10": [
          16,
          20
        ],
        "12": [
          20,
          22
        ],
        "13": [
          22,
          29
        ],
        "18": [
          18,
          27
        ],
        "8": [
          27,
          32
        ],
        "11": [
          20,
          22
        ],
        "15": [
          29,
          37
        ],
        "16": [
          22,
          24
        ],
        "19": [
          32,
          40
        ],
        "20": [
          40,
          47
        ],
        "21": [
          22,
          24
        ],
        "22": [
          47,
          47
        ]
      },
      "activity_order": [
        1,
        4,
        2,
        5,
        6,
        7,
        17,
        3,
        9,
        14,
        10,
        12,
        13,
        18,
        8,
        11,
        15,
        16,
        19,
        20,
        21,
        22
      ]
    },
    "TIMROS": {
      "makespan": 61,
      "execution_time": 0.0003993511199951172,
      "schedule": {
        "1": [
          0,
          0
        ],
        "2": [
          0,
          8
        ],
        "3": [
          0,
          7
        ],
        "4": [
          0,
          6
        ],
        "10": [
          8,
          12
        ],
        "6": [
          7,
          10
        ],
        "7": [
          12,
          18
        ],
        "13": [
          18,
          25
        ],
        "8": [
          18,
          23
        ],
        "5": [
          23,
          27
        ],
        "14": [
          27,
          33
        ],
        "11": [
          12,
          14
        ],
        "12": [
          27,
          29
        ],
        "9": [
          14,
          15
        ],
        "15": [
          29,
          37
        ],
        "16": [
          33,
          35
        ],
        "17": [
          35,
          37
        ],
        "18": [
          37,
          46
        ],
        "19": [
          46,
          54
        ],
        "20": [
          54,
          61
        ],
        "21": [
          37,
          39
        ],
        "22": [
          61,
          61
        ]
      },
      "activity_order": [
        1,
        2,
        3,
        4,
        10,
        6,
        7,
        13,
        8,
        5,
        14,
        11,
        12,
        9,
        15,
        16,
        17,
        18,
        19,
        20,
        21,
        22
      ]
    },
    "HRU1": {
      "makespan": 50,