{
  "instance": "inst_set1a_sf0_nc2.1_n20_m20_02",
  "results": {
    "HRPW*": {
      "makespan": 133,
      "execution_time": 8.702278137207031e-05,
      "schedule": {
        "1": [
          0,
          0
        ],
        "2": [
          0,
          10
        ],
        "3": [
          10,
          18
        ],
        "5": [
          18,
          27
        ],
        "6": [
          27,
          36
        ],
        "4": [
          36,
          42
        ],
        "7": [
          42,
          44
        ],
        "10": [
          44,
          50
        ],
        "11": [
          50,
          54
        ],
        "12": [
          54,
          60
        ],
        "15": [
          60,
          69
        ],
        "8": [
          69,
          74
        ],
        "9": [
          74,
          79
        ],
        "14": [
          79,
          82
        ],
        "16": [
          82,
          85
        ],
        "18": [
          85,
          95
        ],
        "13": [
          95,
          103
        ],
        "17": [
          103,
          111
        ],
        "20": [
          111,
          120
        ],
        "19": [
          120,
          128
        ],
        "21": [
          128,
          133
        ],
        "22": [
          133,
          133
        ]
      },
      "activity_order": [
        1,
        2,
        3,
        5,
        6,
        4,
        7,
        10,
        11,
        12,
        15,
        8,
        9,
        14,
        16,
        18,
        13,
        17,
        20,
        19,
        21,
        22
      ]
    },
    "LST": {
      "makespan": 133,
      "execution_time": 4.506111145019531e-05,
      "schedule": {
        "1": [
          0,
          0
        ],
        "2": [
          0,
          10
        ],
        "3": [
          10,
          18
        ],
        "5": [
          18,
          27
        ],
        "6": [
          27,
          36
        ],
        "4": [
          36,
          42
        ],
        "7": [
          42,
          44
        ],
        "10": [
          44,
          50
        ],
        "11": [
          50,
          54
        ],
        "12": [
          54,
          60
        ],
        "15": [
          60,
          69
        ],
        "8": [
          69,
          74
        ],
        "9": [
          74,
          79
        ],
        "14": [
          79,
          82
        ],
        "16": [
          82,
          85
        ],
        "18": [
          85,
          95
        ],
        "13": [
          95,
          103
        ],
        "17": [
          103,
          111
        ],
        "20": [
          111,
          120
        ],
        "19": [
          120,
          128
        ],
        "21": [
          128,
          133
        ],
        "22": [
          133,
          133
        ]
      },
      "activity_order": [
        1,
        2,
        3,
        5,
        6,
        4,
        7,
        10,
        11,
        12,
        15,
        8,
        9,
        14,
        16,
        18,
        13,
        17,
        20,
        19,
        21,
        22
      ]
    },
    "LFT": {
      "makespan": 133,
      "execution_time": 6.914138793945312e-05,
      "schedule": {
        "1": [
          0,
          0
        ],
        "2": [
          0,
          10
        ],
        "3": [
          10,
          18
        ],
        "4": [
          18,
          24
        ],
        "5": [
          24,
          33
        ],
        "6": [
          33,
          42
        ],
        "7": [
          42,
          44
        ],
        "10": [
          44,
          50
        ],
        "11": [
          50,
          54
        ],
        "8": [
          54,
          59
        ],
        "12": [
          59,
          65
        ],
        "14": [
          65,
          68
        ],
        "15": [
          68,
          77
        ],
        "16": [
          77,
          80
        ],
        "9": [
          80,
          85
        ],
        "13": [
          85,
          93
        ],
        "18": [
          93,
          103
        ],
        "17": [
          103,
          111
        ],
        "19": [
          111,
          119
        ],
        "20": [
          119,
          128
        ],
        "21": [
          128,
          133
        ],
        "22": [
          133,
          133
        ]
      },
      "activity_order": [
        1,
        2,
        3,
        4,
        5,
        6,
        7,
        10,
        11,
        8,
        12,
        14,
        15,
        16,
        9,
        13,
        18,
        17,
        19,
        20,
        21,
        22
      ]
    },
    "MTS": {
      "makespan": 133,
      "execution_time": 6.866455078125e-05,
      "schedule": {
        "1": [
          0,
          0
        ],
        "2": [
          0,
          10
        ],
        "3": [
          10,
          18
        ],
        "4": [
          18,
          24
        ],
        "6": [
          24,
          33
        ],
        "5": [
          33,
          42
        ],
        "7": [
          42,
          44
        ],
        "11": [
          44,
          48
        ],
        "8": [
          48,
          53
        ],
        "10": [
          53,
          59
        ],
        "9": [
          59,
          64
        ],
        "12": [
          64,
          70
        ],
        "15": [
          70,
          79
        ],
        "14": [
          79,
          82
        ],
        "16": [
          82,
          85
        ],
        "13": [
          85,
          93
        ],
        "17": [
          93,
          101
        ],
        "18": [
          101,
          111
        ],
        "19": [
          111,
          119
        ],
        "20": [
          119,
          128
        ],
        "21": [
          128,
          133
        ],
        "22": [
          133,
          133
        ]
      },
      "activity_order": [
        1,
        2,
        3,
        4,
        6,
        5,
        7,
        11,
        8,
        10,
        9,
        12,
        15,
        14,
        16,
        13,
        17,
        18,
        19,
        20,
        21,
        22
      ]
    },
    "TIMROS": {
      "makespan": 133,
      "execution_time": 4.57763671875e-05,
      "schedule": {
        "1": [
          0,
          0
        ],
        "2": [
          0,
          10
        ],
        "6": [
          10,
          19
        ],
        "3": [
          19,
          27
        ],
        "5": [
          27,
          36
        ],
        "9": [
          36,
          41
        ],
        "4": [
          41,
          47
        ],
        "10": [
          47,
          53
        ],
        "12": [
          53,
          59
        ],
        "8": [
          59,
          64
        ],
        "7": [
          64,
          66
        ],
        "11": [
          66,
          70
        ],
        "15": [
          70,
          79
        ],
        "17": [
          79,
          87
        ],
        "14": [
          87,
          90
        ],
        "21": [
          90,
          95
        ],
        "13": [
          95,
          103
        ],
        "16": [
          103,
          106
        ],
        "18": [
          106,
          116
        ],
        "20": [
          116,
          125
        ],
        "19": [
          125,
          133
        ],
        "22": [
          133,
          133
        ]
      },