{
  "instance": "inst_set1a_sf0.75_nc2.1_n20_m20_04",
  "results": {
    "HRPW*": {
      "makespan": 125,
      "execution_time": 5.745887756347656e-05,
      "schedule": {
        "1": [
          0,
          0
        ],
        "3": [
          0,
          2
        ],
        "5": [
          2,
          9
        ],
        "6": [
          9,
          18
        ],
        "10": [
          18,
          28
        ],
        "12": [
          28,
          38
        ],
        "2": [
          38,
          44
        ],
        "8": [
          44,
          50
        ],
        "4": [
          50,
          59
        ],
        "11": [
          59,
          67
        ],
        "13": [
          67,
          75
        ],
        "7": [
          75,
          77
        ],
        "16": [
          77,
          87
        ],
        "9": [
          87,
          88
        ],
        "17": [
          88,
          91
        ],
        "14": [
          91,
          92
        ],
        "15": [
          92,
          98
        ],
        "18": [
          98,
          103
        ],
        "20": [
          103,
          113
        ],
        "21": [
          113,
          122
        ],
        "19": [
          122,
          125
        ],
        "22": [
          125,
          125
        ]
      },
      "activity_order": [
        1,
        3,
        5,
        6,
        10,
        12,
        2,
        8,
        4,
        11,
        13,
        7,
        16,
        9,
        17,
        14,
        15,
        18,
        20,
        21,
        19,
        22
      ]
    },
    "LST": {
      "makespan": 125,
      "execution_time": 5.316734313964844e-05,
      "schedule": {
        "1": [
          0,
          0
        ],
        "3": [
          0,
          2
        ],
        "5": [
          2,
          9
        ],
        "6": [
          9,
          18
        ],
        "10": [
          18,
          28
        ],
        "12": [
          28,
          38
        ],
        "2": [
          38,
          44
        ],
        "8": [
          44,
          50
        ],
        "4": [
          50,
          59
        ],
        "11": [
          59,
          67
        ],
        "13": [
          67,
          75
        ],
        "7": [
          75,
          77
        ],
        "16": [
          77,
          87
        ],
        "9": [
          87,
          88
        ],
        "17": [
          88,
          91
        ],
        "14": [
          91,
          92
        ],
        "15": [
          92,
          98
        ],
        "18": [
          98,
          103
        ],
        "20": [
          103,
          113
        ],
        "21": [
          113,
          122
        ],
        "19": [
          122,
          125
        ],
        "22": [
          125,
          125
        ]
      },
      "activity_order": [
        1,
        3,
        5,
        6,
        10,
        12,
        2,
        8,
        4,
        11,
        13,
        7,
        16,
        9,
        17,
        14,
        15,
        18,
        20,
        21,
        19,
        22
      ]
    },
    "LFT": {
      "makespan": 125,
      "execution_time": 6.175041198730469e-05,
      "schedule": {
        "1": [
          0,
          0
        ],
        "3": [
          0,
          2
        ],
        "5": [
          2,
          9
        ],
        "6": [
          9,
          18
        ],
        "10": [
          18,
          28
        ],
        "2": [
          28,
          34
        ],
        "8": [
          34,
          40
        ],
        "12": [
          40,
          50
        ],
        "4": [
          50,
          59
        ],
        "11": [
          59,
          67
        ],
        "7": [
          67,
          69
        ],
        "9": [
          69,
          70
        ],
        "13": [
          70,
          78
        ],
        "14": [
          78,
          79
        ],
        "17": [
          79,
          82
        ],
        "15": [
          82,
          88
        ],
        "16": [
          88,
          98
        ],
        "18": [
          98,
          103
        ],
        "19": [
          103,
          106
        ],
        "20": [
          106,
          116
        ],
        "21": [
          116,
          125
        ],
        "22": [
          125,
          125
        ]
      },
      "activity_order": [
        1,
        3,
        5,
        6,
        10,
        2,
        8,
        12,
        4,
        11,
        7,
        9,
        13,
        14,
        17,
        15,
        16,
        18,
        19,
        20,
        21,
        22
      ]
    },
    "MTS": {
      "makespan": 125,
      "execution_time": 4.4345855712890625e-05,
      "schedule": {
        "1": [
          0,
          0
        ],
        "3": [
          0,
          2
        ],
        "6": [
          2,
          11
        ],
        "2": [
          11,
          17
        ],
        "5": [
          17,
          24
        ],
        "7": [
          24,
          26
        ],
        "12": [
          26,
          36
        ],
        "8": [
          36,
          42
        ],
        "9": [
          42,
          43
        ],
        "10": [
          43,
          53
        ],
        "13": [
          53,
          61
        ],
        "4": [
          61,
          70
        ],
        "14": [
          70,
          71
        ],
        "17": [
          71,
          74
        ],
        "11": [
          74,
          82
        ],
        "15": [
          82,
          88
        ],
        "18": [
          88,
          93
        ],
        "16": [
          93,
          103
        ],
        "19": [
          103,
          106
        ],
        "20": [
          106,
          116
        ],
        "21": [
          116,
          125
        ],
        "22": [
          125,
          125
        ]
      },
      "activity_order": [
        1,
        3,
        6,
        2,
        5,
        7,
        12,
        8,
        9,
        10,
        13,
        4,
        14,
        17,
        11,
        15,
        18,
        16,
        19,
        20,
        21,
        22
      ]
    },
    "TIMROS": {
      "makespan": 125,
      "execution_time": 4.5299530029296875e-05,
      "schedule": {
        "1": [
          0,
          0
        ],
        "4": [
          0,
          9
        ],
        "2": [
          9,
          15
        ],
        "3": [
          15,
          17
        ],
        "12": [
          17,
          27
        ],
        "5": [
          27,
          34
        ],
        "10": [
          34,
          44
        ],
        "6": [
          44,
          53
        ],
        "11": [
          53,
          61
        ],
        "16": [
          61,
          71
        ],
        "7": [
          71,
          73
        ],
        "15": [
          73,
          79
        ],
        "8": [
          79,
          85
        ],
        "13": [
          85,
          93
        ],
        "9": [
          93,
          94
        ],
        "17": [
          94,
          97
        ],
        "14": [
          97,
          98
        ],
        "20": [
          98,
          108
        ],
        "18": [
          108,
          113
        ],
        "21": [
          113,
          122
        ],
        "19": [
          122,
          125
        ],
        "22": [
          125,
          125
        ]
      },