{
  "instance": "inst_set1a_sf0.75_nc2.1_n20_m25_02",
  "results": {
    "HRPW*": {
      "makespan": 75,
      "execution_time": 0.0004317760467529297,
      "schedule": {
        "1": [
          0,
          0
        ],
        "4": [
          0,
          6
        ],
        "2": [
          6,
          10
        ],
        "3": [
          0,
          2
        ],
        "9": [
          10,
          12
        ],
        "10": [
          12,
          22
        ],
        "6": [
          22,
          31
        ],
        "5": [
          10,
          15
        ],
        "11": [
          31,
          40
        ],
        "7": [
          40,
          45
        ],
        "13": [
          45,
          53
        ],
        "15": [
          53,
          60
        ],
        "8": [
          45,
          46
        ],
        "12": [
          60,
          66
        ],
        "14": [
          15,
          20
        ],
        "16": [
          60,
          61
        ],
        "17": [
          61,
          67
        ],
        "21": [
          67,
          75
        ],
        "18": [
          66,
          71
        ],
        "19": [
          71,
          73
        ],
        "20": [
          73,
          75
        ],
        "22": [
          75,
          75
        ]
      },
      "activity_order": [
        1,
        4,
        2,
        3,
        9,
        10,
        6,
        5,
        11,
        7,
        13,
        15,
        8,
        12,
        14,
        16,
        17,
        21,
        18,
        19,
        20,
        22
      ]
    },
    "LST": {
      "makespan": 75,
      "execution_time": 0.0004508495330810547,
      "schedule": {
        "1": [
          0,
          0
        ],
        "4": [
          0,
          6
        ],
        "2": [
          6,
          10
        ],
        "3": [
          0,
          2
        ],
        "9": [
          10,
          12
        ],
        "10": [
          12,
          22
        ],
        "6": [
          22,
          31
        ],
        "5": [
          10,
          15
        ],
        "11": [
          31,
          40
        ],
        "7": [
          40,
          45
        ],
        "13": [
          45,
          53
        ],
        "15": [
          53,
          60
        ],
        "8": [
          45,
          46
        ],
        "12": [
          60,
          66
        ],
        "14": [
          15,
          20
        ],
        "16": [
          60,
          61
        ],
        "17": [
          61,
          67
        ],
        "21": [
          67,
          75
        ],
        "18": [
          66,
          71
        ],
        "19": [
          71,
          73
        ],
        "20": [
          73,
          75
        ],
        "22": [
          75,
          75
        ]
      },
      "activity_order": [
        1,
        4,
        2,
        3,
        9,
        10,
        6,
        5,
        11,
        7,
        13,
        15,
        8,
        12,
        14,
        16,
        17,
        21,
        18,
        19,
        20,
        22
      ]
    },
    "LFT": {
      "makespan": 66,
      "execution_time": 0.0003826618194580078,
      "schedule": {
        "1": [
          0,
          0
        ],
        "2": [
          0,
          4
        ],
        "4": [
          4,
          10
        ],
        "3": [
          0,
          2
        ],
        "9": [
          10,
          12
        ],
        "5": [
          10,
          15
        ],
        "6": [
          10,
          19
        ],
        "10": [
          19,
          29
        ],
        "7": [
          29,
          34
        ],
        "11": [
          34,
          43
        ],
        "8": [
          34,
          35
        ],
        "15": [
          34,
          41
        ],
        "13": [
          43,
          51
        ],
        "14": [
          15,
          20
        ],
        "16": [
          41,
          42
        ],
        "12": [
          51,
          57
        ],
        "17": [
          42,
          48
        ],
        "18": [
          57,
          62
        ],
        "19": [
          62,
          64
        ],
        "20": [
          64,
          66
        ],
        "21": [
          51,
          59
        ],
        "22": [
          66,
          66
        ]
      },
      "activity_order": [
        1,
        2,
        4,
        3,
        9,
        5,
        6,
        10,
        7,
        11,
        8,
        15,
        13,
        14,
        16,
        12,
        17,
        18,
        19,
        20,
        21,
        22
      ]
    },
    "MTS": {
      "makespan": 54,
      "execution_time": 0.0003981590270996094,
      "schedule": {
        "1": [
          0,
          0
        ],
        "2": [
          0,
          4
        ],
        "4": [
          4,
          10
        ],
        "3": [
          0,
          2
        ],
        "7": [
          4,
          9
        ],
        "5": [
          10,
          15
        ],
        "6": [
          10,
          19
        ],
        "9": [
          10,
          12
        ],
        "15": [
          19,
          26
        ],
        "8": [
          10,
          11
        ],
        "10": [
          19,
          29
        ],
        "11": [
          29,
          38
        ],
        "14": [
          15,
          20
        ],
        "16": [
          26,
          27
        ],
        "12": [
          26,
          32
        ],
        "13": [
          38,
          46
        ],
        "17": [
          29,
          35
        ],
        "18": [
          38,
          43
        ],
        "19": [
          46,
          48
        ],
        "20": [
          48,
          50
        ],
        "21": [
          46,
          54
        ],
        "22": [
          54,
          54
        ]
      },
      "activity_order": [
        1,
        2,
        4,
        3,
        7,
        5,
        6,
        9,
        15,
        8,
        10,
        11,
        14,
        16,
        12,
        13,
        17,
        18,
        19,
        20,
        21,
        22
      ]
    },
    "TIMROS": {
      "makespan": 74,
      "execution_time": 0.0003979206085205078,
      "schedule": {
        "1": [
          0,
          0
        ],
        "4": [
          0,
          6
        ],
        "2": [
          6,
          10
        ],
        "6": [
          10,
          19
        ],
        "7": [
          19,
          24
        ],
        "3": [
          0,
          2
        ],
        "5": [
          10,
          15
        ],
        "15": [
          24,
          31
        ],
        "8": [
          24,
          25
        ],
        "12": [
          31,
          37
        ],
        "16": [
          31,
          32
        ],
        "9": [
          37,
          39
        ],
        "14": [
          39,
          44
        ],
        "10": [
          39,
          49
        ],
        "17": [
          49,
          55
        ],
        "11": [
          49,
          58
        ],
        "13": [
          58,
          66
        ],
        "21": [
          66,
          74
        ],
        "18": [
          58,
          63
        ],
        "19": [
          66,
          68
        ],
        "20": [
          68,
          70
        ],
        "22": [
          74,
          74
        ]
      },
      "activity_order": [
        1,
        4,
        2,
        6,
        7,
        3,
        5,
        15,
        8,
        12,
        16,
        9,
        14,
        10,
        17,
        11,
        13,
        21,
        18,
        19,
        20,
        22
      ]
    },
    "HRU1": {
      "makespan": 73,