{
  "instance": "inst_set1a_sf0_nc1.5_n20_m20_05",
  "results": {
    "HRPW*": {
      "makespan": 55,
      "execution_time": 0.00029349327087402344,
      "schedule": {
        "1": [
          0,
          0
        ],
        "4": [
          0,
          8
        ],
        "2": [
          0,
          10
        ],
        "5": [
          10,
          16
        ],
        "3": [
          16,
          24
        ],
        "8": [
          8,
          13
        ],
        "6": [
          10,
          19
        ],
        "7": [
          24,
          33
        ],
        "12": [
          13,
          20
        ],
        "9": [
          24,
          25
        ],
        "18": [
          25,
          33
        ],
        "14": [
          33,
          39
        ],
        "15": [
          19,
          21
        ],
        "10": [
          19,
          20
        ],
        "11": [
          16,
          20
        ],
        "17": [
          33,
          37
        ],
        "13": [
          37,
          44
        ],
        "16": [
          21,
          26
        ],
        "21": [
          39,
          49
        ],
        "20": [
          49,
          55
        ],
        "19": [
          44,
          47
        ],
        "22": [
          55,
          55
        ]
      },
      "activity_order": [
        1,
        4,
        2,
        5,
        3,
        8,
        6,
        7,
        12,
        9,
        18,
        14,
        15,
        10,
        11,
        17,
        13,
        16,
        21,
        20,
        19,
        22
      ]
    },
    "LST": {
      "makespan": 55,
      "execution_time": 0.0002791881561279297,
      "schedule": {
        "1": [
          0,
          0
        ],
        "4": [
          0,
          8
        ],
        "2": [
          0,
          10
        ],
        "5": [
          10,
          16
        ],
        "3": [
          16,
          24
        ],
        "8": [
          8,
          13
        ],
        "6": [
          10,
          19
        ],
        "7": [
          24,
          33
        ],
        "12": [
          13,
          20
        ],
        "9": [
          24,
          25
        ],
        "18": [
          25,
          33
        ],
        "14": [
          33,
          39
        ],
        "15": [
          19,
          21
        ],
        "10": [
          19,
          20
        ],
        "11": [
          16,
          20
        ],
        "17": [
          33,
          37
        ],
        "13": [
          37,
          44
        ],
        "16": [
          21,
          26
        ],
        "21": [
          39,
          49
        ],
        "20": [
          49,
          55
        ],
        "19": [
          44,
          47
        ],
        "22": [
          55,
          55
        ]
      },
      "activity_order": [
        1,
        4,
        2,
        5,
        3,
        8,
        6,
        7,
        12,
        9,
        18,
        14,
        15,
        10,
        11,
        17,
        13,
        16,
        21,
        20,
        19,
        22
      ]
    },
    "LFT": {
      "makespan": 60,
      "execution_time": 0.0003097057342529297,
      "schedule": {
        "1": [
          0,
          0
        ],
        "4": [
          0,
          8
        ],
        "2": [
          0,
          10
        ],
        "5": [
          10,
          16
        ],
        "8": [
          8,
          13
        ],
        "3": [
          16,
          24
        ],
        "9": [
          24,
          25
        ],
        "6": [
          10,
          19
        ],
        "7": [
          24,
          33
        ],
        "10": [
          19,
          20
        ],
        "15": [
          19,
          21
        ],
        "12": [
          13,
          20
        ],
        "11": [
          16,
          20
        ],
        "14": [
          33,
          39
        ],
        "17": [
          33,
          37
        ],
        "18": [
          25,
          33
        ],
        "13": [
          37,
          44
        ],
        "16": [
          21,
          26
        ],
        "19": [
          44,
          47
        ],
        "20": [
          44,
          50
        ],
        "21": [
          50,
          60
        ],
        "22": [
          60,
          60
        ]
      },
      "activity_order": [
        1,
        4,
        2,
        5,
        8,
        3,
        9,
        6,
        7,
        10,
        15,
        12,
        11,
        14,
        17,
        18,
        13,
        16,
        19,
        20,
        21,
        22
      ]
    },
    "MTS": {
      "makespan": 63,
      "execution_time": 0.0003142356872558594,
      "schedule": {
        "1": [
          0,
          0
        ],
        "4": [
          0,
          8
        ],
        "5": [
          8,
          14
        ],
        "2": [
          14,
          24
        ],
        "6": [
          24,
          33
        ],
        "10": [
          33,
          34
        ],
        "3": [
          24,
          32
        ],
        "8": [
          8,
          13
        ],
        "11": [
          14,
          18
        ],
        "7": [
          32,
          41
        ],
        "9": [
          32,
          33
        ],
        "12": [
          24,
          31
        ],
        "15": [
          33,
          35
        ],
        "16": [
          35,
          40
        ],
        "13": [
          34,
          41
        ],
        "14": [
          41,
          47
        ],
        "17": [
          41,
          45
        ],
        "18": [
          33,
          41
        ],
        "19": [
          45,
          48
        ],
        "20": [
          47,
          53
        ],
        "21": [
          53,
          63
        ],
        "22": [
          63,
          63
        ]
      },
      "activity_order": [
        1,
        4,
        5,
        2,
        6,
        10,
        3,
        8,
        11,
        7,
        9,
        12,
        15,
        16,
        13,
        14,
        17,
        18,
        19,
        20,
        21,
        22
      ]
    },
    "TIMROS": {
      "makespan": 59,
      "execution_time": 0.0003192424774169922,
      "schedule": {
        "1": [
          0,
          0
        ],
        "2": [
          0,
          10
        ],
        "6": [
          10,
          19
        ],
        "3": [
          10,
          18
        ],
        "4": [
          0,
          8
        ],
        "5": [
          18,
          24
        ],
        "7": [
          24,
          33
        ],
        "14": [
          33,
          39
        ],
        "8": [
          8,
          13
        ],
        "15": [
          24,
          26
        ],
        "12": [
          13,
          20
        ],
        "11": [
          24,
          28
        ],
        "16": [
          28,
          33
        ],
        "19": [
          33,
          36
        ],
        "10": [
          19,
          20
        ],
        "13": [
          36,
          43
        ],
        "20": [
          43,
          49
        ],
        "17": [
          43,
          47
        ],
        "9": [
          18,
          19
        ],
        "18": [
          20,
          28
        ],
        "21": [
          49,
          59
        ],
        "22": [
          59,
          59
        ]
      },
      "activity_order": [
        1,
        2,
        6,
        3,
        4,
        5,
        7,
        14,
        8,
        15,
        12,
        11,
        16,
        19,
        10,
        13,
        20,
        17,
        9,
        18,
        21,
        22
      ]
    },
    "HRU1": {
      "makespan": 63,