{
  "instance": "inst_set1a_sf0_nc1.8_n20_m10_01",
  "results": {
    "HRPW*": {
      "makespan": 97,
      "execution_time": 0.00019979476928710938,
      "schedule": {
        "1": [
          0,
          0
        ],
        "3": [
          0,
          3
        ],
        "8": [
          3,
          13
        ],
        "4": [
          13,
          21
        ],
        "6": [
          21,
          30
        ],
        "9": [
          30,
          31
        ],
        "10": [
          31,
          40
        ],
        "15": [
          40,
          50
        ],
        "7": [
          50,
          56
        ],
        "2": [
          56,
          65
        ],
        "12": [
          65,
          75
        ],
        "11": [
          75,
          80
        ],
        "16": [
          56,
          66
        ],
        "5": [
          66,
          76
        ],
        "13": [
          80,
          85
        ],
        "17": [
          85,
          89
        ],
        "14": [
          89,
          91
        ],
        "18": [
          91,
          94
        ],
        "21": [
          89,
          94
        ],
        "19": [
          94,
          97
        ],
        "20": [
          76,
          78
        ],
        "22": [
          97,
          97
        ]
      },
      "activity_order": [
        1,
        3,
        8,
        4,
        6,
        9,
        10,
        15,
        7,
        2,
        12,
        11,
        16,
        5,
        13,
        17,
        14,
        18,
        21,
        19,
        20,
        22
      ]
    },
    "LST": {
      "makespan": 97,
      "execution_time": 0.00022339820861816406,
      "schedule": {
        "1": [
          0,
          0
        ],
        "3": [
          0,
          3
        ],
        "8": [
          3,
          13
        ],
        "4": [
          13,
          21
        ],
        "6": [
          21,
          30
        ],
        "9": [
          30,
          31
        ],
        "10": [
          31,
          40
        ],
        "15": [
          40,
          50
        ],
        "7": [
          50,
          56
        ],
        "2": [
          56,
          65
        ],
        "12": [
          65,
          75
        ],
        "11": [
          75,
          80
        ],
        "16": [
          56,
          66
        ],
        "5": [
          66,
          76
        ],
        "13": [
          80,
          85
        ],
        "17": [
          85,
          89
        ],
        "14": [
          89,
          91
        ],
        "18": [
          91,
          94
        ],
        "21": [
          89,
          94
        ],
        "19": [
          94,
          97
        ],
        "20": [
          76,
          78
        ],
        "22": [
          97,
          97
        ]
      },
      "activity_order": [
        1,
        3,
        8,
        4,
        6,
        9,
        10,
        15,
        7,
        2,
        12,
        11,
        16,
        5,
        13,
        17,
        14,
        18,
        21,
        19,
        20,
        22
      ]
    },
    "LFT": {
      "makespan": 89,
      "execution_time": 0.00020265579223632812,
      "schedule": {
        "1": [
          0,
          0
        ],
        "3": [
          0,
          3
        ],
        "4": [
          3,
          11
        ],
        "8": [
          11,
          21
        ],
        "9": [
          21,
          22
        ],
        "6": [
          22,
          31
        ],
        "10": [
          31,
          40
        ],
        "7": [
          40,
          46
        ],
        "15": [
          46,
          56
        ],
        "2": [
          56,
          65
        ],
        "11": [
          65,
          70
        ],
        "12": [
          70,
          80
        ],
        "13": [
          70,
          75
        ],
        "14": [
          75,
          77
        ],
        "16": [
          56,
          66
        ],
        "17": [
          80,
          84
        ],
        "5": [
          66,
          76
        ],
        "18": [
          80,
          83
        ],
        "19": [
          83,
          86
        ],
        "20": [
          76,
          78
        ],
        "21": [
          84,
          89
        ],
        "22": [
          89,
          89
        ]
      },
      "activity_order": [
        1,
        3,
        4,
        8,
        9,
        6,
        10,
        7,
        15,
        2,
        11,
        12,
        13,
        14,
        16,
        17,
        5,
        18,
        19,
        20,
        21,
        22
      ]
    },
    "MTS": {
      "makespan": 89,
      "execution_time": 0.00019407272338867188,
      "schedule": {
        "1": [
          0,
          0
        ],
        "3": [
          0,
          3
        ],
        "6": [
          3,
          12
        ],
        "8": [
          12,
          22
        ],
        "4": [
          22,
          30
        ],
        "7": [
          30,
          36
        ],
        "9": [
          36,
          37
        ],
        "15": [
          37,
          47
        ],
        "2": [
          47,
          56
        ],
        "11": [
          56,
          61
        ],
        "10": [
          61,
          70
        ],
        "13": [
          61,
          66
        ],
        "5": [
          56,
          66
        ],
        "12": [
          70,
          80
        ],
        "14": [
          66,
          68
        ],
        "16": [
          66,
          76
        ],
        "17": [
          80,
          84
        ],
        "18": [
          80,
          83
        ],
        "19": [
          83,
          86
        ],
        "20": [
          66,
          68
        ],
        "21": [
          84,
          89
        ],
        "22": [
          89,
          89
        ]
      },
      "activity_order": [
        1,
        3,
        6,
        8,
        4,
        7,
        9,
        15,
        2,
        11,
        10,
        13,
        5,
        12,
        14,
        16,
        17,
        18,
        19,
        20,
        21,
        22
      ]
    },
    "TIMROS": {
      "makespan": 92,
      "execution_time": 0.0001983642578125,
      "schedule": {
        "1": [
          0,
          0
        ],
        "2": [
          0,
          9
        ],
        "5": [
          9,
          19
        ],
        "4": [
          9,
          17
        ],
        "3": [
          17,
          20
        ],
        "8": [
          20,
          30
        ],
        "15": [
          30,
          40
        ],
        "6": [
          40,
          49
        ],
        "7": [
          49,
          55
        ],
        "16": [
          55,
          65
        ],
        "11": [
          55,
          60
        ],
        "13": [
          60,
          65
        ],
        "9": [
          60,
          61
        ],
        "10": [
          61,
          70
        ],
        "12": [
          70,
          80
        ],
        "20": [
          61,
          63
        ],
        "17": [
          80,
          84
        ],
        "21": [
          84,
          89
        ],
        "14": [
          84,
          86
        ],
        "18": [
          86,
          89
        ],
        "19": [
          89,
          92
        ],
        "22": [
          92,
          92
        ]
      },
      "activity_order": [
        1,
        2,
        5,
        4,
        3,
        8,
        15,
        6,
        7,
        16,
        11,
        13,
        9,
        10,
        12,
        20,
        17,
        21,
        14,
        18,
        19,
        22
      ]
    },