{
  "instance": "inst_set1a_sf0.5_nc1.5_n20_m13_05",
  "results": {
    "HRPW*": {
      "makespan": 68,
      "execution_time": 0.0002415180206298828,
      "schedule": {
        "1": [
          0,
          0
        ],
        "3": [
          0,
          6
        ],
        "4": [
          6,
          16
        ],
        "6": [
          6,
          7
        ],
        "8": [
          7,
          8
        ],
        "11": [
          16,
          26
        ],
        "5": [
          26,
          29
        ],
        "15": [
          29,
          35
        ],
        "2": [
          0,
          6
        ],
        "16": [
          35,
          40
        ],
        "14": [
          29,
          38
        ],
        "9": [
          38,
          42
        ],
        "10": [
          40,
          44
        ],
        "17": [
          40,
          44
        ],
        "7": [
          44,
          47
        ],
        "12": [
          44,
          45
        ],
        "13": [
          44,
          50
        ],
        "19": [
          50,
          57
        ],
        "20": [
          57,
          63
        ],
        "18": [
          63,
          67
        ],
        "21": [
          67,
          68
        ],
        "22": [
          68,
          68
        ]
      },
      "activity_order": [
        1,
        3,
        4,
        6,
        8,
        11,
        5,
        15,
        2,
        16,
        14,
        9,
        10,
        17,
        7,
        12,
        13,
        19,
        20,
        18,
        21,
        22
      ]
    },
    "LST": {
      "makespan": 68,
      "execution_time": 0.00023365020751953125,
      "schedule": {
        "1": [
          0,
          0
        ],
        "3": [
          0,
          6
        ],
        "4": [
          6,
          16
        ],
        "6": [
          6,
          7
        ],
        "8": [
          7,
          8
        ],
        "11": [
          16,
          26
        ],
        "5": [
          26,
          29
        ],
        "15": [
          29,
          35
        ],
        "2": [
          0,
          6
        ],
        "16": [
          35,
          40
        ],
        "14": [
          29,
          38
        ],
        "9": [
          38,
          42
        ],
        "10": [
          40,
          44
        ],
        "17": [
          40,
          44
        ],
        "7": [
          44,
          47
        ],
        "12": [
          44,
          45
        ],
        "13": [
          44,
          50
        ],
        "19": [
          50,
          57
        ],
        "20": [
          57,
          63
        ],
        "18": [
          63,
          67
        ],
        "21": [
          67,
          68
        ],
        "22": [
          68,
          68
        ]
      },
      "activity_order": [
        1,
        3,
        4,
        6,
        8,
        11,
        5,
        15,
        2,
        16,
        14,
        9,
        10,
        17,
        7,
        12,
        13,
        19,
        20,
        18,
        21,
        22
      ]
    },
    "LFT": {
      "makespan": 68,
      "execution_time": 0.0002307891845703125,
      "schedule": {
        "1": [
          0,
          0
        ],
        "3": [
          0,
          6
        ],
        "6": [
          6,
          7
        ],
        "8": [
          7,
          8
        ],
        "4": [
          6,
          16
        ],
        "5": [
          16,
          19
        ],
        "11": [
          19,
          29
        ],
        "15": [
          29,
          35
        ],
        "2": [
          0,
          6
        ],
        "16": [
          35,
          40
        ],
        "9": [
          8,
          12
        ],
        "10": [
          40,
          44
        ],
        "12": [
          44,
          45
        ],
        "17": [
          40,
          44
        ],
        "7": [
          44,
          47
        ],
        "14": [
          45,
          54
        ],
        "13": [
          44,
          50
        ],
        "18": [
          50,
          54
        ],
        "19": [
          54,
          61
        ],
        "20": [
          61,
          67
        ],
        "21": [
          67,
          68
        ],
        "22": [
          68,
          68
        ]
      },
      "activity_order": [
        1,
        3,
        6,
        8,
        4,
        5,
        11,
        15,
        2,
        16,
        9,
        10,
        12,
        17,
        7,
        14,
        13,
        18,
        19,
        20,
        21,
        22
      ]
    },
    "MTS": {
      "makespan": 68,
      "execution_time": 0.0002474784851074219,
      "schedule": {
        "1": [
          0,
          0
        ],
        "3": [
          0,
          6
        ],
        "6": [
          6,
          7
        ],
        "4": [
          6,
          16
        ],
        "8": [
          7,
          8
        ],
        "5": [
          16,
          19
        ],
        "11": [
          19,
          29
        ],
        "2": [
          0,
          6
        ],
        "9": [
          8,
          12
        ],
        "10": [
          29,
          33
        ],
        "15": [
          33,
          39
        ],
        "12": [
          33,
          34
        ],
        "16": [
          39,
          44
        ],
        "17": [
          44,
          48
        ],
        "7": [
          48,
          51
        ],
        "13": [
          44,
          50
        ],
        "14": [
          34,
          43
        ],
        "18": [
          50,
          54
        ],
        "19": [
          54,
          61
        ],
        "20": [
          61,
          67
        ],
        "21": [
          67,
          68
        ],
        "22": [
          68,
          68
        ]
      },
      "activity_order": [
        1,
        3,
        6,
        4,
        8,
        5,
        11,
        2,
        9,
        10,
        15,
        12,
        16,
        17,
        7,
        13,
        14,
        18,
        19,
        20,
        21,
        22
      ]
    },
    "TIMROS": {
      "makespan": 81,
      "execution_time": 0.0002956390380859375,
      "schedule": {
        "1": [
          0,
          0
        ],
        "2": [
          0,
          6
        ],
        "4": [
          0,
          10
        ],
        "3": [
          10,
          16
        ],
        "9": [
          16,
          20
        ],
        "13": [
          16,
          22
        ],
        "5": [
          22,
          25
        ],
        "14": [
          25,
          34
        ],
        "7": [
          25,
          28
        ],
        "20": [
          34,
          40
        ],
        "6": [
          34,
          35
        ],
        "8": [
          35,
          36
        ],
        "11": [
          40,
          50
        ],
        "15": [
          50,
          56
        ],
        "10": [
          56,
          60
        ],
        "16": [
          60,
          65
        ],
        "17": [
          65,
          69
        ],
        "12": [
          60,
          61
        ],
        "19": [
          69,
          76
        ],
        "18": [
          76,
          80
        ],
        "21": [
          80,
          81
        ],
        "22": [
          81,
          81
        ]
      },
      "activity_order": [
        1,
        2,
        4,
        3,
        9,
        13,
        5,
        14,
        7,
        20,
        6,
        8,
        11,
        15,
        10,
        16,
        17,
        12,
        19,
        18,
        21,
        22
      ]
    },
    "HRU1": {
      "makespan": 68,