{
  "instance": "inst_set1a_sf0.5_nc1.5_n20_m13_02",
  "results": {
    "HRPW*": {
      "makespan": 123,
      "execution_time": 3.4332275390625e-05,
      "schedule": {
        "1": [
          0,
          0
        ],
        "3": [
          0,
          4
        ],
        "5": [
          4,
          9
        ],
        "2": [
          9,
          17
        ],
        "4": [
          17,
          27
        ],
        "8": [
          27,
          36
        ],
        "6": [
          36,
          46
        ],
        "11": [
          46,
          47
        ],
        "12": [
          47,
          57
        ],
        "13": [
          57,
          67
        ],
        "10": [
          67,
          69
        ],
        "7": [
          69,
          74
        ],
        "15": [
          74,
          77
        ],
        "17": [
          77,
          87
        ],
        "14": [
          87,
          95
        ],
        "18": [
          95,
          100
        ],
        "9": [
          100,
          101
        ],
        "16": [
          101,
          107
        ],
        "20": [
          107,
          117
        ],
        "19": [
          117,
          122
        ],
        "21": [
          122,
          123
        ],
        "22": [
          123,
          123
        ]
      },
      "activity_order": [
        1,
        3,
        5,
        2,
        4,
        8,
        6,
        11,
        12,
        13,
        10,
        7,
        15,
        17,
        14,
        18,
        9,
        16,
        20,
        19,
        21,
        22
      ]
    },
    "LST": {
      "makespan": 123,
      "execution_time": 3.337860107421875e-05,
      "schedule": {
        "1": [
          0,
          0
        ],
        "3": [
          0,
          4
        ],
        "5": [
          4,
          9
        ],
        "2": [
          9,
          17
        ],
        "4": [
          17,
          27
        ],
        "8": [
          27,
          36
        ],
        "6": [
          36,
          46
        ],
        "11": [
          46,
          47
        ],
        "12": [
          47,
          57
        ],
        "13": [
          57,
          67
        ],
        "10": [
          67,
          69
        ],
        "7": [
          69,
          74
        ],
        "15": [
          74,
          77
        ],
        "17": [
          77,
          87
        ],
        "14": [
          87,
          95
        ],
        "18": [
          95,
          100
        ],
        "9": [
          100,
          101
        ],
        "16": [
          101,
          107
        ],
        "20": [
          107,
          117
        ],
        "19": [
          117,
          122
        ],
        "21": [
          122,
          123
        ],
        "22": [
          123,
          123
        ]
      },
      "activity_order": [
        1,
        3,
        5,
        2,
        4,
        8,
        6,
        11,
        12,
        13,
        10,
        7,
        15,
        17,
        14,
        18,
        9,
        16,
        20,
        19,
        21,
        22
      ]
    },
    "LFT": {
      "makespan": 123,
      "execution_time": 3.409385681152344e-05,
      "schedule": {
        "1": [
          0,
          0
        ],
        "3": [
          0,
          4
        ],
        "5": [
          4,
          9
        ],
        "2": [
          9,
          17
        ],
        "4": [
          17,
          27
        ],
        "8": [
          27,
          36
        ],
        "11": [
          36,
          37
        ],
        "6": [
          37,
          47
        ],
        "10": [
          47,
          49
        ],
        "12": [
          49,
          59
        ],
        "13": [
          59,
          69
        ],
        "15": [
          69,
          72
        ],
        "7": [
          72,
          77
        ],
        "9": [
          77,
          78
        ],
        "14": [
          78,
          86
        ],
        "17": [
          86,
          96
        ],
        "18": [
          96,
          101
        ],
        "16": [
          101,
          107
        ],
        "19": [
          107,
          112
        ],
        "20": [
          112,
          122
        ],
        "21": [
          122,
          123
        ],
        "22": [
          123,
          123
        ]
      },
      "activity_order": [
        1,
        3,
        5,
        2,
        4,
        8,
        11,
        6,
        10,
        12,
        13,
        15,
        7,
        9,
        14,
        17,
        18,
        16,
        19,
        20,
        21,
        22
      ]
    },
    "MTS": {
      "makespan": 123,
      "execution_time": 3.123283386230469e-05,
      "schedule": {
        "1": [
          0,
          0
        ],
        "4": [
          0,
          10
        ],
        "3": [
          10,
          14
        ],
        "2": [
          14,
          22
        ],
        "5": [
          22,
          27
        ],
        "6": [
          27,
          37
        ],
        "8": [
          37,
          46
        ],
        "11": [
          46,
          47
        ],
        "12": [
          47,
          57
        ],
        "13": [
          57,
          67
        ],
        "7": [
          67,
          72
        ],
        "10": [
          72,
          74
        ],
        "9": [
          74,
          75
        ],
        "14": [
          75,
          83
        ],
        "15": [
          83,
          86
        ],
        "16": [
          86,
          92
        ],
        "17": [
          92,
          102
        ],
        "18": [
          102,
          107
        ],
        "19": [
          107,
          112
        ],
        "20": [
          112,
          122
        ],
        "21": [
          122,
          123
        ],
        "22": [
          123,
          123
        ]
      },
      "activity_order": [
        1,
        4,
        3,
        2,
        5,
        6,
        8,
        11,
        12,
        13,
        7,
        10,
        9,
        14,
        15,
        16,
        17,
        18,
        19,
        20,
        21,
        22
      ]
    },
    "TIMROS": {
      "makespan": 123,
      "execution_time": 0.00017762184143066406,
      "schedule": {
        "1": [
          0,
          0
        ],
        "4": [
          0,
          10
        ],
        "2": [
          10,
          18
        ],
        "6": [
          18,
          28
        ],
        "7": [
          28,
          33
        ],
        "3": [
          33,
          37
        ],
        "5": [
          37,
          42
        ],
        "8": [
          42,
          51
        ],
        "12": [
          51,
          61
        ],
        "14": [
          61,
          69
        ],
        "11": [
          69,
          70
        ],
        "13": [
          70,
          80
        ],
        "18": [
          80,
          85
        ],
        "21": [
          85,
          86
        ],
        "10": [
          86,
          88
        ],
        "15": [
          88,
          91
        ],
        "17": [
          91,
          101
        ],
        "20": [
          101,
          111
        ],
        "9": [
          111,
          112
        ],
        "16": [
          112,
          118
        ],
        "19": [
          118,
          123
        ],
        "22": [
          123,
          123
        ]
      },