{
  "instance": "inst_set1a_sf0_nc1.8_n20_m10_03",
  "results": {
    "HRPW*": {
      "makespan": 79,
      "execution_time": 0.00033783912658691406,
      "schedule": {
        "1": [
          0,
          0
        ],
        "2": [
          0,
          9
        ],
        "5": [
          9,
          19
        ],
        "6": [
          19,
          24
        ],
        "4": [
          19,
          27
        ],
        "12": [
          24,
          26
        ],
        "3": [
          27,
          28
        ],
        "14": [
          28,
          34
        ],
        "7": [
          34,
          36
        ],
        "8": [
          36,
          43
        ],
        "9": [
          36,
          37
        ],
        "10": [
          43,
          44
        ],
        "15": [
          44,
          51
        ],
        "11": [
          51,
          56
        ],
        "13": [
          56,
          66
        ],
        "21": [
          66,
          76
        ],
        "17": [
          51,
          58
        ],
        "18": [
          58,
          62
        ],
        "19": [
          62,
          66
        ],
        "16": [
          76,
          78
        ],
        "20": [
          78,
          79
        ],
        "22": [
          79,
          79
        ]
      },
      "activity_order": [
        1,
        2,
        5,
        6,
        4,
        12,
        3,
        14,
        7,
        8,
        9,
        10,
        15,
        11,
        13,
        21,
        17,
        18,
        19,
        16,
        20,
        22
      ]
    },
    "LST": {
      "makespan": 79,
      "execution_time": 0.00019407272338867188,
      "schedule": {
        "1": [
          0,
          0
        ],
        "2": [
          0,
          9
        ],
        "5": [
          9,
          19
        ],
        "6": [
          19,
          24
        ],
        "4": [
          19,
          27
        ],
        "12": [
          24,
          26
        ],
        "3": [
          27,
          28
        ],
        "14": [
          28,
          34
        ],
        "7": [
          34,
          36
        ],
        "8": [
          36,
          43
        ],
        "9": [
          36,
          37
        ],
        "10": [
          43,
          44
        ],
        "15": [
          44,
          51
        ],
        "11": [
          51,
          56
        ],
        "13": [
          56,
          66
        ],
        "21": [
          66,
          76
        ],
        "17": [
          51,
          58
        ],
        "18": [
          58,
          62
        ],
        "19": [
          62,
          66
        ],
        "16": [
          76,
          78
        ],
        "20": [
          78,
          79
        ],
        "22": [
          79,
          79
        ]
      },
      "activity_order": [
        1,
        2,
        5,
        6,
        4,
        12,
        3,
        14,
        7,
        8,
        9,
        10,
        15,
        11,
        13,
        21,
        17,
        18,
        19,
        16,
        20,
        22
      ]
    },
    "LFT": {
      "makespan": 79,
      "execution_time": 0.00021123886108398438,
      "schedule": {
        "1": [
          0,
          0
        ],
        "2": [
          0,
          9
        ],
        "5": [
          9,
          19
        ],
        "6": [
          19,
          24
        ],
        "3": [
          19,
          20
        ],
        "12": [
          24,
          26
        ],
        "4": [
          20,
          28
        ],
        "7": [
          28,
          30
        ],
        "9": [
          30,
          31
        ],
        "14": [
          30,
          36
        ],
        "10": [
          36,
          37
        ],
        "8": [
          37,
          44
        ],
        "11": [
          44,
          49
        ],
        "15": [
          49,
          56
        ],
        "18": [
          44,
          48
        ],
        "13": [
          56,
          66
        ],
        "16": [
          66,
          68
        ],
        "17": [
          56,
          63
        ],
        "19": [
          63,
          67
        ],
        "20": [
          68,
          69
        ],
        "21": [
          69,
          79
        ],
        "22": [
          79,
          79
        ]
      },
      "activity_order": [
        1,
        2,
        5,
        6,
        3,
        12,
        4,
        7,
        9,
        14,
        10,
        8,
        11,
        15,
        18,
        13,
        16,
        17,
        19,
        20,
        21,
        22
      ]
    },
    "MTS": {
      "makespan": 70,
      "execution_time": 0.000213623046875,
      "schedule": {
        "1": [
          0,
          0
        ],
        "2": [
          0,
          9
        ],
        "3": [
          0,
          1
        ],
        "4": [
          1,
          9
        ],
        "5": [
          9,
          19
        ],
        "6": [
          19,
          24
        ],
        "7": [
          19,
          21
        ],
        "12": [
          24,
          26
        ],
        "9": [
          26,
          27
        ],
        "8": [
          21,
          28
        ],
        "14": [
          28,
          34
        ],
        "10": [
          34,
          35
        ],
        "15": [
          35,
          42
        ],
        "11": [
          42,
          47
        ],
        "13": [
          47,
          57
        ],
        "16": [
          57,
          59
        ],
        "17": [
          42,
          49
        ],
        "18": [
          49,
          53
        ],
        "19": [
          53,
          57
        ],
        "20": [
          59,
          60
        ],
        "21": [
          60,
          70
        ],
        "22": [
          70,
          70
        ]
      },
      "activity_order": [
        1,
        2,
        3,
        4,
        5,
        6,
        7,
        12,
        9,
        8,
        14,
        10,
        15,
        11,
        13,
        16,
        17,
        18,
        19,
        20,
        21,
        22
      ]
    },
    "TIMROS": {
      "makespan": 77,
      "execution_time": 0.00018835067749023438,
      "schedule": {
        "1": [
          0,
          0
        ],
        "4": [
          0,
          8
        ],
        "2": [
          0,
          9
        ],
        "5": [
          9,
          19
        ],
        "6": [
          19,
          24
        ],
        "7": [
          19,
          21
        ],
        "3": [
          21,
          22
        ],
        "8": [
          22,
          29
        ],
        "18": [
          29,
          33
        ],
        "12": [
          33,
          35
        ],
        "14": [
          35,
          41
        ],
        "15": [
          41,
          48
        ],
        "21": [
          48,
          58
        ],
        "17": [
          48,
          55
        ],
        "9": [
          55,
          56
        ],
        "19": [
          56,
          60
        ],
        "10": [
          58,
          59
        ],
        "11": [
          59,
          64
        ],
        "13": [
          64,
          74
        ],
        "16": [
          74,
          76
        ],
        "20": [
          76,
          77
        ],
        "22": [
          77,
          77
        ]
      },
      "activity_order": [
        1,
        4,
        2,
        5,
        6,
        7,
        3,
        8,
        18,
        12,
        14,
        15,
        21,
        17,
        9,
        19,
        10,
        11,
        13,
        16,
        20,
        22
      ]
    },
    "HRU1": {
      "makespan": 89,