{
  "instance": "inst_set1a_sf1_nc1.8_n20_m20_03",
  "results": {
    "HRPW*": {
      "makespan": 101,
      "execution_time": 0.0005135536193847656,
      "schedule": {
        "1": [
          0,
          0
        ],
        "2": [
          0,
          5
        ],
        "5": [
          5,
          12
        ],
        "3": [
          12,
          20
        ],
        "6": [
          20,
          28
        ],
        "4": [
          28,
          35
        ],
        "15": [
          35,
          38
        ],
        "16": [
          38,
          46
        ],
        "7": [
          46,
          50
        ],
        "11": [
          50,
          54
        ],
        "9": [
          54,
          57
        ],
        "10": [
          57,
          62
        ],
        "17": [
          62,
          64
        ],
        "8": [
          64,
          68
        ],
        "18": [
          68,
          74
        ],
        "12": [
          74,
          75
        ],
        "14": [
          75,
          79
        ],
        "13": [
          79,
          81
        ],
        "19": [
          81,
          89
        ],
        "21": [
          89,
          97
        ],
        "20": [
          97,
          101
        ],
        "22": [
          101,
          101
        ]
      },
      "activity_order": [
        1,
        2,
        5,
        3,
        6,
        4,
        15,
        16,
        7,
        11,
        9,
        10,
        17,
        8,
        18,
        12,
        14,
        13,
        19,
        21,
        20,
        22
      ]
    },
    "LST": {
      "makespan": 101,
      "execution_time": 0.0003540515899658203,
      "schedule": {
        "1": [
          0,
          0
        ],
        "2": [
          0,
          5
        ],
        "5": [
          5,
          12
        ],
        "3": [
          12,
          20
        ],
        "6": [
          20,
          28
        ],
        "4": [
          28,
          35
        ],
        "15": [
          35,
          38
        ],
        "16": [
          38,
          46
        ],
        "7": [
          46,
          50
        ],
        "11": [
          50,
          54
        ],
        "9": [
          54,
          57
        ],
        "10": [
          57,
          62
        ],
        "17": [
          62,
          64
        ],
        "8": [
          64,
          68
        ],
        "18": [
          68,
          74
        ],
        "12": [
          74,
          75
        ],
        "14": [
          75,
          79
        ],
        "13": [
          79,
          81
        ],
        "19": [
          81,
          89
        ],
        "21": [
          89,
          97
        ],
        "20": [
          97,
          101
        ],
        "22": [
          101,
          101
        ]
      },
      "activity_order": [
        1,
        2,
        5,
        3,
        6,
        4,
        15,
        16,
        7,
        11,
        9,
        10,
        17,
        8,
        18,
        12,
        14,
        13,
        19,
        21,
        20,
        22
      ]
    },
    "LFT": {
      "makespan": 101,
      "execution_time": 0.0002837181091308594,
      "schedule": {
        "1": [
          0,
          0
        ],
        "2": [
          0,
          5
        ],
        "5": [
          5,
          12
        ],
        "3": [
          12,
          20
        ],
        "6": [
          20,
          28
        ],
        "15": [
          28,
          31
        ],
        "4": [
          31,
          38
        ],
        "7": [
          38,
          42
        ],
        "9": [
          42,
          45
        ],
        "11": [
          45,
          49
        ],
        "16": [
          49,
          57
        ],
        "17": [
          57,
          59
        ],
        "10": [
          59,
          64
        ],
        "12": [
          64,
          65
        ],
        "8": [
          65,
          69
        ],
        "13": [
          69,
          71
        ],
        "14": [
          71,
          75
        ],
        "18": [
          75,
          81
        ],
        "19": [
          81,
          89
        ],
        "20": [
          89,
          93
        ],
        "21": [
          93,
          101
        ],
        "22": [
          101,
          101
        ]
      },
      "activity_order": [
        1,
        2,
        5,
        3,
        6,
        15,
        4,
        7,
        9,
        11,
        16,
        17,
        10,
        12,
        8,
        13,
        14,
        18,
        19,
        20,
        21,
        22
      ]
    },
    "MTS": {
      "makespan": 101,
      "execution_time": 0.00025534629821777344,
      "schedule": {
        "1": [
          0,
          0
        ],
        "2": [
          0,
          5
        ],
        "4": [
          5,
          12
        ],
        "5": [
          12,
          19
        ],
        "3": [
          19,
          27
        ],
        "6": [
          27,
          35
        ],
        "7": [
          35,
          39
        ],
        "15": [
          39,
          42
        ],
        "9": [
          42,
          45
        ],
        "16": [
          45,
          53
        ],
        "8": [
          53,
          57
        ],
        "10": [
          57,
          62
        ],
        "11": [
          62,
          66
        ],
        "12": [
          66,
          67
        ],
        "14": [
          67,
          71
        ],
        "17": [
          71,
          73
        ],
        "13": [
          73,
          75
        ],
        "18": [
          75,
          81
        ],
        "19": [
          81,
          89
        ],
        "20": [
          89,
          93
        ],
        "21": [
          93,
          101
        ],
        "22": [
          101,
          101
        ]
      },
      "activity_order": [
        1,
        2,
        4,
        5,
        3,
        6,
        7,
        15,
        9,
        16,
        8,
        10,
        11,
        12,
        14,
        17,
        13,
        18,
        19,
        20,
        21,
        22
      ]
    },
    "TIMROS": {
      "makespan": 101,
      "execution_time": 0.0004355907440185547,
      "schedule": {
        "1": [
          0,
          0
        ],
        "3": [
          0,
          8
        ],
        "4": [
          8,
          15
        ],
        "2": [
          15,
          20
        ],
        "5": [
          20,
          27
        ],
        "6": [
          27,
          35
        ],
        "7": [
          35,
          39
        ],
        "10": [
          39,
          44
        ],
        "8": [
          44,
          48
        ],
        "11": [
          48,
          52
        ],
        "9": [
          52,
          55
        ],
        "15": [
          55,
          58
        ],
        "16": [
          58,
          66
        ],
        "13": [
          66,
          68
        ],
        "19": [
          68,
          76
        ],
        "17": [
          76,
          78
        ],
        "18": [
          78,
          84
        ],
        "12": [
          84,
          85
        ],
        "14": [
          85,
          89
        ],
        "21": [
          89,
          97
        ],
        "20": [
          97,
          101
        ],
        "22": [
          101,
          101
        ]
      },
      "activity_order": [
        1,
        3,
        4,
        2,
        5,
        6,
        7,
        10,
        8,
        11,
        9,
        15,
        16,
        13,
        19,
        17,
        18,
        12,
        14,
        21,
        20,
        22
      ]
    },