{
  "instance": "inst_set1a_sf0_nc2.1_n20_m25_00",
  "results": {
    "HRPW*": {
      "makespan": 59,
      "execution_time": 0.0005927085876464844,
      "schedule": {
        "1": [
          0,
          0
        ],
        "3": [
          0,
          9
        ],
        "6": [
          9,
          15
        ],
        "5": [
          9,
          11
        ],
        "7": [
          15,
          22
        ],
        "12": [
          22,
          29
        ],
        "4": [
          0,
          7
        ],
        "8": [
          29,
          35
        ],
        "9": [
          15,
          16
        ],
        "17": [
          29,
          38
        ],
        "10": [
          35,
          45
        ],
        "2": [
          35,
          42
        ],
        "14": [
          38,
          45
        ],
        "11": [
          42,
          44
        ],
        "18": [
          45,
          49
        ],
        "13": [
          44,
          45
        ],
        "15": [
          45,
          55
        ],
        "16": [
          45,
          53
        ],
        "19": [
          49,
          58
        ],
        "20": [
          45,
          49
        ],
        "21": [
          58,
          59
        ],
        "22": [
          59,
          59
        ]
      },
      "activity_order": [
        1,
        3,
        6,
        5,
        7,
        12,
        4,
        8,
        9,
        17,
        10,
        2,
        14,
        11,
        18,
        13,
        15,
        16,
        19,
        20,
        21,
        22
      ]
    },
    "LST": {
      "makespan": 59,
      "execution_time": 0.0004410743713378906,
      "schedule": {
        "1": [
          0,
          0
        ],
        "3": [
          0,
          9
        ],
        "6": [
          9,
          15
        ],
        "5": [
          9,
          11
        ],
        "7": [
          15,
          22
        ],
        "12": [
          22,
          29
        ],
        "4": [
          0,
          7
        ],
        "8": [
          29,
          35
        ],
        "9": [
          15,
          16
        ],
        "17": [
          29,
          38
        ],
        "10": [
          35,
          45
        ],
        "2": [
          35,
          42
        ],
        "14": [
          38,
          45
        ],
        "11": [
          42,
          44
        ],
        "18": [
          45,
          49
        ],
        "13": [
          44,
          45
        ],
        "15": [
          45,
          55
        ],
        "16": [
          45,
          53
        ],
        "19": [
          49,
          58
        ],
        "20": [
          45,
          49
        ],
        "21": [
          58,
          59
        ],
        "22": [
          59,
          59
        ]
      },
      "activity_order": [
        1,
        3,
        6,
        5,
        7,
        12,
        4,
        8,
        9,
        17,
        10,
        2,
        14,
        11,
        18,
        13,
        15,
        16,
        19,
        20,
        21,
        22
      ]
    },
    "LFT": {
      "makespan": 59,
      "execution_time": 0.0004341602325439453,
      "schedule": {
        "1": [
          0,
          0
        ],
        "3": [
          0,
          9
        ],
        "5": [
          9,
          11
        ],
        "6": [
          9,
          15
        ],
        "7": [
          15,
          22
        ],
        "9": [
          15,
          16
        ],
        "12": [
          22,
          29
        ],
        "4": [
          0,
          7
        ],
        "8": [
          29,
          35
        ],
        "2": [
          35,
          42
        ],
        "17": [
          29,
          38
        ],
        "11": [
          42,
          44
        ],
        "10": [
          35,
          45
        ],
        "13": [
          44,
          45
        ],
        "14": [
          38,
          45
        ],
        "18": [
          45,
          49
        ],
        "15": [
          45,
          55
        ],
        "16": [
          45,
          53
        ],
        "19": [
          49,
          58
        ],
        "20": [
          45,
          49
        ],
        "21": [
          58,
          59
        ],
        "22": [
          59,
          59
        ]
      },
      "activity_order": [
        1,
        3,
        5,
        6,
        7,
        9,
        12,
        4,
        8,
        2,
        17,
        11,
        10,
        13,
        14,
        18,
        15,
        16,
        19,
        20,
        21,
        22
      ]
    },
    "MTS": {
      "makespan": 60,
      "execution_time": 0.0004169940948486328,
      "schedule": {
        "1": [
          0,
          0
        ],
        "3": [
          0,
          9
        ],
        "6": [
          9,
          15
        ],
        "5": [
          9,
          11
        ],
        "9": [
          15,
          16
        ],
        "7": [
          15,
          22
        ],
        "4": [
          0,
          7
        ],
        "8": [
          22,
          28
        ],
        "11": [
          28,
          30
        ],
        "12": [
          30,
          37
        ],
        "2": [
          37,
          44
        ],
        "14": [
          22,
          29
        ],
        "17": [
          37,
          46
        ],
        "10": [
          28,
          38
        ],
        "13": [
          44,
          45
        ],
        "18": [
          46,
          50
        ],
        "15": [
          45,
          55
        ],
        "16": [
          44,
          52
        ],
        "19": [
          50,
          59
        ],
        "20": [
          46,
          50
        ],
        "21": [
          59,
          60
        ],
        "22": [
          60,
          60
        ]
      },
      "activity_order": [
        1,
        3,
        6,
        5,
        9,
        7,
        4,
        8,
        11,
        12,
        2,
        14,
        17,
        10,
        13,
        18,
        15,
        16,
        19,
        20,
        21,
        22
      ]
    },
    "TIMROS": {
      "makespan": 91,
      "execution_time": 0.0004076957702636719,
      "schedule": {
        "1": [
          0,
          0
        ],
        "2": [
          0,
          7
        ],
        "3": [
          0,
          9
        ],
        "7": [
          9,
          16
        ],
        "6": [
          16,
          22
        ],
        "4": [
          0,
          7
        ],
        "5": [
          9,
          11
        ],
        "12": [
          22,
          29
        ],
        "8": [
          29,
          35
        ],
        "10": [
          35,
          45
        ],
        "9": [
          45,
          46
        ],
        "17": [
          46,
          55
        ],
        "18": [
          55,
          59
        ],
        "11": [
          46,
          48
        ],
        "19": [
          59,
          68
        ],
        "14": [
          68,
          75
        ],
        "16": [
          75,
          83
        ],
        "20": [
          75,
          79
        ],
        "13": [
          79,
          80
        ],
        "15": [
          80,
          90
        ],
        "21": [
          90,
          91
        ],
        "22": [
          91,
          91
        ]
      },
      "activity_order": [
        1,
        2,
        3,
        7,
        6,
        4,
        5,
        12,
        8,
        10,
        9,
        17,
        18,
        11,
        19,
        14,
        16,
        20,
        13,
        15,
        21,
        22
      ]
    },
    "HRU1": {
      "makespan": 62,