{
  "instance": "inst_set1a_sf0_nc1.5_n20_m10_05",
  "results": {
    "HRPW*": {
      "makespan": 95,
      "execution_time": 0.00018644332885742188,
      "schedule": {
        "1": [
          0,
          0
        ],
        "3": [
          0,
          5
        ],
        "5": [
          5,
          14
        ],
        "8": [
          14,
          20
        ],
        "9": [
          20,
          29
        ],
        "2": [
          0,
          3
        ],
        "4": [
          29,
          30
        ],
        "6": [
          30,
          39
        ],
        "12": [
          39,
          44
        ],
        "11": [
          44,
          48
        ],
        "10": [
          48,
          54
        ],
        "14": [
          44,
          45
        ],
        "15": [
          54,
          60
        ],
        "18": [
          60,
          66
        ],
        "16": [
          66,
          67
        ],
        "17": [
          67,
          77
        ],
        "7": [
          77,
          78
        ],
        "20": [
          78,
          87
        ],
        "13": [
          87,
          88
        ],
        "19": [
          88,
          95
        ],
        "21": [
          88,
          89
        ],
        "22": [
          95,
          95
        ]
      },
      "activity_order": [
        1,
        3,
        5,
        8,
        9,
        2,
        4,
        6,
        12,
        11,
        10,
        14,
        15,
        18,
        16,
        17,
        7,
        20,
        13,
        19,
        21,
        22
      ]
    },
    "LST": {
      "makespan": 95,
      "execution_time": 0.00019121170043945312,
      "schedule": {
        "1": [
          0,
          0
        ],
        "3": [
          0,
          5
        ],
        "5": [
          5,
          14
        ],
        "8": [
          14,
          20
        ],
        "9": [
          20,
          29
        ],
        "2": [
          0,
          3
        ],
        "4": [
          29,
          30
        ],
        "6": [
          30,
          39
        ],
        "12": [
          39,
          44
        ],
        "11": [
          44,
          48
        ],
        "10": [
          48,
          54
        ],
        "14": [
          44,
          45
        ],
        "15": [
          54,
          60
        ],
        "18": [
          60,
          66
        ],
        "16": [
          66,
          67
        ],
        "17": [
          67,
          77
        ],
        "7": [
          77,
          78
        ],
        "20": [
          78,
          87
        ],
        "13": [
          87,
          88
        ],
        "19": [
          88,
          95
        ],
        "21": [
          88,
          89
        ],
        "22": [
          95,
          95
        ]
      },
      "activity_order": [
        1,
        3,
        5,
        8,
        9,
        2,
        4,
        6,
        12,
        11,
        10,
        14,
        15,
        18,
        16,
        17,
        7,
        20,
        13,
        19,
        21,
        22
      ]
    },
    "LFT": {
      "makespan": 89,
      "execution_time": 0.0002601146697998047,
      "schedule": {
        "1": [
          0,
          0
        ],
        "3": [
          0,
          5
        ],
        "5": [
          5,
          14
        ],
        "8": [
          14,
          20
        ],
        "2": [
          0,
          3
        ],
        "4": [
          20,
          21
        ],
        "9": [
          21,
          30
        ],
        "12": [
          30,
          35
        ],
        "11": [
          35,
          39
        ],
        "14": [
          35,
          36
        ],
        "6": [
          39,
          48
        ],
        "10": [
          48,
          54
        ],
        "16": [
          54,
          55
        ],
        "7": [
          55,
          56
        ],
        "15": [
          56,
          62
        ],
        "18": [
          62,
          68
        ],
        "13": [
          68,
          69
        ],
        "17": [
          69,
          79
        ],
        "19": [
          69,
          76
        ],
        "20": [
          79,
          88
        ],
        "21": [
          88,
          89
        ],
        "22": [
          89,
          89
        ]
      },
      "activity_order": [
        1,
        3,
        5,
        8,
        2,
        4,
        9,
        12,
        11,
        14,
        6,
        10,
        16,
        7,
        15,
        18,
        13,
        17,
        19,
        20,
        21,
        22
      ]
    },
    "MTS": {
      "makespan": 89,
      "execution_time": 0.000308990478515625,
      "schedule": {
        "1": [
          0,
          0
        ],
        "3": [
          0,
          5
        ],
        "5": [
          5,
          14
        ],
        "8": [
          14,
          20
        ],
        "2": [
          0,
          3
        ],
        "4": [
          20,
          21
        ],
        "6": [
          21,
          30
        ],
        "9": [
          30,
          39
        ],
        "10": [
          39,
          45
        ],
        "11": [
          45,
          49
        ],
        "12": [
          49,
          54
        ],
        "13": [
          54,
          55
        ],
        "14": [
          54,
          55
        ],
        "16": [
          55,
          56
        ],
        "7": [
          56,
          57
        ],
        "15": [
          57,
          63
        ],
        "17": [
          63,
          73
        ],
        "18": [
          73,
          79
        ],
        "19": [
          55,
          62
        ],
        "20": [
          79,
          88
        ],
        "21": [
          88,
          89
        ],
        "22": [
          89,
          89
        ]
      },
      "activity_order": [
        1,
        3,
        5,
        8,
        2,
        4,
        6,
        9,
        10,
        11,
        12,
        13,
        14,
        16,
        7,
        15,
        17,
        18,
        19,
        20,
        21,
        22
      ]
    },
    "TIMROS": {
      "makespan": 97,
      "execution_time": 0.000194549560546875,
      "schedule": {
        "1": [
          0,
          0
        ],
        "3": [
          0,
          5
        ],
        "5": [
          5,
          14
        ],
        "8": [
          14,
          20
        ],
        "9": [
          20,
          29
        ],
        "10": [
          29,
          35
        ],
        "11": [
          35,
          39
        ],
        "15": [
          39,
          45
        ],
        "2": [
          0,
          3
        ],
        "6": [
          45,
          54
        ],
        "4": [
          54,
          55
        ],
        "12": [
          55,
          60
        ],
        "7": [
          60,
          61
        ],
        "13": [
          61,
          62
        ],
        "19": [
          62,
          69
        ],
        "14": [
          69,
          70
        ],
        "18": [
          70,
          76
        ],
        "20": [
          76,
          85
        ],
        "16": [
          85,
          86
        ],
        "17": [
          86,
          96
        ],
        "21": [
          96,
          97
        ],
        "22": [
          97,
          97
        ]
      },
      "activity_order": [
        1,
        3,
        5,
        8,
        9,
        10,
        11,
        15,
        2,
        6,
        4,
        12,
        7,
        13,
        19,
        14,
        18,
        20,
        16,
        17,
        21,
        22
      ]
    },
    "HRU1": {
      "makespan": 89,