{
  "instance": "inst_set1a_sf0_nc2.1_n20_m10_04",
  "results": {
    "HRPW*": {
      "makespan": 90,
      "execution_time": 4.935264587402344e-05,
      "schedule": {
        "1": [
          0,
          0
        ],
        "2": [
          0,
          2
        ],
        "4": [
          2,
          11
        ],
        "5": [
          11,
          17
        ],
        "10": [
          17,
          20
        ],
        "6": [
          20,
          22
        ],
        "15": [
          22,
          31
        ],
        "12": [
          31,
          38
        ],
        "7": [
          38,
          48
        ],
        "3": [
          48,
          55
        ],
        "8": [
          55,
          57
        ],
        "11": [
          57,
          58
        ],
        "13": [
          58,
          59
        ],
        "17": [
          59,
          63
        ],
        "9": [
          63,
          64
        ],
        "18": [
          64,
          71
        ],
        "16": [
          71,
          77
        ],
        "14": [
          77,
          82
        ],
        "19": [
          82,
          86
        ],
        "20": [
          86,
          89
        ],
        "21": [
          89,
          90
        ],
        "22": [
          90,
          90
        ]
      },
      "activity_order": [
        1,
        2,
        4,
        5,
        10,
        6,
        15,
        12,
        7,
        3,
        8,
        11,
        13,
        17,
        9,
        18,
        16,
        14,
        19,
        20,
        21,
        22
      ]
    },
    "LST": {
      "makespan": 90,
      "execution_time": 4.9591064453125e-05,
      "schedule": {
        "1": [
          0,
          0
        ],
        "2": [
          0,
          2
        ],
        "4": [
          2,
          11
        ],
        "5": [
          11,
          17
        ],
        "10": [
          17,
          20
        ],
        "6": [
          20,
          22
        ],
        "15": [
          22,
          31
        ],
        "12": [
          31,
          38
        ],
        "7": [
          38,
          48
        ],
        "3": [
          48,
          55
        ],
        "8": [
          55,
          57
        ],
        "11": [
          57,
          58
        ],
        "13": [
          58,
          59
        ],
        "17": [
          59,
          63
        ],
        "9": [
          63,
          64
        ],
        "18": [
          64,
          71
        ],
        "16": [
          71,
          77
        ],
        "14": [
          77,
          82
        ],
        "19": [
          82,
          86
        ],
        "20": [
          86,
          89
        ],
        "21": [
          89,
          90
        ],
        "22": [
          90,
          90
        ]
      },
      "activity_order": [
        1,
        2,
        4,
        5,
        10,
        6,
        15,
        12,
        7,
        3,
        8,
        11,
        13,
        17,
        9,
        18,
        16,
        14,
        19,
        20,
        21,
        22
      ]
    },
    "LFT": {
      "makespan": 90,
      "execution_time": 5.364418029785156e-05,
      "schedule": {
        "1": [
          0,
          0
        ],
        "2": [
          0,
          2
        ],
        "5": [
          2,
          8
        ],
        "4": [
          8,
          17
        ],
        "6": [
          17,
          19
        ],
        "10": [
          19,
          22
        ],
        "11": [
          22,
          23
        ],
        "12": [
          23,
          30
        ],
        "8": [
          30,
          32
        ],
        "13": [
          32,
          33
        ],
        "15": [
          33,
          42
        ],
        "3": [
          42,
          49
        ],
        "7": [
          49,
          59
        ],
        "17": [
          59,
          63
        ],
        "9": [
          63,
          64
        ],
        "14": [
          64,
          69
        ],
        "16": [
          69,
          75
        ],
        "18": [
          75,
          82
        ],
        "19": [
          82,
          86
        ],
        "20": [
          86,
          89
        ],
        "21": [
          89,
          90
        ],
        "22": [
          90,
          90
        ]
      },
      "activity_order": [
        1,
        2,
        5,
        4,
        6,
        10,
        11,
        12,
        8,
        13,
        15,
        3,
        7,
        17,
        9,
        14,
        16,
        18,
        19,
        20,
        21,
        22
      ]
    },
    "MTS": {
      "makespan": 90,
      "execution_time": 5.0067901611328125e-05,
      "schedule": {
        "1": [
          0,
          0
        ],
        "2": [
          0,
          2
        ],
        "5": [
          2,
          8
        ],
        "6": [
          8,
          10
        ],
        "4": [
          10,
          19
        ],
        "10": [
          19,
          22
        ],
        "8": [
          22,
          24
        ],
        "11": [
          24,
          25
        ],
        "3": [
          25,
          32
        ],
        "7": [
          32,
          42
        ],
        "12": [
          42,
          49
        ],
        "15": [
          49,
          58
        ],
        "9": [
          58,
          59
        ],
        "13": [
          59,
          60
        ],
        "14": [
          60,
          65
        ],
        "17": [
          65,
          69
        ],
        "16": [
          69,
          75
        ],
        "18": [
          75,
          82
        ],
        "19": [
          82,
          86
        ],
        "20": [
          86,
          89
        ],
        "21": [
          89,
          90
        ],
        "22": [
          90,
          90
        ]
      },
      "activity_order": [
        1,
        2,
        5,
        6,
        4,
        10,
        8,
        11,
        3,
        7,
        12,
        15,
        9,
        13,
        14,
        17,
        16,
        18,
        19,
        20,
        21,
        22
      ]
    },
    "TIMROS": {
      "makespan": 90,
      "execution_time": 4.2438507080078125e-05,
      "schedule": {
        "1": [
          0,
          0
        ],
        "4": [
          0,
          9
        ],
        "3": [
          9,
          16
        ],
        "2": [
          16,
          18
        ],
        "5": [
          18,
          24
        ],
        "10": [
          24,
          27
        ],
        "12": [
          27,
          34
        ],
        "6": [
          34,
          36
        ],
        "7": [
          36,
          46
        ],
        "15": [
          46,
          55
        ],
        "11": [
          55,
          56
        ],
        "14": [
          56,
          61
        ],
        "13": [
          61,
          62
        ],
        "8": [
          62,
          64
        ],
        "17": [
          64,
          68
        ],
        "18": [
          68,
          75
        ],
        "9": [
          75,
          76
        ],
        "16": [
          76,
          82
        ],
        "20": [
          82,
          85
        ],
        "19": [
          85,
          89
        ],
        "21": [
          89,
          90
        ],
        "22": [
          90,
          90
        ]
      },
      "activity_order": [
        1,
        4,
        3,
        2,
        5,
        10,
        12,
        6,
        7,
        15,
        11,
        14,
        13,
        8,
        17,
        18,
        9,
        16,
        20,
        19,
        21,
        22
      ]
    },
    "HRU1": {
      "makespan": 90,