{
  "instance": "inst_set1a_sf0.75_nc1.8_n20_m20_01",
  "results": {
    "HRPW*": {
      "makespan": 52,
      "execution_time": 0.0005621910095214844,
      "schedule": {
        "1": [
          0,
          0
        ],
        "2": [
          0,
          7
        ],
        "3": [
          0,
          5
        ],
        "4": [
          0,
          7
        ],
        "8": [
          7,
          14
        ],
        "9": [
          14,
          21
        ],
        "7": [
          21,
          23
        ],
        "6": [
          23,
          27
        ],
        "14": [
          23,
          33
        ],
        "12": [
          21,
          29
        ],
        "11": [
          27,
          36
        ],
        "10": [
          27,
          30
        ],
        "5": [
          33,
          34
        ],
        "16": [
          34,
          37
        ],
        "17": [
          34,
          37
        ],
        "13": [
          36,
          45
        ],
        "15": [
          37,
          46
        ],
        "18": [
          37,
          44
        ],
        "19": [
          37,
          45
        ],
        "21": [
          44,
          52
        ],
        "20": [
          46,
          47
        ],
        "22": [
          52,
          52
        ]
      },
      "activity_order": [
        1,
        2,
        3,
        4,
        8,
        9,
        7,
        6,
        14,
        12,
        11,
        10,
        5,
        16,
        17,
        13,
        15,
        18,
        19,
        21,
        20,
        22
      ]
    },
    "LST": {
      "makespan": 52,
      "execution_time": 0.0005185604095458984,
      "schedule": {
        "1": [
          0,
          0
        ],
        "2": [
          0,
          7
        ],
        "3": [
          0,
          5
        ],
        "4": [
          0,
          7
        ],
        "8": [
          7,
          14
        ],
        "9": [
          14,
          21
        ],
        "7": [
          21,
          23
        ],
        "6": [
          23,
          27
        ],
        "14": [
          23,
          33
        ],
        "12": [
          21,
          29
        ],
        "11": [
          27,
          36
        ],
        "10": [
          27,
          30
        ],
        "5": [
          33,
          34
        ],
        "16": [
          34,
          37
        ],
        "17": [
          34,
          37
        ],
        "13": [
          36,
          45
        ],
        "15": [
          37,
          46
        ],
        "18": [
          37,
          44
        ],
        "19": [
          37,
          45
        ],
        "21": [
          44,
          52
        ],
        "20": [
          46,
          47
        ],
        "22": [
          52,
          52
        ]
      },
      "activity_order": [
        1,
        2,
        3,
        4,
        8,
        9,
        7,
        6,
        14,
        12,
        11,
        10,
        5,
        16,
        17,
        13,
        15,
        18,
        19,
        21,
        20,
        22
      ]
    },
    "LFT": {
      "makespan": 46,
      "execution_time": 0.000415802001953125,
      "schedule": {
        "1": [
          0,
          0
        ],
        "2": [
          0,
          7
        ],
        "3": [
          0,
          5
        ],
        "4": [
          0,
          7
        ],
        "7": [
          7,
          9
        ],
        "8": [
          9,
          16
        ],
        "9": [
          16,
          23
        ],
        "6": [
          23,
          27
        ],
        "5": [
          7,
          8
        ],
        "12": [
          23,
          31
        ],
        "14": [
          9,
          19
        ],
        "10": [
          27,
          30
        ],
        "11": [
          27,
          36
        ],
        "16": [
          23,
          26
        ],
        "17": [
          31,
          34
        ],
        "13": [
          36,
          45
        ],
        "15": [
          34,
          43
        ],
        "18": [
          31,
          38
        ],
        "19": [
          34,
          42
        ],
        "20": [
          45,
          46
        ],
        "21": [
          38,
          46
        ],
        "22": [
          46,
          46
        ]
      },
      "activity_order": [
        1,
        2,
        3,
        4,
        7,
        8,
        9,
        6,
        5,
        12,
        14,
        10,
        11,
        16,
        17,
        13,
        15,
        18,
        19,
        20,
        21,
        22
      ]
    },
    "MTS": {
      "makespan": 54,
      "execution_time": 0.00037026405334472656,
      "schedule": {
        "1": [
          0,
          0
        ],
        "3": [
          0,
          5
        ],
        "4": [
          0,
          7
        ],
        "2": [
          0,
          7
        ],
        "9": [
          5,
          12
        ],
        "8": [
          12,
          19
        ],
        "6": [
          19,
          23
        ],
        "12": [
          19,
          27
        ],
        "7": [
          23,
          25
        ],
        "10": [
          25,
          28
        ],
        "14": [
          25,
          35
        ],
        "5": [
          35,
          36
        ],
        "16": [
          36,
          39
        ],
        "17": [
          36,
          39
        ],
        "11": [
          23,
          32
        ],
        "13": [
          32,
          41
        ],
        "15": [
          39,
          48
        ],
        "18": [
          39,
          46
        ],
        "19": [
          39,
          47
        ],
        "20": [
          48,
          49
        ],
        "21": [
          46,
          54
        ],
        "22": [
          54,
          54
        ]
      },
      "activity_order": [
        1,
        3,
        4,
        2,
        9,
        8,
        6,
        12,
        7,
        10,
        14,
        5,
        16,
        17,
        11,
        13,
        15,
        18,
        19,
        20,
        21,
        22
      ]
    },
    "TIMROS": {
      "makespan": 71,
      "execution_time": 0.0003376007080078125,
      "schedule": {
        "1": [
          0,
          0
        ],
        "2": [
          0,
          7
        ],
        "4": [
          0,
          7
        ],
        "8": [
          7,
          14
        ],
        "3": [
          0,
          5
        ],
        "9": [
          14,
          21
        ],
        "12": [
          21,
          29
        ],
        "6": [
          21,
          25
        ],
        "11": [
          25,
          34
        ],
        "15": [
          29,
          38
        ],
        "10": [
          38,
          41
        ],
        "13": [
          41,
          50
        ],
        "7": [
          41,
          43
        ],
        "14": [
          43,
          53
        ],
        "16": [
          53,
          56
        ],
        "18": [
          56,
          63
        ],
        "5": [
          56,
          57
        ],
        "17": [
          57,
          60
        ],
        "19": [
          60,
          68
        ],
        "21": [
          63,
          71
        ],
        "20": [
          63,
          64
        ],
        "22": [
          71,
          71
        ]
      },
      "activity_order": [
        1,
        2,
        4,
        8,
        3,
        9,
        12,
        6,
        11,
        15,
        10,
        13,
        7,
        14,
        16,
        18,
        5,
        17,
        19,
        21,
        20,
        22
      ]
    },
    "HRU1": {
      "makespan": 55,