{
  "instance": "inst_set1a_sf0.75_nc1.8_n20_m25_04",
  "results": {
    "HRPW*": {
      "makespan": 98,
      "execution_time": 6.198883056640625e-05,
      "schedule": {
        "1": [
          0,
          0
        ],
        "3": [
          0,
          3
        ],
        "7": [
          3,
          5
        ],
        "8": [
          5,
          11
        ],
        "2": [
          11,
          16
        ],
        "10": [
          16,
          19
        ],
        "11": [
          19,
          28
        ],
        "4": [
          28,
          29
        ],
        "12": [
          29,
          37
        ],
        "6": [
          37,
          39
        ],
        "17": [
          39,
          47
        ],
        "15": [
          47,
          53
        ],
        "16": [
          53,
          57
        ],
        "18": [
          57,
          65
        ],
        "5": [
          65,
          67
        ],
        "14": [
          67,
          72
        ],
        "13": [
          72,
          82
        ],
        "21": [
          82,
          92
        ],
        "9": [
          92,
          95
        ],
        "20": [
          95,
          97
        ],
        "19": [
          97,
          98
        ],
        "22": [
          98,
          98
        ]
      },
      "activity_order": [
        1,
        3,
        7,
        8,
        2,
        10,
        11,
        4,
        12,
        6,
        17,
        15,
        16,
        18,
        5,
        14,
        13,
        21,
        9,
        20,
        19,
        22
      ]
    },
    "LST": {
      "makespan": 98,
      "execution_time": 5.340576171875e-05,
      "schedule": {
        "1": [
          0,
          0
        ],
        "3": [
          0,
          3
        ],
        "7": [
          3,
          5
        ],
        "8": [
          5,
          11
        ],
        "2": [
          11,
          16
        ],
        "10": [
          16,
          19
        ],
        "11": [
          19,
          28
        ],
        "4": [
          28,
          29
        ],
        "12": [
          29,
          37
        ],
        "6": [
          37,
          39
        ],
        "17": [
          39,
          47
        ],
        "15": [
          47,
          53
        ],
        "16": [
          53,
          57
        ],
        "18": [
          57,
          65
        ],
        "5": [
          65,
          67
        ],
        "14": [
          67,
          72
        ],
        "13": [
          72,
          82
        ],
        "21": [
          82,
          92
        ],
        "9": [
          92,
          95
        ],
        "20": [
          95,
          97
        ],
        "19": [
          97,
          98
        ],
        "22": [
          98,
          98
        ]
      },
      "activity_order": [
        1,
        3,
        7,
        8,
        2,
        10,
        11,
        4,
        12,
        6,
        17,
        15,
        16,
        18,
        5,
        14,
        13,
        21,
        9,
        20,
        19,
        22
      ]
    },
    "LFT": {
      "makespan": 98,
      "execution_time": 3.814697265625e-05,
      "schedule": {
        "1": [
          0,
          0
        ],
        "3": [
          0,
          3
        ],
        "7": [
          3,
          5
        ],
        "8": [
          5,
          11
        ],
        "2": [
          11,
          16
        ],
        "10": [
          16,
          19
        ],
        "4": [
          19,
          20
        ],
        "6": [
          20,
          22
        ],
        "11": [
          22,
          31
        ],
        "12": [
          31,
          39
        ],
        "15": [
          39,
          45
        ],
        "16": [
          45,
          49
        ],
        "17": [
          49,
          57
        ],
        "5": [
          57,
          59
        ],
        "14": [
          59,
          64
        ],
        "18": [
          64,
          72
        ],
        "9": [
          72,
          75
        ],
        "13": [
          75,
          85
        ],
        "19": [
          85,
          86
        ],
        "20": [
          86,
          88
        ],
        "21": [
          88,
          98
        ],
        "22": [
          98,
          98
        ]
      },
      "activity_order": [
        1,
        3,
        7,
        8,
        2,
        10,
        4,
        6,
        11,
        12,
        15,
        16,
        17,
        5,
        14,
        18,
        9,
        13,
        19,
        20,
        21,
        22
      ]
    },
    "MTS": {
      "makespan": 98,
      "execution_time": 3.933906555175781e-05,
      "schedule": {
        "1": [
          0,
          0
        ],
        "3": [
          0,
          3
        ],
        "7": [
          3,
          5
        ],
        "8": [
          5,
          11
        ],
        "2": [
          11,
          16
        ],
        "4": [
          16,
          17
        ],
        "10": [
          17,
          20
        ],
        "6": [
          20,
          22
        ],
        "11": [
          22,
          31
        ],
        "12": [
          31,
          39
        ],
        "5": [
          39,
          41
        ],
        "15": [
          41,
          47
        ],
        "16": [
          47,
          51
        ],
        "17": [
          51,
          59
        ],
        "9": [
          59,
          62
        ],
        "13": [
          62,
          72
        ],
        "14": [
          72,
          77
        ],
        "18": [
          77,
          85
        ],
        "19": [
          85,
          86
        ],
        "20": [
          86,
          88
        ],
        "21": [
          88,
          98
        ],
        "22": [
          98,
          98
        ]
      },
      "activity_order": [
        1,
        3,
        7,
        8,
        2,
        4,
        10,
        6,
        11,
        12,
        5,
        15,
        16,
        17,
        9,
        13,
        14,
        18,
        19,
        20,
        21,
        22
      ]
    },
    "TIMROS": {
      "makespan": 98,
      "execution_time": 3.7670135498046875e-05,
      "schedule": {
        "1": [
          0,
          0
        ],
        "2": [
          0,
          5
        ],
        "5": [
          5,
          7
        ],
        "14": [
          7,
          12
        ],
        "3": [
          12,
          15
        ],
        "13": [
          15,
          25
        ],
        "7": [
          25,
          27
        ],
        "8": [
          27,
          33
        ],
        "9": [
          33,
          36
        ],
        "10": [
          36,
          39
        ],
        "11": [
          39,
          48
        ],
        "4": [
          48,
          49
        ],
        "12": [
          49,
          57
        ],
        "15": [
          57,
          63
        ],
        "6": [
          63,
          65
        ],
        "17": [
          65,
          73
        ],
        "16": [
          73,
          77
        ],
        "18": [
          77,
          85
        ],
        "21": [
          85,
          95
        ],
        "19": [
          95,
          96
        ],
        "20": [
          96,
          98
        ],
        "22": [
          98,
          98
        ]
      },
      "activity_order": [
        1,
        2,
        5,
        14,
        3,
        13,
        7,
        8,
        9,
        10,
        11,
        4,
        12,
        15,
        6,
        17,
        16,
        18,
        21,
        19,
        20,
        22
      ]
    },
    "HRU1": {
      "makespan": 98,