{
  "instance": "inst_set1a_sf0_nc1.5_n20_m20_00",
  "results": {
    "HRPW*": {
      "makespan": 53,
      "execution_time": 0.00034689903259277344,
      "schedule": {
        "1": [
          0,
          0
        ],
        "4": [
          0,
          9
        ],
        "5": [
          9,
          16
        ],
        "7": [
          16,
          17
        ],
        "8": [
          17,
          26
        ],
        "6": [
          9,
          19
        ],
        "3": [
          19,
          29
        ],
        "2": [
          0,
          7
        ],
        "13": [
          26,
          35
        ],
        "10": [
          19,
          23
        ],
        "16": [
          23,
          27
        ],
        "9": [
          29,
          30
        ],
        "17": [
          17,
          20
        ],
        "11": [
          30,
          34
        ],
        "12": [
          27,
          28
        ],
        "18": [
          34,
          35
        ],
        "19": [
          35,
          44
        ],
        "14": [
          44,
          46
        ],
        "15": [
          46,
          47
        ],
        "21": [
          35,
          42
        ],
        "20": [
          47,
          53
        ],
        "22": [
          53,
          53
        ]
      },
      "activity_order": [
        1,
        4,
        5,
        7,
        8,
        6,
        3,
        2,
        13,
        10,
        16,
        9,
        17,
        11,
        12,
        18,
        19,
        14,
        15,
        21,
        20,
        22
      ]
    },
    "LST": {
      "makespan": 53,
      "execution_time": 0.00038909912109375,
      "schedule": {
        "1": [
          0,
          0
        ],
        "4": [
          0,
          9
        ],
        "5": [
          9,
          16
        ],
        "7": [
          16,
          17
        ],
        "8": [
          17,
          26
        ],
        "6": [
          9,
          19
        ],
        "3": [
          19,
          29
        ],
        "2": [
          0,
          7
        ],
        "13": [
          26,
          35
        ],
        "10": [
          19,
          23
        ],
        "16": [
          23,
          27
        ],
        "9": [
          29,
          30
        ],
        "17": [
          17,
          20
        ],
        "11": [
          30,
          34
        ],
        "12": [
          27,
          28
        ],
        "18": [
          34,
          35
        ],
        "19": [
          35,
          44
        ],
        "14": [
          44,
          46
        ],
        "15": [
          46,
          47
        ],
        "21": [
          35,
          42
        ],
        "20": [
          47,
          53
        ],
        "22": [
          53,
          53
        ]
      },
      "activity_order": [
        1,
        4,
        5,
        7,
        8,
        6,
        3,
        2,
        13,
        10,
        16,
        9,
        17,
        11,
        12,
        18,
        19,
        14,
        15,
        21,
        20,
        22
      ]
    },
    "LFT": {
      "makespan": 52,
      "execution_time": 0.0003447532653808594,
      "schedule": {
        "1": [
          0,
          0
        ],
        "4": [
          0,
          9
        ],
        "5": [
          9,
          16
        ],
        "7": [
          16,
          17
        ],
        "8": [
          17,
          26
        ],
        "2": [
          0,
          7
        ],
        "6": [
          9,
          19
        ],
        "3": [
          19,
          29
        ],
        "9": [
          29,
          30
        ],
        "10": [
          19,
          23
        ],
        "16": [
          23,
          27
        ],
        "17": [
          17,
          20
        ],
        "12": [
          27,
          28
        ],
        "18": [
          27,
          28
        ],
        "11": [
          30,
          34
        ],
        "13": [
          26,
          35
        ],
        "14": [
          34,
          36
        ],
        "15": [
          36,
          37
        ],
        "19": [
          37,
          46
        ],
        "20": [
          46,
          52
        ],
        "21": [
          35,
          42
        ],
        "22": [
          52,
          52
        ]
      },
      "activity_order": [
        1,
        4,
        5,
        7,
        8,
        2,
        6,
        3,
        9,
        10,
        16,
        17,
        12,
        18,
        11,
        13,
        14,
        15,
        19,
        20,
        21,
        22
      ]
    },
    "MTS": {
      "makespan": 52,
      "execution_time": 0.0003886222839355469,
      "schedule": {
        "1": [
          0,
          0
        ],
        "4": [
          0,
          9
        ],
        "5": [
          9,
          16
        ],
        "7": [
          16,
          17
        ],
        "2": [
          0,
          7
        ],
        "3": [
          0,
          10
        ],
        "8": [
          17,
          26
        ],
        "6": [
          10,
          20
        ],
        "9": [
          20,
          21
        ],
        "13": [
          26,
          35
        ],
        "17": [
          17,
          20
        ],
        "10": [
          20,
          24
        ],
        "11": [
          21,
          25
        ],
        "16": [
          24,
          28
        ],
        "12": [
          28,
          29
        ],
        "14": [
          25,
          27
        ],
        "15": [
          35,
          36
        ],
        "18": [
          36,
          37
        ],
        "19": [
          37,
          46
        ],
        "20": [
          46,
          52
        ],
        "21": [
          35,
          42
        ],
        "22": [
          52,
          52
        ]
      },
      "activity_order": [
        1,
        4,
        5,
        7,
        2,
        3,
        8,
        6,
        9,
        13,
        17,
        10,
        11,
        16,
        12,
        14,
        15,
        18,
        19,
        20,
        21,
        22
      ]
    },
    "TIMROS": {
      "makespan": 58,
      "execution_time": 0.0003666877746582031,
      "schedule": {
        "1": [
          0,
          0
        ],
        "4": [
          0,
          9
        ],
        "2": [
          0,
          7
        ],
        "5": [
          9,
          16
        ],
        "3": [
          0,
          10
        ],
        "6": [
          10,
          20
        ],
        "10": [
          20,
          24
        ],
        "7": [
          16,
          17
        ],
        "8": [
          17,
          26
        ],
        "13": [
          26,
          35
        ],
        "17": [
          17,
          20
        ],
        "12": [
          24,
          25
        ],
        "15": [
          35,
          36
        ],
        "16": [
          25,
          29
        ],
        "18": [
          36,
          37
        ],
        "19": [
          37,
          46
        ],
        "21": [
          35,
          42
        ],
        "9": [
          42,
          43
        ],
        "11": [
          46,
          50
        ],
        "14": [
          50,
          52
        ],
        "20": [
          52,
          58
        ],
        "22": [
          58,
          58
        ]
      },
      "activity_order": [
        1,
        4,
        2,
        5,
        3,
        6,
        10,
        7,
        8,
        13,
        17,
        12,
        15,
        16,
        18,
        19,
        21,
        9,
        11,
        14,
        20,
        22
      ]
    },
    "HRU1": {
      "makespan": 52,