{
  "instance": "inst_set1a_sf1_nc1.8_n20_m30_00",
  "results": {
    "HRPW*": {
      "makespan": 91,
      "execution_time": 4.220008850097656e-05,
      "schedule": {
        "1": [
          0,
          0
        ],
        "3": [
          0,
          7
        ],
        "2": [
          7,
          13
        ],
        "4": [
          13,
          23
        ],
        "5": [
          23,
          30
        ],
        "6": [
          30,
          34
        ],
        "8": [
          34,
          40
        ],
        "9": [
          40,
          42
        ],
        "15": [
          42,
          45
        ],
        "17": [
          45,
          48
        ],
        "11": [
          48,
          56
        ],
        "18": [
          56,
          66
        ],
        "7": [
          66,
          68
        ],
        "12": [
          68,
          70
        ],
        "14": [
          70,
          76
        ],
        "13": [
          76,
          79
        ],
        "20": [
          79,
          84
        ],
        "10": [
          84,
          87
        ],
        "16": [
          87,
          88
        ],
        "19": [
          88,
          90
        ],
        "21": [
          90,
          91
        ],
        "22": [
          91,
          91
        ]
      },
      "activity_order": [
        1,
        3,
        2,
        4,
        5,
        6,
        8,
        9,
        15,
        17,
        11,
        18,
        7,
        12,
        14,
        13,
        20,
        10,
        16,
        19,
        21,
        22
      ]
    },
    "LST": {
      "makespan": 91,
      "execution_time": 5.030632019042969e-05,
      "schedule": {
        "1": [
          0,
          0
        ],
        "3": [
          0,
          7
        ],
        "2": [
          7,
          13
        ],
        "4": [
          13,
          23
        ],
        "5": [
          23,
          30
        ],
        "6": [
          30,
          34
        ],
        "8": [
          34,
          40
        ],
        "9": [
          40,
          42
        ],
        "15": [
          42,
          45
        ],
        "17": [
          45,
          48
        ],
        "11": [
          48,
          56
        ],
        "18": [
          56,
          66
        ],
        "7": [
          66,
          68
        ],
        "12": [
          68,
          70
        ],
        "14": [
          70,
          76
        ],
        "13": [
          76,
          79
        ],
        "20": [
          79,
          84
        ],
        "10": [
          84,
          87
        ],
        "16": [
          87,
          88
        ],
        "19": [
          88,
          90
        ],
        "21": [
          90,
          91
        ],
        "22": [
          91,
          91
        ]
      },
      "activity_order": [
        1,
        3,
        2,
        4,
        5,
        6,
        8,
        9,
        15,
        17,
        11,
        18,
        7,
        12,
        14,
        13,
        20,
        10,
        16,
        19,
        21,
        22
      ]
    },
    "LFT": {
      "makespan": 91,
      "execution_time": 6.604194641113281e-05,
      "schedule": {
        "1": [
          0,
          0
        ],
        "2": [
          0,
          6
        ],
        "3": [
          6,
          13
        ],
        "6": [
          13,
          17
        ],
        "4": [
          17,
          27
        ],
        "5": [
          27,
          34
        ],
        "9": [
          34,
          36
        ],
        "8": [
          36,
          42
        ],
        "15": [
          42,
          45
        ],
        "17": [
          45,
          48
        ],
        "7": [
          48,
          50
        ],
        "11": [
          50,
          58
        ],
        "12": [
          58,
          60
        ],
        "18": [
          60,
          70
        ],
        "13": [
          70,
          73
        ],
        "16": [
          73,
          74
        ],
        "10": [
          74,
          77
        ],
        "14": [
          77,
          83
        ],
        "19": [
          83,
          85
        ],
        "20": [
          85,
          90
        ],
        "21": [
          90,
          91
        ],
        "22": [
          91,
          91
        ]
      },
      "activity_order": [
        1,
        2,
        3,
        6,
        4,
        5,
        9,
        8,
        15,
        17,
        7,
        11,
        12,
        18,
        13,
        16,
        10,
        14,
        19,
        20,
        21,
        22
      ]
    },
    "MTS": {
      "makespan": 91,
      "execution_time": 3.8623809814453125e-05,
      "schedule": {
        "1": [
          0,
          0
        ],
        "3": [
          0,
          7
        ],
        "4": [
          7,
          17
        ],
        "5": [
          17,
          24
        ],
        "9": [
          24,
          26
        ],
        "2": [
          26,
          32
        ],
        "7": [
          32,
          34
        ],
        "11": [
          34,
          42
        ],
        "6": [
          42,
          46
        ],
        "12": [
          46,
          48
        ],
        "8": [
          48,
          54
        ],
        "15": [
          54,
          57
        ],
        "17": [
          57,
          60
        ],
        "10": [
          60,
          63
        ],
        "13": [
          63,
          66
        ],
        "14": [
          66,
          72
        ],
        "16": [
          72,
          73
        ],
        "18": [
          73,
          83
        ],
        "19": [
          83,
          85
        ],
        "20": [
          85,
          90
        ],
        "21": [
          90,
          91
        ],
        "22": [
          91,
          91
        ]
      },
      "activity_order": [
        1,
        3,
        4,
        5,
        9,
        2,
        7,
        11,
        6,
        12,
        8,
        15,
        17,
        10,
        13,
        14,
        16,
        18,
        19,
        20,
        21,
        22
      ]
    },
    "TIMROS": {
      "makespan": 91,
      "execution_time": 4.220008850097656e-05,
      "schedule": {
        "1": [
          0,
          0
        ],
        "4": [
          0,
          10
        ],
        "11": [
          10,
          18
        ],
        "3": [
          18,
          25
        ],
        "5": [
          25,
          32
        ],
        "2": [
          32,
          38
        ],
        "6": [
          38,
          42
        ],
        "8": [
          42,
          48
        ],
        "10": [
          48,
          51
        ],
        "15": [
          51,
          54
        ],
        "7": [
          54,
          56
        ],
        "14": [
          56,
          62
        ],
        "9": [
          62,
          64
        ],
        "17": [
          64,
          67
        ],
        "18": [
          67,
          77
        ],
        "12": [
          77,
          79
        ],
        "20": [
          79,
          84
        ],
        "13": [
          84,
          87
        ],
        "16": [
          87,
          88
        ],
        "19": [
          88,
          90
        ],
        "21": [
          90,
          91
        ],
        "22": [
          91,
          91
        ]
      },
      "activity_order": [
        1,
        4,
        11,
        3,
        5,
        2,
        6,
        8,
        10,
        15,
        7,
        14,
        9,
        17,
        18,
        12,
        20,
        13,
        16,
        19,
        21,
        22
      ]
    },