{
  "instance": "inst_set1a_sf0.5_nc1.8_n20_m10_04",
  "results": {
    "HRPW*": {
      "makespan": 50,
      "execution_time": 0.00022912025451660156,
      "schedule": {
        "1": [
          0,
          0
        ],
        "3": [
          0,
          4
        ],
        "9": [
          4,
          11
        ],
        "2": [
          0,
          6
        ],
        "4": [
          0,
          1
        ],
        "5": [
          11,
          14
        ],
        "10": [
          14,
          23
        ],
        "6": [
          14,
          17
        ],
        "8": [
          6,
          14
        ],
        "7": [
          17,
          21
        ],
        "14": [
          17,
          22
        ],
        "12": [
          4,
          14
        ],
        "11": [
          23,
          33
        ],
        "15": [
          22,
          28
        ],
        "16": [
          23,
          25
        ],
        "18": [
          25,
          33
        ],
        "17": [
          33,
          40
        ],
        "13": [
          33,
          43
        ],
        "20": [
          40,
          50
        ],
        "19": [
          40,
          45
        ],
        "21": [
          45,
          46
        ],
        "22": [
          50,
          50
        ]
      },
      "activity_order": [
        1,
        3,
        9,
        2,
        4,
        5,
        10,
        6,
        8,
        7,
        14,
        12,
        11,
        15,
        16,
        18,
        17,
        13,
        20,
        19,
        21,
        22
      ]
    },
    "LST": {
      "makespan": 50,
      "execution_time": 0.0002391338348388672,
      "schedule": {
        "1": [
          0,
          0
        ],
        "3": [
          0,
          4
        ],
        "9": [
          4,
          11
        ],
        "2": [
          0,
          6
        ],
        "4": [
          0,
          1
        ],
        "5": [
          11,
          14
        ],
        "10": [
          14,
          23
        ],
        "6": [
          14,
          17
        ],
        "8": [
          6,
          14
        ],
        "7": [
          17,
          21
        ],
        "14": [
          17,
          22
        ],
        "12": [
          4,
          14
        ],
        "11": [
          23,
          33
        ],
        "15": [
          22,
          28
        ],
        "16": [
          23,
          25
        ],
        "18": [
          25,
          33
        ],
        "17": [
          33,
          40
        ],
        "13": [
          33,
          43
        ],
        "20": [
          40,
          50
        ],
        "19": [
          40,
          45
        ],
        "21": [
          45,
          46
        ],
        "22": [
          50,
          50
        ]
      },
      "activity_order": [
        1,
        3,
        9,
        2,
        4,
        5,
        10,
        6,
        8,
        7,
        14,
        12,
        11,
        15,
        16,
        18,
        17,
        13,
        20,
        19,
        21,
        22
      ]
    },
    "LFT": {
      "makespan": 60,
      "execution_time": 0.0002117156982421875,
      "schedule": {
        "1": [
          0,
          0
        ],
        "3": [
          0,
          4
        ],
        "4": [
          0,
          1
        ],
        "2": [
          0,
          6
        ],
        "9": [
          4,
          11
        ],
        "5": [
          11,
          14
        ],
        "6": [
          14,
          17
        ],
        "7": [
          17,
          21
        ],
        "10": [
          14,
          23
        ],
        "8": [
          21,
          29
        ],
        "14": [
          17,
          22
        ],
        "12": [
          4,
          14
        ],
        "15": [
          29,
          35
        ],
        "16": [
          23,
          25
        ],
        "11": [
          23,
          33
        ],
        "17": [
          35,
          42
        ],
        "18": [
          42,
          50
        ],
        "13": [
          35,
          45
        ],
        "19": [
          50,
          55
        ],
        "20": [
          50,
          60
        ],
        "21": [
          55,
          56
        ],
        "22": [
          60,
          60
        ]
      },
      "activity_order": [
        1,
        3,
        4,
        2,
        9,
        5,
        6,
        7,
        10,
        8,
        14,
        12,
        15,
        16,
        11,
        17,
        18,
        13,
        19,
        20,
        21,
        22
      ]
    },
    "MTS": {
      "makespan": 50,
      "execution_time": 0.00015115737915039062,
      "schedule": {
        "1": [
          0,
          0
        ],
        "4": [
          0,
          1
        ],
        "5": [
          1,
          4
        ],
        "2": [
          0,
          6
        ],
        "3": [
          0,
          4
        ],
        "6": [
          4,
          7
        ],
        "9": [
          4,
          11
        ],
        "7": [
          7,
          11
        ],
        "10": [
          11,
          20
        ],
        "8": [
          11,
          19
        ],
        "14": [
          7,
          12
        ],
        "12": [
          4,
          14
        ],
        "15": [
          19,
          25
        ],
        "16": [
          20,
          22
        ],
        "11": [
          20,
          30
        ],
        "13": [
          30,
          40
        ],
        "17": [
          25,
          32
        ],
        "18": [
          32,
          40
        ],
        "19": [
          40,
          45
        ],
        "20": [
          40,
          50
        ],
        "21": [
          45,
          46
        ],
        "22": [
          50,
          50
        ]
      },
      "activity_order": [
        1,
        4,
        5,
        2,
        3,
        6,
        9,
        7,
        10,
        8,
        14,
        12,
        15,
        16,
        11,
        13,
        17,
        18,
        19,
        20,
        21,
        22
      ]
    },
    "TIMROS": {
      "makespan": 70,
      "execution_time": 0.00015974044799804688,
      "schedule": {
        "1": [
          0,
          0
        ],
        "2": [
          0,
          6
        ],
        "8": [
          6,
          14
        ],
        "3": [
          0,
          4
        ],
        "9": [
          4,
          11
        ],
        "10": [
          11,
          20
        ],
        "12": [
          4,
          14
        ],
        "4": [
          0,
          1
        ],
        "5": [
          20,
          23
        ],
        "18": [
          23,
          31
        ],
        "6": [
          23,
          26
        ],
        "14": [
          26,
          31
        ],
        "20": [
          31,
          41
        ],
        "16": [
          41,
          43
        ],
        "7": [
          26,
          30
        ],
        "11": [
          31,
          41
        ],
        "13": [
          41,
          51
        ],
        "15": [
          51,
          57
        ],
        "17": [
          57,
          64
        ],
        "19": [
          64,
          69
        ],
        "21": [
          69,
          70
        ],
        "22": [
          70,
          70
        ]
      },
      "activity_order": [
        1,
        2,
        8,
        3,
        9,
        10,
        12,
        4,
        5,
        18,
        6,
        14,
        20,
        16,
        7,
        11,
        13,
        15,
        17,
        19,
        21,
        22
      ]
    },
    "HRU1": {
      "makespan": 71,