{
  "instance": "inst_set1a_sf0.5_nc2.1_n20_m15_02",
  "results": {
    "HRPW*": {
      "makespan": 109,
      "execution_time": 0.00028514862060546875,
      "schedule": {
        "1": [
          0,
          0
        ],
        "2": [
          0,
          9
        ],
        "4": [
          0,
          9
        ],
        "5": [
          9,
          17
        ],
        "7": [
          17,
          26
        ],
        "6": [
          9,
          18
        ],
        "3": [
          0,
          7
        ],
        "10": [
          26,
          36
        ],
        "8": [
          36,
          45
        ],
        "16": [
          45,
          53
        ],
        "12": [
          45,
          51
        ],
        "13": [
          51,
          61
        ],
        "17": [
          61,
          71
        ],
        "18": [
          71,
          79
        ],
        "9": [
          79,
          88
        ],
        "11": [
          88,
          96
        ],
        "15": [
          96,
          102
        ],
        "21": [
          102,
          108
        ],
        "19": [
          61,
          66
        ],
        "14": [
          96,
          99
        ],
        "20": [
          108,
          109
        ],
        "22": [
          109,
          109
        ]
      },
      "activity_order": [
        1,
        2,
        4,
        5,
        7,
        6,
        3,
        10,
        8,
        16,
        12,
        13,
        17,
        18,
        9,
        11,
        15,
        21,
        19,
        14,
        20,
        22
      ]
    },
    "LST": {
      "makespan": 109,
      "execution_time": 0.0003070831298828125,
      "schedule": {
        "1": [
          0,
          0
        ],
        "2": [
          0,
          9
        ],
        "4": [
          0,
          9
        ],
        "5": [
          9,
          17
        ],
        "7": [
          17,
          26
        ],
        "6": [
          9,
          18
        ],
        "3": [
          0,
          7
        ],
        "10": [
          26,
          36
        ],
        "8": [
          36,
          45
        ],
        "16": [
          45,
          53
        ],
        "12": [
          45,
          51
        ],
        "13": [
          51,
          61
        ],
        "17": [
          61,
          71
        ],
        "18": [
          71,
          79
        ],
        "9": [
          79,
          88
        ],
        "11": [
          88,
          96
        ],
        "15": [
          96,
          102
        ],
        "21": [
          102,
          108
        ],
        "19": [
          61,
          66
        ],
        "14": [
          96,
          99
        ],
        "20": [
          108,
          109
        ],
        "22": [
          109,
          109
        ]
      },
      "activity_order": [
        1,
        2,
        4,
        5,
        7,
        6,
        3,
        10,
        8,
        16,
        12,
        13,
        17,
        18,
        9,
        11,
        15,
        21,
        19,
        14,
        20,
        22
      ]
    },
    "LFT": {
      "makespan": 100,
      "execution_time": 0.0002932548522949219,
      "schedule": {
        "1": [
          0,
          0
        ],
        "2": [
          0,
          9
        ],
        "4": [
          0,
          9
        ],
        "5": [
          9,
          17
        ],
        "7": [
          17,
          26
        ],
        "3": [
          0,
          7
        ],
        "6": [
          9,
          18
        ],
        "8": [
          17,
          26
        ],
        "10": [
          26,
          36
        ],
        "16": [
          36,
          44
        ],
        "12": [
          36,
          42
        ],
        "13": [
          42,
          52
        ],
        "17": [
          52,
          62
        ],
        "18": [
          62,
          70
        ],
        "9": [
          70,
          79
        ],
        "11": [
          79,
          87
        ],
        "14": [
          87,
          90
        ],
        "15": [
          87,
          93
        ],
        "19": [
          52,
          57
        ],
        "20": [
          93,
          94
        ],
        "21": [
          94,
          100
        ],
        "22": [
          100,
          100
        ]
      },
      "activity_order": [
        1,
        2,
        4,
        5,
        7,
        3,
        6,
        8,
        10,
        16,
        12,
        13,
        17,
        18,
        9,
        11,
        14,
        15,
        19,
        20,
        21,
        22
      ]
    },
    "MTS": {
      "makespan": 100,
      "execution_time": 0.00027680397033691406,
      "schedule": {
        "1": [
          0,
          0
        ],
        "2": [
          0,
          9
        ],
        "4": [
          0,
          9
        ],
        "5": [
          9,
          17
        ],
        "3": [
          0,
          7
        ],
        "7": [
          17,
          26
        ],
        "6": [
          9,
          18
        ],
        "8": [
          17,
          26
        ],
        "10": [
          26,
          36
        ],
        "12": [
          36,
          42
        ],
        "16": [
          36,
          44
        ],
        "13": [
          42,
          52
        ],
        "9": [
          52,
          61
        ],
        "11": [
          61,
          69
        ],
        "17": [
          69,
          79
        ],
        "14": [
          69,
          72
        ],
        "15": [
          79,
          85
        ],
        "18": [
          85,
          93
        ],
        "19": [
          52,
          57
        ],
        "20": [
          93,
          94
        ],
        "21": [
          94,
          100
        ],
        "22": [
          100,
          100
        ]
      },
      "activity_order": [
        1,
        2,
        4,
        5,
        3,
        7,
        6,
        8,
        10,
        12,
        16,
        13,
        9,
        11,
        17,
        14,
        15,
        18,
        19,
        20,
        21,
        22
      ]
    },
    "TIMROS": {
      "makespan": 100,
      "execution_time": 0.0002913475036621094,
      "schedule": {
        "1": [
          0,
          0
        ],
        "2": [
          0,
          9
        ],
        "8": [
          9,
          18
        ],
        "4": [
          0,
          9
        ],
        "6": [
          9,
          18
        ],
        "5": [
          18,
          26
        ],
        "7": [
          26,
          35
        ],
        "10": [
          35,
          45
        ],
        "9": [
          35,
          44
        ],
        "11": [
          44,
          52
        ],
        "3": [
          0,
          7
        ],
        "16": [
          45,
          53
        ],
        "17": [
          53,
          63
        ],
        "13": [
          63,
          73
        ],
        "19": [
          73,
          78
        ],
        "12": [
          73,
          79
        ],
        "18": [
          79,
          87
        ],
        "15": [
          87,
          93
        ],
        "21": [
          93,
          99
        ],
        "14": [
          79,
          82
        ],
        "20": [
          99,
          100
        ],
        "22": [
          100,
          100
        ]
      },
      "activity_order": [
        1,
        2,
        8,
        4,
        6,
        5,
        7,
        10,
        9,
        11,
        3,
        16,
        17,
        13,
        19,
        12,
        18,
        15,
        21,
        14,
        20,
        22
      ]
    },