{
  "instance": "inst_set1a_sf0_nc1.5_n20_m10_00",
  "results": {
    "HRPW*": {
      "makespan": 73,
      "execution_time": 0.0001728534698486328,
      "schedule": {
        "1": [
          0,
          0
        ],
        "4": [
          0,
          4
        ],
        "8": [
          4,
          5
        ],
        "9": [
          5,
          15
        ],
        "11": [
          5,
          15
        ],
        "7": [
          15,
          22
        ],
        "2": [
          15,
          20
        ],
        "3": [
          22,
          23
        ],
        "16": [
          23,
          33
        ],
        "5": [
          20,
          23
        ],
        "6": [
          23,
          27
        ],
        "10": [
          27,
          29
        ],
        "12": [
          29,
          34
        ],
        "17": [
          34,
          37
        ],
        "15": [
          37,
          42
        ],
        "18": [
          42,
          48
        ],
        "14": [
          48,
          53
        ],
        "21": [
          53,
          62
        ],
        "20": [
          62,
          69
        ],
        "13": [
          23,
          24
        ],
        "19": [
          69,
          73
        ],
        "22": [
          73,
          73
        ]
      },
      "activity_order": [
        1,
        4,
        8,
        9,
        11,
        7,
        2,
        3,
        16,
        5,
        6,
        10,
        12,
        17,
        15,
        18,
        14,
        21,
        20,
        13,
        19,
        22
      ]
    },
    "LST": {
      "makespan": 73,
      "execution_time": 0.00017523765563964844,
      "schedule": {
        "1": [
          0,
          0
        ],
        "4": [
          0,
          4
        ],
        "8": [
          4,
          5
        ],
        "9": [
          5,
          15
        ],
        "11": [
          5,
          15
        ],
        "7": [
          15,
          22
        ],
        "2": [
          15,
          20
        ],
        "3": [
          22,
          23
        ],
        "16": [
          23,
          33
        ],
        "5": [
          20,
          23
        ],
        "6": [
          23,
          27
        ],
        "10": [
          27,
          29
        ],
        "12": [
          29,
          34
        ],
        "17": [
          34,
          37
        ],
        "15": [
          37,
          42
        ],
        "18": [
          42,
          48
        ],
        "14": [
          48,
          53
        ],
        "21": [
          53,
          62
        ],
        "20": [
          62,
          69
        ],
        "13": [
          23,
          24
        ],
        "19": [
          69,
          73
        ],
        "22": [
          73,
          73
        ]
      },
      "activity_order": [
        1,
        4,
        8,
        9,
        11,
        7,
        2,
        3,
        16,
        5,
        6,
        10,
        12,
        17,
        15,
        18,
        14,
        21,
        20,
        13,
        19,
        22
      ]
    },
    "LFT": {
      "makespan": 73,
      "execution_time": 0.00017070770263671875,
      "schedule": {
        "1": [
          0,
          0
        ],
        "4": [
          0,
          4
        ],
        "8": [
          4,
          5
        ],
        "9": [
          5,
          15
        ],
        "11": [
          5,
          15
        ],
        "2": [
          15,
          20
        ],
        "3": [
          15,
          16
        ],
        "7": [
          16,
          23
        ],
        "10": [
          23,
          25
        ],
        "5": [
          20,
          23
        ],
        "6": [
          25,
          29
        ],
        "17": [
          29,
          32
        ],
        "12": [
          32,
          37
        ],
        "15": [
          37,
          42
        ],
        "16": [
          23,
          33
        ],
        "13": [
          23,
          24
        ],
        "14": [
          42,
          47
        ],
        "18": [
          47,
          53
        ],
        "19": [
          53,
          57
        ],
        "20": [
          57,
          64
        ],
        "21": [
          64,
          73
        ],
        "22": [
          73,
          73
        ]
      },
      "activity_order": [
        1,
        4,
        8,
        9,
        11,
        2,
        3,
        7,
        10,
        5,
        6,
        17,
        12,
        15,
        16,
        13,
        14,
        18,
        19,
        20,
        21,
        22
      ]
    },
    "MTS": {
      "makespan": 70,
      "execution_time": 0.00017881393432617188,
      "schedule": {
        "1": [
          0,
          0
        ],
        "4": [
          0,
          4
        ],
        "8": [
          4,
          5
        ],
        "3": [
          0,
          1
        ],
        "2": [
          5,
          10
        ],
        "7": [
          4,
          11
        ],
        "11": [
          11,
          21
        ],
        "6": [
          10,
          14
        ],
        "10": [
          14,
          16
        ],
        "5": [
          10,
          13
        ],
        "12": [
          16,
          21
        ],
        "9": [
          21,
          31
        ],
        "17": [
          31,
          34
        ],
        "13": [
          13,
          14
        ],
        "14": [
          34,
          39
        ],
        "15": [
          39,
          44
        ],
        "16": [
          31,
          41
        ],
        "18": [
          44,
          50
        ],
        "19": [
          50,
          54
        ],
        "20": [
          54,
          61
        ],
        "21": [
          61,
          70
        ],
        "22": [
          70,
          70
        ]
      },
      "activity_order": [
        1,
        4,
        8,
        3,
        2,
        7,
        11,
        6,
        10,
        5,
        12,
        9,
        17,
        13,
        14,
        15,
        16,
        18,
        19,
        20,
        21,
        22
      ]
    },
    "TIMROS": {
      "makespan": 76,
      "execution_time": 0.00021505355834960938,
      "schedule": {
        "1": [
          0,
          0
        ],
        "2": [
          0,
          5
        ],
        "5": [
          5,
          8
        ],
        "4": [
          5,
          9
        ],
        "7": [
          9,
          16
        ],
        "8": [
          9,
          10
        ],
        "9": [
          10,
          20
        ],
        "11": [
          16,
          26
        ],
        "16": [
          26,
          36
        ],
        "17": [
          26,
          29
        ],
        "21": [
          29,
          38
        ],
        "3": [
          36,
          37
        ],
        "6": [
          38,
          42
        ],
        "15": [
          42,
          47
        ],
        "18": [
          47,
          53
        ],
        "13": [
          37,
          38
        ],
        "10": [
          53,
          55
        ],
        "12": [
          55,
          60
        ],
        "20": [
          60,
          67
        ],
        "14": [
          67,
          72
        ],
        "19": [
          72,
          76
        ],
        "22": [
          76,
          76
        ]
      },
      "activity_order": [
        1,
        2,
        5,
        4,
        7,
        8,
        9,
        11,
        16,
        17,
        21,
        3,
        6,
        15,
        18,
        13,
        10,
        12,
        20,
        14,
        19,
        22
      ]
    },
    "HRU1": {
      "makespan": 74,