{
  "instance": "inst_set1a_sf0.75_nc1.5_n20_m10_02",
  "results": {
    "HRPW*": {
      "makespan": 79,
      "execution_time": 0.0001857280731201172,
      "schedule": {
        "1": [
          0,
          0
        ],
        "2": [
          0,
          10
        ],
        "4": [
          10,
          18
        ],
        "7": [
          18,
          26
        ],
        "6": [
          18,
          25
        ],
        "9": [
          25,
          35
        ],
        "12": [
          26,
          34
        ],
        "17": [
          34,
          41
        ],
        "3": [
          41,
          47
        ],
        "15": [
          47,
          54
        ],
        "11": [
          35,
          44
        ],
        "20": [
          54,
          63
        ],
        "5": [
          63,
          64
        ],
        "8": [
          64,
          65
        ],
        "13": [
          65,
          71
        ],
        "14": [
          65,
          70
        ],
        "10": [
          70,
          71
        ],
        "16": [
          71,
          74
        ],
        "18": [
          74,
          77
        ],
        "19": [
          77,
          78
        ],
        "21": [
          78,
          79
        ],
        "22": [
          79,
          79
        ]
      },
      "activity_order": [
        1,
        2,
        4,
        7,
        6,
        9,
        12,
        17,
        3,
        15,
        11,
        20,
        5,
        8,
        13,
        14,
        10,
        16,
        18,
        19,
        21,
        22
      ]
    },
    "LST": {
      "makespan": 79,
      "execution_time": 0.0001895427703857422,
      "schedule": {
        "1": [
          0,
          0
        ],
        "2": [
          0,
          10
        ],
        "4": [
          10,
          18
        ],
        "7": [
          18,
          26
        ],
        "6": [
          18,
          25
        ],
        "9": [
          25,
          35
        ],
        "12": [
          26,
          34
        ],
        "17": [
          34,
          41
        ],
        "3": [
          41,
          47
        ],
        "15": [
          47,
          54
        ],
        "11": [
          35,
          44
        ],
        "20": [
          54,
          63
        ],
        "5": [
          63,
          64
        ],
        "8": [
          64,
          65
        ],
        "13": [
          65,
          71
        ],
        "14": [
          65,
          70
        ],
        "10": [
          70,
          71
        ],
        "16": [
          71,
          74
        ],
        "18": [
          74,
          77
        ],
        "19": [
          77,
          78
        ],
        "21": [
          78,
          79
        ],
        "22": [
          79,
          79
        ]
      },
      "activity_order": [
        1,
        2,
        4,
        7,
        6,
        9,
        12,
        17,
        3,
        15,
        11,
        20,
        5,
        8,
        13,
        14,
        10,
        16,
        18,
        19,
        21,
        22
      ]
    },
    "LFT": {
      "makespan": 77,
      "execution_time": 0.0001926422119140625,
      "schedule": {
        "1": [
          0,
          0
        ],
        "2": [
          0,
          10
        ],
        "4": [
          10,
          18
        ],
        "7": [
          18,
          26
        ],
        "6": [
          18,
          25
        ],
        "12": [
          26,
          34
        ],
        "9": [
          25,
          35
        ],
        "3": [
          34,
          40
        ],
        "17": [
          40,
          47
        ],
        "5": [
          47,
          48
        ],
        "8": [
          48,
          49
        ],
        "10": [
          49,
          50
        ],
        "15": [
          49,
          56
        ],
        "11": [
          50,
          59
        ],
        "13": [
          56,
          62
        ],
        "14": [
          59,
          64
        ],
        "16": [
          62,
          65
        ],
        "18": [
          65,
          68
        ],
        "19": [
          68,
          69
        ],
        "20": [
          68,
          77
        ],
        "21": [
          69,
          70
        ],
        "22": [
          77,
          77
        ]
      },
      "activity_order": [
        1,
        2,
        4,
        7,
        6,
        12,
        9,
        3,
        17,
        5,
        8,
        10,
        15,
        11,
        13,
        14,
        16,
        18,
        19,
        20,
        21,
        22
      ]
    },
    "MTS": {
      "makespan": 77,
      "execution_time": 0.00021529197692871094,
      "schedule": {
        "1": [
          0,
          0
        ],
        "4": [
          0,
          8
        ],
        "2": [
          8,
          18
        ],
        "8": [
          18,
          19
        ],
        "7": [
          19,
          27
        ],
        "5": [
          27,
          28
        ],
        "12": [
          28,
          36
        ],
        "6": [
          8,
          15
        ],
        "9": [
          15,
          25
        ],
        "10": [
          28,
          29
        ],
        "15": [
          36,
          43
        ],
        "3": [
          43,
          49
        ],
        "11": [
          29,
          38
        ],
        "13": [
          49,
          55
        ],
        "14": [
          38,
          43
        ],
        "16": [
          55,
          58
        ],
        "17": [
          58,
          65
        ],
        "18": [
          65,
          68
        ],
        "19": [
          68,
          69
        ],
        "20": [
          68,
          77
        ],
        "21": [
          69,
          70
        ],
        "22": [
          77,
          77
        ]
      },
      "activity_order": [
        1,
        4,
        2,
        8,
        7,
        5,
        12,
        6,
        9,
        10,
        15,
        3,
        11,
        13,
        14,
        16,
        17,
        18,
        19,
        20,
        21,
        22
      ]
    },
    "TIMROS": {
      "makespan": 82,
      "execution_time": 0.00024008750915527344,
      "schedule": {
        "1": [
          0,
          0
        ],
        "2": [
          0,
          10
        ],
        "4": [
          10,
          18
        ],
        "9": [
          18,
          28
        ],
        "11": [
          28,
          37
        ],
        "7": [
          18,
          26
        ],
        "12": [
          26,
          34
        ],
        "6": [
          37,
          44
        ],
        "15": [
          34,
          41
        ],
        "17": [
          44,
          51
        ],
        "3": [
          51,
          57
        ],
        "20": [
          57,
          66
        ],
        "18": [
          66,
          69
        ],
        "5": [
          69,
          70
        ],
        "8": [
          70,
          71
        ],
        "13": [
          71,
          77
        ],
        "14": [
          71,
          76
        ],
        "10": [
          76,
          77
        ],
        "16": [
          77,
          80
        ],
        "19": [
          80,
          81
        ],
        "21": [
          81,
          82
        ],
        "22": [
          82,
          82
        ]
      },
      "activity_order": [
        1,
        2,
        4,
        9,
        11,
        7,
        12,
        6,
        15,
        17,
        3,
        20,
        18,
        5,
        8,
        13,
        14,
        10,
        16,
        19,
        21,
        22
      ]
    },