{
  "instance": "inst_set1a_sf1_nc1.8_n20_m30_02",
  "results": {
    "HRPW*": {
      "makespan": 116,
      "execution_time": 0.00047087669372558594,
      "schedule": {
        "1": [
          0,
          0
        ],
        "3": [
          0,
          7
        ],
        "4": [
          7,
          14
        ],
        "5": [
          14,
          19
        ],
        "6": [
          19,
          24
        ],
        "2": [
          24,
          28
        ],
        "9": [
          28,
          30
        ],
        "12": [
          30,
          39
        ],
        "10": [
          39,
          45
        ],
        "13": [
          45,
          47
        ],
        "8": [
          47,
          55
        ],
        "15": [
          55,
          64
        ],
        "16": [
          64,
          72
        ],
        "7": [
          72,
          81
        ],
        "14": [
          81,
          82
        ],
        "17": [
          82,
          92
        ],
        "11": [
          92,
          98
        ],
        "19": [
          98,
          106
        ],
        "18": [
          106,
          111
        ],
        "21": [
          111,
          114
        ],
        "20": [
          114,
          116
        ],
        "22": [
          116,
          116
        ]
      },
      "activity_order": [
        1,
        3,
        4,
        5,
        6,
        2,
        9,
        12,
        10,
        13,
        8,
        15,
        16,
        7,
        14,
        17,
        11,
        19,
        18,
        21,
        20,
        22
      ]
    },
    "LST": {
      "makespan": 116,
      "execution_time": 0.0004870891571044922,
      "schedule": {
        "1": [
          0,
          0
        ],
        "3": [
          0,
          7
        ],
        "4": [
          7,
          14
        ],
        "5": [
          14,
          19
        ],
        "6": [
          19,
          24
        ],
        "2": [
          24,
          28
        ],
        "9": [
          28,
          30
        ],
        "12": [
          30,
          39
        ],
        "10": [
          39,
          45
        ],
        "13": [
          45,
          47
        ],
        "8": [
          47,
          55
        ],
        "15": [
          55,
          64
        ],
        "16": [
          64,
          72
        ],
        "7": [
          72,
          81
        ],
        "14": [
          81,
          82
        ],
        "17": [
          82,
          92
        ],
        "11": [
          92,
          98
        ],
        "19": [
          98,
          106
        ],
        "18": [
          106,
          111
        ],
        "21": [
          111,
          114
        ],
        "20": [
          114,
          116
        ],
        "22": [
          116,
          116
        ]
      },
      "activity_order": [
        1,
        3,
        4,
        5,
        6,
        2,
        9,
        12,
        10,
        13,
        8,
        15,
        16,
        7,
        14,
        17,
        11,
        19,
        18,
        21,
        20,
        22
      ]
    },
    "LFT": {
      "makespan": 116,
      "execution_time": 0.0004649162292480469,
      "schedule": {
        "1": [
          0,
          0
        ],
        "3": [
          0,
          7
        ],
        "4": [
          7,
          14
        ],
        "5": [
          14,
          19
        ],
        "6": [
          19,
          24
        ],
        "9": [
          24,
          26
        ],
        "2": [
          26,
          30
        ],
        "10": [
          30,
          36
        ],
        "12": [
          36,
          45
        ],
        "13": [
          45,
          47
        ],
        "8": [
          47,
          55
        ],
        "14": [
          55,
          56
        ],
        "15": [
          56,
          65
        ],
        "16": [
          65,
          73
        ],
        "7": [
          73,
          82
        ],
        "11": [
          82,
          88
        ],
        "17": [
          88,
          98
        ],
        "18": [
          98,
          103
        ],
        "19": [
          103,
          111
        ],
        "20": [
          111,
          113
        ],
        "21": [
          113,
          116
        ],
        "22": [
          116,
          116
        ]
      },
      "activity_order": [
        1,
        3,
        4,
        5,
        6,
        9,
        2,
        10,
        12,
        13,
        8,
        14,
        15,
        16,
        7,
        11,
        17,
        18,
        19,
        20,
        21,
        22
      ]
    },
    "MTS": {
      "makespan": 116,
      "execution_time": 0.00045800209045410156,
      "schedule": {
        "1": [
          0,
          0
        ],
        "4": [
          0,
          7
        ],
        "3": [
          7,
          14
        ],
        "5": [
          14,
          19
        ],
        "9": [
          19,
          21
        ],
        "2": [
          21,
          25
        ],
        "6": [
          25,
          30
        ],
        "7": [
          30,
          39
        ],
        "8": [
          39,
          47
        ],
        "12": [
          47,
          56
        ],
        "10": [
          56,
          62
        ],
        "11": [
          62,
          68
        ],
        "13": [
          68,
          70
        ],
        "14": [
          70,
          71
        ],
        "16": [
          71,
          79
        ],
        "15": [
          79,
          88
        ],
        "17": [
          88,
          98
        ],
        "18": [
          98,
          103
        ],
        "19": [
          103,
          111
        ],
        "20": [
          111,
          113
        ],
        "21": [
          113,
          116
        ],
        "22": [
          116,
          116
        ]
      },
      "activity_order": [
        1,
        4,
        3,
        5,
        9,
        2,
        6,
        7,
        8,
        12,
        10,
        11,
        13,
        14,
        16,
        15,
        17,
        18,
        19,
        20,
        21,
        22
      ]
    },
    "TIMROS": {
      "makespan": 116,
      "execution_time": 0.00048232078552246094,
      "schedule": {
        "1": [
          0,
          0
        ],
        "3": [
          0,
          7
        ],
        "4": [
          7,
          14
        ],
        "7": [
          14,
          23
        ],
        "5": [
          23,
          28
        ],
        "6": [
          28,
          33
        ],
        "2": [
          33,
          37
        ],
        "8": [
          37,
          45
        ],
        "9": [
          45,
          47
        ],
        "12": [
          47,
          56
        ],
        "16": [
          56,
          64
        ],
        "10": [
          64,
          70
        ],
        "11": [
          70,
          76
        ],
        "18": [
          76,
          81
        ],
        "13": [
          81,
          83
        ],
        "15": [
          83,
          92
        ],
        "20": [
          92,
          94
        ],
        "14": [
          94,
          95
        ],
        "17": [
          95,
          105
        ],
        "19": [
          105,
          113
        ],
        "21": [
          113,
          116
        ],
        "22": [
          116,
          116
        ]
      },