{
  "instance": "inst_set1a_sf0_nc1.8_n20_m25_02",
  "results": {
    "HRPW*": {
      "makespan": 84,
      "execution_time": 0.00043129920959472656,
      "schedule": {
        "1": [
          0,
          0
        ],
        "2": [
          0,
          5
        ],
        "3": [
          0,
          2
        ],
        "7": [
          5,
          7
        ],
        "6": [
          5,
          13
        ],
        "8": [
          13,
          20
        ],
        "10": [
          7,
          12
        ],
        "11": [
          20,
          29
        ],
        "14": [
          29,
          36
        ],
        "4": [
          36,
          42
        ],
        "12": [
          42,
          50
        ],
        "16": [
          50,
          54
        ],
        "5": [
          54,
          57
        ],
        "9": [
          2,
          7
        ],
        "15": [
          57,
          65
        ],
        "17": [
          65,
          72
        ],
        "13": [
          50,
          55
        ],
        "18": [
          72,
          77
        ],
        "19": [
          77,
          84
        ],
        "20": [
          72,
          79
        ],
        "21": [
          79,
          83
        ],
        "22": [
          84,
          84
        ]
      },
      "activity_order": [
        1,
        2,
        3,
        7,
        6,
        8,
        10,
        11,
        14,
        4,
        12,
        16,
        5,
        9,
        15,
        17,
        13,
        18,
        19,
        20,
        21,
        22
      ]
    },
    "LST": {
      "makespan": 84,
      "execution_time": 0.0006048679351806641,
      "schedule": {
        "1": [
          0,
          0
        ],
        "2": [
          0,
          5
        ],
        "3": [
          0,
          2
        ],
        "7": [
          5,
          7
        ],
        "6": [
          5,
          13
        ],
        "8": [
          13,
          20
        ],
        "10": [
          7,
          12
        ],
        "11": [
          20,
          29
        ],
        "14": [
          29,
          36
        ],
        "4": [
          36,
          42
        ],
        "12": [
          42,
          50
        ],
        "16": [
          50,
          54
        ],
        "5": [
          54,
          57
        ],
        "9": [
          2,
          7
        ],
        "15": [
          57,
          65
        ],
        "17": [
          65,
          72
        ],
        "13": [
          50,
          55
        ],
        "18": [
          72,
          77
        ],
        "19": [
          77,
          84
        ],
        "20": [
          72,
          79
        ],
        "21": [
          79,
          83
        ],
        "22": [
          84,
          84
        ]
      },
      "activity_order": [
        1,
        2,
        3,
        7,
        6,
        8,
        10,
        11,
        14,
        4,
        12,
        16,
        5,
        9,
        15,
        17,
        13,
        18,
        19,
        20,
        21,
        22
      ]
    },
    "LFT": {
      "makespan": 84,
      "execution_time": 0.0004401206970214844,
      "schedule": {
        "1": [
          0,
          0
        ],
        "2": [
          0,
          5
        ],
        "3": [
          0,
          2
        ],
        "7": [
          5,
          7
        ],
        "10": [
          7,
          12
        ],
        "6": [
          5,
          13
        ],
        "8": [
          13,
          20
        ],
        "4": [
          20,
          26
        ],
        "11": [
          26,
          35
        ],
        "14": [
          35,
          42
        ],
        "12": [
          42,
          50
        ],
        "5": [
          50,
          53
        ],
        "16": [
          53,
          57
        ],
        "9": [
          2,
          7
        ],
        "13": [
          50,
          55
        ],
        "15": [
          57,
          65
        ],
        "17": [
          65,
          72
        ],
        "18": [
          72,
          77
        ],
        "19": [
          77,
          84
        ],
        "20": [
          72,
          79
        ],
        "21": [
          79,
          83
        ],
        "22": [
          84,
          84
        ]
      },
      "activity_order": [
        1,
        2,
        3,
        7,
        10,
        6,
        8,
        4,
        11,
        14,
        12,
        5,
        16,
        9,
        13,
        15,
        17,
        18,
        19,
        20,
        21,
        22
      ]
    },
    "MTS": {
      "makespan": 84,
      "execution_time": 0.0005087852478027344,
      "schedule": {
        "1": [
          0,
          0
        ],
        "2": [
          0,
          5
        ],
        "7": [
          5,
          7
        ],
        "3": [
          0,
          2
        ],
        "10": [
          7,
          12
        ],
        "6": [
          5,
          13
        ],
        "11": [
          13,
          22
        ],
        "14": [
          22,
          29
        ],
        "8": [
          29,
          36
        ],
        "4": [
          36,
          42
        ],
        "12": [
          42,
          50
        ],
        "5": [
          50,
          53
        ],
        "9": [
          2,
          7
        ],
        "16": [
          53,
          57
        ],
        "17": [
          57,
          64
        ],
        "13": [
          50,
          55
        ],
        "15": [
          64,
          72
        ],
        "18": [
          72,
          77
        ],
        "19": [
          77,
          84
        ],
        "20": [
          64,
          71
        ],
        "21": [
          71,
          75
        ],
        "22": [
          84,
          84
        ]
      },
      "activity_order": [
        1,
        2,
        7,
        3,
        10,
        6,
        11,
        14,
        8,
        4,
        12,
        5,
        9,
        16,
        17,
        13,
        15,
        18,
        19,
        20,
        21,
        22
      ]
    },
    "TIMROS": {
      "makespan": 84,
      "execution_time": 0.00048661231994628906,
      "schedule": {
        "1": [
          0,
          0
        ],
        "4": [
          0,
          6
        ],
        "2": [
          6,
          11
        ],
        "6": [
          11,
          19
        ],
        "5": [
          19,
          22
        ],
        "7": [
          11,
          13
        ],
        "10": [
          13,
          18
        ],
        "14": [
          22,
          29
        ],
        "11": [
          29,
          38
        ],
        "16": [
          38,
          42
        ],
        "17": [
          42,
          49
        ],
        "3": [
          0,
          2
        ],
        "8": [
          49,
          56
        ],
        "12": [
          56,
          64
        ],
        "15": [
          64,
          72
        ],
        "13": [
          64,
          69
        ],
        "9": [
          2,
          7
        ],
        "18": [
          72,
          77
        ],
        "20": [
          64,
          71
        ],
        "21": [
          71,
          75
        ],
        "19": [
          77,
          84
        ],
        "22": [
          84,
          84
        ]
      },
      "activity_order": [
        1,
        4,
        2,
        6,
        5,
        7,
        10,
        14,
        11,
        16,
        17,
        3,
        8,
        12,
        15,
        13,
        9,
        18,
        20,
        21,
        19,
        22
      ]
    },
    "HRU1": {
      "makespan": 88,