{
  "instance": "inst_set1a_sf0_nc1.8_n20_m20_03",
  "results": {
    "HRPW*": {
      "makespan": 96,
      "execution_time": 4.2438507080078125e-05,
      "schedule": {
        "1": [
          0,
          0
        ],
        "2": [
          0,
          9
        ],
        "7": [
          9,
          18
        ],
        "4": [
          18,
          21
        ],
        "6": [
          21,
          29
        ],
        "8": [
          29,
          30
        ],
        "9": [
          30,
          35
        ],
        "14": [
          35,
          41
        ],
        "10": [
          41,
          44
        ],
        "11": [
          44,
          52
        ],
        "17": [
          52,
          59
        ],
        "16": [
          59,
          65
        ],
        "18": [
          65,
          75
        ],
        "3": [
          75,
          77
        ],
        "12": [
          77,
          79
        ],
        "21": [
          79,
          88
        ],
        "13": [
          88,
          89
        ],
        "15": [
          89,
          91
        ],
        "5": [
          91,
          93
        ],
        "19": [
          93,
          95
        ],
        "20": [
          95,
          96
        ],
        "22": [
          96,
          96
        ]
      },
      "activity_order": [
        1,
        2,
        7,
        4,
        6,
        8,
        9,
        14,
        10,
        11,
        17,
        16,
        18,
        3,
        12,
        21,
        13,
        15,
        5,
        19,
        20,
        22
      ]
    },
    "LST": {
      "makespan": 96,
      "execution_time": 3.9577484130859375e-05,
      "schedule": {
        "1": [
          0,
          0
        ],
        "2": [
          0,
          9
        ],
        "7": [
          9,
          18
        ],
        "4": [
          18,
          21
        ],
        "6": [
          21,
          29
        ],
        "8": [
          29,
          30
        ],
        "9": [
          30,
          35
        ],
        "14": [
          35,
          41
        ],
        "10": [
          41,
          44
        ],
        "11": [
          44,
          52
        ],
        "17": [
          52,
          59
        ],
        "16": [
          59,
          65
        ],
        "18": [
          65,
          75
        ],
        "3": [
          75,
          77
        ],
        "12": [
          77,
          79
        ],
        "21": [
          79,
          88
        ],
        "13": [
          88,
          89
        ],
        "15": [
          89,
          91
        ],
        "5": [
          91,
          93
        ],
        "19": [
          93,
          95
        ],
        "20": [
          95,
          96
        ],
        "22": [
          96,
          96
        ]
      },
      "activity_order": [
        1,
        2,
        7,
        4,
        6,
        8,
        9,
        14,
        10,
        11,
        17,
        16,
        18,
        3,
        12,
        21,
        13,
        15,
        5,
        19,
        20,
        22
      ]
    },
    "LFT": {
      "makespan": 96,
      "execution_time": 3.9577484130859375e-05,
      "schedule": {
        "1": [
          0,
          0
        ],
        "2": [
          0,
          9
        ],
        "4": [
          9,
          12
        ],
        "7": [
          12,
          21
        ],
        "8": [
          21,
          22
        ],
        "9": [
          22,
          27
        ],
        "10": [
          27,
          30
        ],
        "14": [
          30,
          36
        ],
        "6": [
          36,
          44
        ],
        "11": [
          44,
          52
        ],
        "16": [
          52,
          58
        ],
        "17": [
          58,
          65
        ],
        "3": [
          65,
          67
        ],
        "12": [
          67,
          69
        ],
        "18": [
          69,
          79
        ],
        "13": [
          79,
          80
        ],
        "15": [
          80,
          82
        ],
        "5": [
          82,
          84
        ],
        "19": [
          84,
          86
        ],
        "20": [
          86,
          87
        ],
        "21": [
          87,
          96
        ],
        "22": [
          96,
          96
        ]
      },
      "activity_order": [
        1,
        2,
        4,
        7,
        8,
        9,
        10,
        14,
        6,
        11,
        16,
        17,
        3,
        12,
        18,
        13,
        15,
        5,
        19,
        20,
        21,
        22
      ]
    },
    "MTS": {
      "makespan": 96,
      "execution_time": 3.910064697265625e-05,
      "schedule": {
        "1": [
          0,
          0
        ],
        "4": [
          0,
          3
        ],
        "2": [
          3,
          12
        ],
        "7": [
          12,
          21
        ],
        "8": [
          21,
          22
        ],
        "10": [
          22,
          25
        ],
        "9": [
          25,
          30
        ],
        "3": [
          30,
          32
        ],
        "11": [
          32,
          40
        ],
        "12": [
          40,
          42
        ],
        "14": [
          42,
          48
        ],
        "6": [
          48,
          56
        ],
        "13": [
          56,
          57
        ],
        "15": [
          57,
          59
        ],
        "16": [
          59,
          65
        ],
        "17": [
          65,
          72
        ],
        "5": [
          72,
          74
        ],
        "18": [
          74,
          84
        ],
        "19": [
          84,
          86
        ],
        "20": [
          86,
          87
        ],
        "21": [
          87,
          96
        ],
        "22": [
          96,
          96
        ]
      },
      "activity_order": [
        1,
        4,
        2,
        7,
        8,
        10,
        9,
        3,
        11,
        12,
        14,
        6,
        13,
        15,
        16,
        17,
        5,
        18,
        19,
        20,
        21,
        22
      ]
    },
    "TIMROS": {
      "makespan": 96,
      "execution_time": 5.3882598876953125e-05,
      "schedule": {
        "1": [
          0,
          0
        ],
        "2": [
          0,
          9
        ],
        "7": [
          9,
          18
        ],
        "9": [
          18,
          23
        ],
        "10": [
          23,
          26
        ],
        "3": [
          26,
          28
        ],
        "4": [
          28,
          31
        ],
        "6": [
          31,
          39
        ],
        "11": [
          39,
          47
        ],
        "16": [
          47,
          53
        ],
        "8": [
          53,
          54
        ],
        "14": [
          54,
          60
        ],
        "17": [
          60,
          67
        ],
        "18": [
          67,
          77
        ],
        "5": [
          77,
          79
        ],
        "12": [
          79,
          81
        ],
        "21": [
          81,
          90
        ],
        "13": [
          90,
          91
        ],
        "15": [
          91,
          93
        ],
        "19": [
          93,
          95
        ],
        "20": [
          95,
          96
        ],
        "22": [
          96,
          96
        ]
      },
      "activity_order": [
        1,
        2,
        7,
        9,
        10,
        3,
        4,
        6,
        11,
        16,
        8,
        14,
        17,
        18,
        5,
        12,
        21,
        13,
        15,
        19,
        20,
        22
      ]
    },