{
  "instance": "inst_set1a_sf0_nc1.5_n20_m25_04",
  "results": {
    "HRPW*": {
      "makespan": 101,
      "execution_time": 3.361701965332031e-05,
      "schedule": {
        "1": [
          0,
          0
        ],
        "3": [
          0,
          3
        ],
        "4": [
          3,
          11
        ],
        "9": [
          11,
          19
        ],
        "2": [
          19,
          20
        ],
        "7": [
          20,
          23
        ],
        "8": [
          23,
          25
        ],
        "13": [
          25,
          29
        ],
        "16": [
          29,
          31
        ],
        "17": [
          31,
          38
        ],
        "14": [
          38,
          40
        ],
        "6": [
          40,
          44
        ],
        "5": [
          44,
          54
        ],
        "15": [
          54,
          58
        ],
        "12": [
          58,
          59
        ],
        "18": [
          59,
          68
        ],
        "10": [
          68,
          72
        ],
        "11": [
          72,
          76
        ],
        "20": [
          76,
          85
        ],
        "19": [
          85,
          93
        ],
        "21": [
          93,
          101
        ],
        "22": [
          101,
          101
        ]
      },
      "activity_order": [
        1,
        3,
        4,
        9,
        2,
        7,
        8,
        13,
        16,
        17,
        14,
        6,
        5,
        15,
        12,
        18,
        10,
        11,
        20,
        19,
        21,
        22
      ]
    },
    "LST": {
      "makespan": 101,
      "execution_time": 3.218650817871094e-05,
      "schedule": {
        "1": [
          0,
          0
        ],
        "3": [
          0,
          3
        ],
        "4": [
          3,
          11
        ],
        "9": [
          11,
          19
        ],
        "2": [
          19,
          20
        ],
        "7": [
          20,
          23
        ],
        "8": [
          23,
          25
        ],
        "13": [
          25,
          29
        ],
        "16": [
          29,
          31
        ],
        "17": [
          31,
          38
        ],
        "14": [
          38,
          40
        ],
        "6": [
          40,
          44
        ],
        "5": [
          44,
          54
        ],
        "15": [
          54,
          58
        ],
        "12": [
          58,
          59
        ],
        "18": [
          59,
          68
        ],
        "10": [
          68,
          72
        ],
        "11": [
          72,
          76
        ],
        "20": [
          76,
          85
        ],
        "19": [
          85,
          93
        ],
        "21": [
          93,
          101
        ],
        "22": [
          101,
          101
        ]
      },
      "activity_order": [
        1,
        3,
        4,
        9,
        2,
        7,
        8,
        13,
        16,
        17,
        14,
        6,
        5,
        15,
        12,
        18,
        10,
        11,
        20,
        19,
        21,
        22
      ]
    },
    "LFT": {
      "makespan": 101,
      "execution_time": 3.3855438232421875e-05,
      "schedule": {
        "1": [
          0,
          0
        ],
        "3": [
          0,
          3
        ],
        "2": [
          3,
          4
        ],
        "4": [
          4,
          12
        ],
        "7": [
          12,
          15
        ],
        "8": [
          15,
          17
        ],
        "9": [
          17,
          25
        ],
        "13": [
          25,
          29
        ],
        "16": [
          29,
          31
        ],
        "14": [
          31,
          33
        ],
        "6": [
          33,
          37
        ],
        "12": [
          37,
          38
        ],
        "15": [
          38,
          42
        ],
        "17": [
          42,
          49
        ],
        "5": [
          49,
          59
        ],
        "18": [
          59,
          68
        ],
        "10": [
          68,
          72
        ],
        "11": [
          72,
          76
        ],
        "19": [
          76,
          84
        ],
        "20": [
          84,
          93
        ],
        "21": [
          93,
          101
        ],
        "22": [
          101,
          101
        ]
      },
      "activity_order": [
        1,
        3,
        2,
        4,
        7,
        8,
        9,
        13,
        16,
        14,
        6,
        12,
        15,
        17,
        5,
        18,
        10,
        11,
        19,
        20,
        21,
        22
      ]
    },
    "MTS": {
      "makespan": 101,
      "execution_time": 3.218650817871094e-05,
      "schedule": {
        "1": [
          0,
          0
        ],
        "4": [
          0,
          8
        ],
        "2": [
          8,
          9
        ],
        "3": [
          9,
          12
        ],
        "7": [
          12,
          15
        ],
        "8": [
          15,
          17
        ],
        "9": [
          17,
          25
        ],
        "13": [
          25,
          29
        ],
        "6": [
          29,
          33
        ],
        "14": [
          33,
          35
        ],
        "16": [
          35,
          37
        ],
        "5": [
          37,
          47
        ],
        "12": [
          47,
          48
        ],
        "15": [
          48,
          52
        ],
        "17": [
          52,
          59
        ],
        "10": [
          59,
          63
        ],
        "11": [
          63,
          67
        ],
        "18": [
          67,
          76
        ],
        "19": [
          76,
          84
        ],
        "20": [
          84,
          93
        ],
        "21": [
          93,
          101
        ],
        "22": [
          101,
          101
        ]
      },
      "activity_order": [
        1,
        4,
        2,
        3,
        7,
        8,
        9,
        13,
        6,
        14,
        16,
        5,
        12,
        15,
        17,
        10,
        11,
        18,
        19,
        20,
        21,
        22
      ]
    },
    "TIMROS": {
      "makespan": 101,
      "execution_time": 3.1948089599609375e-05,
      "schedule": {
        "1": [
          0,
          0
        ],
        "3": [
          0,
          3
        ],
        "9": [
          3,
          11
        ],
        "4": [
          11,
          19
        ],
        "11": [
          19,
          23
        ],
        "5": [
          23,
          33
        ],
        "10": [
          33,
          37
        ],
        "2": [
          37,
          38
        ],
        "6": [
          38,
          42
        ],
        "12": [
          42,
          43
        ],
        "7": [
          43,
          46
        ],
        "19": [
          46,
          54
        ],
        "8": [
          54,
          56
        ],
        "13": [
          56,
          60
        ],
        "21": [
          60,
          68
        ],
        "14": [
          68,
          70
        ],
        "15": [
          70,
          74
        ],
        "16": [
          74,
          76
        ],
        "17": [
          76,
          83
        ],
        "18": [
          83,
          92
        ],
        "20": [
          92,
          101
        ],
        "22": [
          101,
          101
        ]
      },
      "activity_order": [
        1,
        3,
        9,
        4,
        11,
        5,
        10,
        2,
        6,
        12,
        7,
        19,
        8,
        13,
        21,
        14,
        15,
        16,
        17,
        18,
        20,
        22
      ]
    },