{
  "instance": "inst_set1a_sf0.5_nc1.8_n20_m13_05",
  "results": {
    "HRPW*": {
      "makespan": 61,
      "execution_time": 0.00021648406982421875,
      "schedule": {
        "1": [
          0,
          0
        ],
        "3": [
          0,
          8
        ],
        "2": [
          0,
          5
        ],
        "5": [
          8,
          12
        ],
        "9": [
          8,
          18
        ],
        "11": [
          12,
          22
        ],
        "4": [
          18,
          23
        ],
        "10": [
          23,
          26
        ],
        "7": [
          23,
          25
        ],
        "12": [
          26,
          35
        ],
        "13": [
          35,
          39
        ],
        "6": [
          23,
          24
        ],
        "14": [
          39,
          44
        ],
        "15": [
          25,
          30
        ],
        "17": [
          39,
          42
        ],
        "16": [
          44,
          47
        ],
        "18": [
          47,
          50
        ],
        "21": [
          44,
          53
        ],
        "8": [
          53,
          55
        ],
        "20": [
          55,
          61
        ],
        "19": [
          50,
          55
        ],
        "22": [
          61,
          61
        ]
      },
      "activity_order": [
        1,
        3,
        2,
        5,
        9,
        11,
        4,
        10,
        7,
        12,
        13,
        6,
        14,
        15,
        17,
        16,
        18,
        21,
        8,
        20,
        19,
        22
      ]
    },
    "LST": {
      "makespan": 61,
      "execution_time": 0.00022077560424804688,
      "schedule": {
        "1": [
          0,
          0
        ],
        "3": [
          0,
          8
        ],
        "2": [
          0,
          5
        ],
        "5": [
          8,
          12
        ],
        "9": [
          8,
          18
        ],
        "11": [
          12,
          22
        ],
        "4": [
          18,
          23
        ],
        "10": [
          23,
          26
        ],
        "7": [
          23,
          25
        ],
        "12": [
          26,
          35
        ],
        "13": [
          35,
          39
        ],
        "6": [
          23,
          24
        ],
        "14": [
          39,
          44
        ],
        "15": [
          25,
          30
        ],
        "17": [
          39,
          42
        ],
        "16": [
          44,
          47
        ],
        "18": [
          47,
          50
        ],
        "21": [
          44,
          53
        ],
        "8": [
          53,
          55
        ],
        "20": [
          55,
          61
        ],
        "19": [
          50,
          55
        ],
        "22": [
          61,
          61
        ]
      },
      "activity_order": [
        1,
        3,
        2,
        5,
        9,
        11,
        4,
        10,
        7,
        12,
        13,
        6,
        14,
        15,
        17,
        16,
        18,
        21,
        8,
        20,
        19,
        22
      ]
    },
    "LFT": {
      "makespan": 65,
      "execution_time": 0.00023317337036132812,
      "schedule": {
        "1": [
          0,
          0
        ],
        "2": [
          0,
          5
        ],
        "3": [
          0,
          8
        ],
        "5": [
          8,
          12
        ],
        "4": [
          8,
          13
        ],
        "9": [
          13,
          23
        ],
        "7": [
          13,
          15
        ],
        "10": [
          23,
          26
        ],
        "6": [
          13,
          14
        ],
        "11": [
          15,
          25
        ],
        "13": [
          26,
          30
        ],
        "12": [
          30,
          39
        ],
        "14": [
          39,
          44
        ],
        "15": [
          15,
          20
        ],
        "17": [
          30,
          33
        ],
        "8": [
          33,
          35
        ],
        "16": [
          44,
          47
        ],
        "18": [
          47,
          50
        ],
        "19": [
          50,
          55
        ],
        "20": [
          50,
          56
        ],
        "21": [
          56,
          65
        ],
        "22": [
          65,
          65
        ]
      },
      "activity_order": [
        1,
        2,
        3,
        5,
        4,
        9,
        7,
        10,
        6,
        11,
        13,
        12,
        14,
        15,
        17,
        8,
        16,
        18,
        19,
        20,
        21,
        22
      ]
    },
    "MTS": {
      "makespan": 65,
      "execution_time": 0.0002739429473876953,
      "schedule": {
        "1": [
          0,
          0
        ],
        "2": [
          0,
          5
        ],
        "4": [
          0,
          5
        ],
        "3": [
          5,
          13
        ],
        "7": [
          5,
          7
        ],
        "6": [
          5,
          6
        ],
        "10": [
          13,
          16
        ],
        "5": [
          13,
          17
        ],
        "13": [
          16,
          20
        ],
        "9": [
          20,
          30
        ],
        "11": [
          17,
          27
        ],
        "15": [
          7,
          12
        ],
        "17": [
          27,
          30
        ],
        "8": [
          30,
          32
        ],
        "12": [
          30,
          39
        ],
        "14": [
          39,
          44
        ],
        "16": [
          44,
          47
        ],
        "18": [
          47,
          50
        ],
        "19": [
          50,
          55
        ],
        "20": [
          50,
          56
        ],
        "21": [
          56,
          65
        ],
        "22": [
          65,
          65
        ]
      },
      "activity_order": [
        1,
        2,
        4,
        3,
        7,
        6,
        10,
        5,
        13,
        9,
        11,
        15,
        17,
        8,
        12,
        14,
        16,
        18,
        19,
        20,
        21,
        22
      ]
    },
    "TIMROS": {
      "makespan": 66,
      "execution_time": 0.00021195411682128906,
      "schedule": {
        "1": [
          0,
          0
        ],
        "3": [
          0,
          8
        ],
        "9": [
          8,
          18
        ],
        "12": [
          18,
          27
        ],
        "4": [
          27,
          32
        ],
        "2": [
          0,
          5
        ],
        "10": [
          32,
          35
        ],
        "5": [
          8,
          12
        ],
        "11": [
          12,
          22
        ],
        "14": [
          35,
          40
        ],
        "6": [
          32,
          33
        ],
        "7": [
          32,
          34
        ],
        "15": [
          34,
          39
        ],
        "21": [
          40,
          49
        ],
        "13": [
          40,
          44
        ],
        "16": [
          44,
          47
        ],
        "17": [
          49,
          52
        ],
        "19": [
          52,
          57
        ],
        "18": [
          57,
          60
        ],
        "8": [
          52,
          54
        ],
        "20": [
          60,
          66
        ],
        "22": [
          66,
          66
        ]
      },
      "activity_order": [
        1,
        3,
        9,
        12,
        4,
        2,
        10,
        5,
        11,
        14,
        6,
        7,
        15,
        21,
        13,
        16,
        17,
        19,
        18,
        8,
        20,
        22
      ]
    },
    "HRU1": {
      "makespan": 65,