{
  "instance": "inst_set1a_sf0.75_nc1.8_n20_m25_05",
  "results": {
    "HRPW*": {
      "makespan": 110,
      "execution_time": 4.029273986816406e-05,
      "schedule": {
        "1": [
          0,
          0
        ],
        "3": [
          0,
          10
        ],
        "4": [
          10,
          16
        ],
        "6": [
          16,
          21
        ],
        "9": [
          21,
          26
        ],
        "12": [
          26,
          34
        ],
        "5": [
          34,
          35
        ],
        "13": [
          35,
          42
        ],
        "2": [
          42,
          49
        ],
        "8": [
          49,
          54
        ],
        "15": [
          54,
          57
        ],
        "17": [
          57,
          67
        ],
        "16": [
          67,
          71
        ],
        "7": [
          71,
          78
        ],
        "10": [
          78,
          79
        ],
        "18": [
          79,
          83
        ],
        "11": [
          83,
          92
        ],
        "20": [
          92,
          102
        ],
        "14": [
          102,
          104
        ],
        "19": [
          104,
          107
        ],
        "21": [
          107,
          110
        ],
        "22": [
          110,
          110
        ]
      },
      "activity_order": [
        1,
        3,
        4,
        6,
        9,
        12,
        5,
        13,
        2,
        8,
        15,
        17,
        16,
        7,
        10,
        18,
        11,
        20,
        14,
        19,
        21,
        22
      ]
    },
    "LST": {
      "makespan": 110,
      "execution_time": 3.719329833984375e-05,
      "schedule": {
        "1": [
          0,
          0
        ],
        "3": [
          0,
          10
        ],
        "4": [
          10,
          16
        ],
        "6": [
          16,
          21
        ],
        "9": [
          21,
          26
        ],
        "12": [
          26,
          34
        ],
        "5": [
          34,
          35
        ],
        "13": [
          35,
          42
        ],
        "2": [
          42,
          49
        ],
        "8": [
          49,
          54
        ],
        "15": [
          54,
          57
        ],
        "17": [
          57,
          67
        ],
        "16": [
          67,
          71
        ],
        "7": [
          71,
          78
        ],
        "10": [
          78,
          79
        ],
        "18": [
          79,
          83
        ],
        "11": [
          83,
          92
        ],
        "20": [
          92,
          102
        ],
        "14": [
          102,
          104
        ],
        "19": [
          104,
          107
        ],
        "21": [
          107,
          110
        ],
        "22": [
          110,
          110
        ]
      },
      "activity_order": [
        1,
        3,
        4,
        6,
        9,
        12,
        5,
        13,
        2,
        8,
        15,
        17,
        16,
        7,
        10,
        18,
        11,
        20,
        14,
        19,
        21,
        22
      ]
    },
    "LFT": {
      "makespan": 110,
      "execution_time": 5.793571472167969e-05,
      "schedule": {
        "1": [
          0,
          0
        ],
        "3": [
          0,
          10
        ],
        "4": [
          10,
          16
        ],
        "6": [
          16,
          21
        ],
        "9": [
          21,
          26
        ],
        "5": [
          26,
          27
        ],
        "12": [
          27,
          35
        ],
        "8": [
          35,
          40
        ],
        "13": [
          40,
          47
        ],
        "2": [
          47,
          54
        ],
        "15": [
          54,
          57
        ],
        "10": [
          57,
          58
        ],
        "16": [
          58,
          62
        ],
        "7": [
          62,
          69
        ],
        "17": [
          69,
          79
        ],
        "18": [
          79,
          83
        ],
        "11": [
          83,
          92
        ],
        "14": [
          92,
          94
        ],
        "19": [
          94,
          97
        ],
        "20": [
          97,
          107
        ],
        "21": [
          107,
          110
        ],
        "22": [
          110,
          110
        ]
      },
      "activity_order": [
        1,
        3,
        4,
        6,
        9,
        5,
        12,
        8,
        13,
        2,
        15,
        10,
        16,
        7,
        17,
        18,
        11,
        14,
        19,
        20,
        21,
        22
      ]
    },
    "MTS": {
      "makespan": 110,
      "execution_time": 3.647804260253906e-05,
      "schedule": {
        "1": [
          0,
          0
        ],
        "3": [
          0,
          10
        ],
        "4": [
          10,
          16
        ],
        "6": [
          16,
          21
        ],
        "5": [
          21,
          22
        ],
        "9": [
          22,
          27
        ],
        "8": [
          27,
          32
        ],
        "12": [
          32,
          40
        ],
        "13": [
          40,
          47
        ],
        "2": [
          47,
          54
        ],
        "15": [
          54,
          57
        ],
        "7": [
          57,
          64
        ],
        "10": [
          64,
          65
        ],
        "16": [
          65,
          69
        ],
        "11": [
          69,
          78
        ],
        "14": [
          78,
          80
        ],
        "17": [
          80,
          90
        ],
        "18": [
          90,
          94
        ],
        "19": [
          94,
          97
        ],
        "20": [
          97,
          107
        ],
        "21": [
          107,
          110
        ],
        "22": [
          110,
          110
        ]
      },
      "activity_order": [
        1,
        3,
        4,
        6,
        5,
        9,
        8,
        12,
        13,
        2,
        15,
        7,
        10,
        16,
        11,
        14,
        17,
        18,
        19,
        20,
        21,
        22
      ]
    },
    "TIMROS": {
      "makespan": 110,
      "execution_time": 3.886222839355469e-05,
      "schedule": {
        "1": [
          0,
          0
        ],
        "3": [
          0,
          10
        ],
        "6": [
          10,
          15
        ],
        "11": [
          15,
          24
        ],
        "2": [
          24,
          31
        ],
        "7": [
          31,
          38
        ],
        "4": [
          38,
          44
        ],
        "9": [
          44,
          49
        ],
        "12": [
          49,
          57
        ],
        "21": [
          57,
          60
        ],
        "5": [
          60,
          61
        ],
        "13": [
          61,
          68
        ],
        "8": [
          68,
          73
        ],
        "17": [
          73,
          83
        ],
        "15": [
          83,
          86
        ],
        "16": [
          86,
          90
        ],
        "10": [
          90,
          91
        ],
        "18": [
          91,
          95
        ],
        "20": [
          95,
          105
        ],
        "14": [
          105,
          107
        ],
        "19": [
          107,
          110
        ],
        "22": [
          110,
          110
        ]
      },