{
  "instance": "inst_set1a_sf0_nc2.1_n20_m20_05",
  "results": {
    "HRPW*": {
      "makespan": 109,
      "execution_time": 7.510185241699219e-05,
      "schedule": {
        "1": [
          0,
          0
        ],
        "4": [
          0,
          8
        ],
        "2": [
          8,
          11
        ],
        "5": [
          11,
          13
        ],
        "8": [
          13,
          20
        ],
        "3": [
          20,
          27
        ],
        "11": [
          27,
          34
        ],
        "10": [
          34,
          39
        ],
        "14": [
          39,
          48
        ],
        "7": [
          48,
          50
        ],
        "15": [
          50,
          56
        ],
        "13": [
          56,
          62
        ],
        "6": [
          62,
          65
        ],
        "17": [
          65,
          73
        ],
        "9": [
          73,
          75
        ],
        "16": [
          75,
          77
        ],
        "18": [
          77,
          83
        ],
        "12": [
          83,
          84
        ],
        "21": [
          84,
          93
        ],
        "19": [
          93,
          101
        ],
        "20": [
          101,
          109
        ],
        "22": [
          109,
          109
        ]
      },
      "activity_order": [
        1,
        4,
        2,
        5,
        8,
        3,
        11,
        10,
        14,
        7,
        15,
        13,
        6,
        17,
        9,
        16,
        18,
        12,
        21,
        19,
        20,
        22
      ]
    },
    "LST": {
      "makespan": 109,
      "execution_time": 4.839897155761719e-05,
      "schedule": {
        "1": [
          0,
          0
        ],
        "4": [
          0,
          8
        ],
        "2": [
          8,
          11
        ],
        "5": [
          11,
          13
        ],
        "8": [
          13,
          20
        ],
        "3": [
          20,
          27
        ],
        "11": [
          27,
          34
        ],
        "10": [
          34,
          39
        ],
        "14": [
          39,
          48
        ],
        "7": [
          48,
          50
        ],
        "15": [
          50,
          56
        ],
        "13": [
          56,
          62
        ],
        "6": [
          62,
          65
        ],
        "17": [
          65,
          73
        ],
        "9": [
          73,
          75
        ],
        "16": [
          75,
          77
        ],
        "18": [
          77,
          83
        ],
        "12": [
          83,
          84
        ],
        "21": [
          84,
          93
        ],
        "19": [
          93,
          101
        ],
        "20": [
          101,
          109
        ],
        "22": [
          109,
          109
        ]
      },
      "activity_order": [
        1,
        4,
        2,
        5,
        8,
        3,
        11,
        10,
        14,
        7,
        15,
        13,
        6,
        17,
        9,
        16,
        18,
        12,
        21,
        19,
        20,
        22
      ]
    },
    "LFT": {
      "makespan": 109,
      "execution_time": 4.38690185546875e-05,
      "schedule": {
        "1": [
          0,
          0
        ],
        "2": [
          0,
          3
        ],
        "4": [
          3,
          11
        ],
        "5": [
          11,
          13
        ],
        "8": [
          13,
          20
        ],
        "3": [
          20,
          27
        ],
        "11": [
          27,
          34
        ],
        "10": [
          34,
          39
        ],
        "7": [
          39,
          41
        ],
        "14": [
          41,
          50
        ],
        "15": [
          50,
          56
        ],
        "6": [
          56,
          59
        ],
        "13": [
          59,
          65
        ],
        "9": [
          65,
          67
        ],
        "16": [
          67,
          69
        ],
        "12": [
          69,
          70
        ],
        "17": [
          70,
          78
        ],
        "18": [
          78,
          84
        ],
        "19": [
          84,
          92
        ],
        "20": [
          92,
          100
        ],
        "21": [
          100,
          109
        ],
        "22": [
          109,
          109
        ]
      },
      "activity_order": [
        1,
        2,
        4,
        5,
        8,
        3,
        11,
        10,
        7,
        14,
        15,
        6,
        13,
        9,
        16,
        12,
        17,
        18,
        19,
        20,
        21,
        22
      ]
    },
    "MTS": {
      "makespan": 109,
      "execution_time": 4.506111145019531e-05,
      "schedule": {
        "1": [
          0,
          0
        ],
        "2": [
          0,
          3
        ],
        "4": [
          3,
          11
        ],
        "5": [
          11,
          13
        ],
        "3": [
          13,
          20
        ],
        "8": [
          20,
          27
        ],
        "7": [
          27,
          29
        ],
        "10": [
          29,
          34
        ],
        "11": [
          34,
          41
        ],
        "9": [
          41,
          43
        ],
        "13": [
          43,
          49
        ],
        "6": [
          49,
          52
        ],
        "14": [
          52,
          61
        ],
        "15": [
          61,
          67
        ],
        "16": [
          67,
          69
        ],
        "12": [
          69,
          70
        ],
        "17": [
          70,
          78
        ],
        "18": [
          78,
          84
        ],
        "19": [
          84,
          92
        ],
        "20": [
          92,
          100
        ],
        "21": [
          100,
          109
        ],
        "22": [
          109,
          109
        ]
      },
      "activity_order": [
        1,
        2,
        4,
        5,
        3,
        8,
        7,
        10,
        11,
        9,
        13,
        6,
        14,
        15,
        16,
        12,
        17,
        18,
        19,
        20,
        21,
        22
      ]
    },
    "TIMROS": {
      "makespan": 109,
      "execution_time": 4.410743713378906e-05,
      "schedule": {
        "1": [
          0,
          0
        ],
        "3": [
          0,
          7
        ],
        "2": [
          7,
          10
        ],
        "6": [
          10,
          13
        ],
        "4": [
          13,
          21
        ],
        "8": [
          21,
          28
        ],
        "5": [
          28,
          30
        ],
        "7": [
          30,
          32
        ],
        "13": [
          32,
          38
        ],
        "9": [
          38,
          40
        ],
        "11": [
          40,
          47
        ],
        "14": [
          47,
          56
        ],
        "10": [
          56,
          61
        ],
        "15": [
          61,
          67
        ],
        "17": [
          67,
          75
        ],
        "19": [
          75,
          83
        ],
        "12": [
          83,
          84
        ],
        "16": [
          84,
          86
        ],
        "21": [
          86,
          95
        ],
        "18": [
          95,
          101
        ],
        "20": [
          101,
          109
        ],
        "22": [
          109,
          109
        ]
      },
      "activity_order": [
        1,
        3,
        2,
        6,
        4,
        8,
        5,
        7,
        13,
        9,
        11,
        14,
        10,
        15,
        17,
        19,
        12,
        16,
        21,
        18,
        20,
        22
      ]
    },