{
  "instance": "inst_set1a_sf0.5_nc1.8_n20_m10_05",
  "results": {
    "HRPW*": {
      "makespan": 125,
      "execution_time": 4.9591064453125e-05,
      "schedule": {
        "1": [
          0,
          0
        ],
        "2": [
          0,
          9
        ],
        "4": [
          9,
          16
        ],
        "3": [
          16,
          18
        ],
        "6": [
          18,
          24
        ],
        "5": [
          24,
          31
        ],
        "9": [
          31,
          38
        ],
        "14": [
          38,
          44
        ],
        "11": [
          44,
          52
        ],
        "15": [
          52,
          58
        ],
        "10": [
          58,
          66
        ],
        "17": [
          66,
          73
        ],
        "16": [
          73,
          78
        ],
        "7": [
          78,
          87
        ],
        "8": [
          87,
          92
        ],
        "18": [
          92,
          100
        ],
        "12": [
          100,
          105
        ],
        "13": [
          105,
          106
        ],
        "19": [
          106,
          114
        ],
        "21": [
          114,
          122
        ],
        "20": [
          122,
          125
        ],
        "22": [
          125,
          125
        ]
      },
      "activity_order": [
        1,
        2,
        4,
        3,
        6,
        5,
        9,
        14,
        11,
        15,
        10,
        17,
        16,
        7,
        8,
        18,
        12,
        13,
        19,
        21,
        20,
        22
      ]
    },
    "LST": {
      "makespan": 125,
      "execution_time": 4.5299530029296875e-05,
      "schedule": {
        "1": [
          0,
          0
        ],
        "2": [
          0,
          9
        ],
        "4": [
          9,
          16
        ],
        "3": [
          16,
          18
        ],
        "6": [
          18,
          24
        ],
        "5": [
          24,
          31
        ],
        "9": [
          31,
          38
        ],
        "14": [
          38,
          44
        ],
        "11": [
          44,
          52
        ],
        "15": [
          52,
          58
        ],
        "10": [
          58,
          66
        ],
        "17": [
          66,
          73
        ],
        "16": [
          73,
          78
        ],
        "7": [
          78,
          87
        ],
        "8": [
          87,
          92
        ],
        "18": [
          92,
          100
        ],
        "12": [
          100,
          105
        ],
        "13": [
          105,
          106
        ],
        "19": [
          106,
          114
        ],
        "21": [
          114,
          122
        ],
        "20": [
          122,
          125
        ],
        "22": [
          125,
          125
        ]
      },
      "activity_order": [
        1,
        2,
        4,
        3,
        6,
        5,
        9,
        14,
        11,
        15,
        10,
        17,
        16,
        7,
        8,
        18,
        12,
        13,
        19,
        21,
        20,
        22
      ]
    },
    "LFT": {
      "makespan": 125,
      "execution_time": 4.267692565917969e-05,
      "schedule": {
        "1": [
          0,
          0
        ],
        "3": [
          0,
          2
        ],
        "2": [
          2,
          11
        ],
        "4": [
          11,
          18
        ],
        "6": [
          18,
          24
        ],
        "5": [
          24,
          31
        ],
        "9": [
          31,
          38
        ],
        "14": [
          38,
          44
        ],
        "11": [
          44,
          52
        ],
        "15": [
          52,
          58
        ],
        "10": [
          58,
          66
        ],
        "16": [
          66,
          71
        ],
        "17": [
          71,
          78
        ],
        "8": [
          78,
          83
        ],
        "7": [
          83,
          92
        ],
        "12": [
          92,
          97
        ],
        "13": [
          97,
          98
        ],
        "18": [
          98,
          106
        ],
        "19": [
          106,
          114
        ],
        "20": [
          114,
          117
        ],
        "21": [
          117,
          125
        ],
        "22": [
          125,
          125
        ]
      },
      "activity_order": [
        1,
        3,
        2,
        4,
        6,
        5,
        9,
        14,
        11,
        15,
        10,
        16,
        17,
        8,
        7,
        12,
        13,
        18,
        19,
        20,
        21,
        22
      ]
    },
    "MTS": {
      "makespan": 125,
      "execution_time": 4.458427429199219e-05,
      "schedule": {
        "1": [
          0,
          0
        ],
        "3": [
          0,
          2
        ],
        "2": [
          2,
          11
        ],
        "4": [
          11,
          18
        ],
        "5": [
          18,
          25
        ],
        "6": [
          25,
          31
        ],
        "9": [
          31,
          38
        ],
        "11": [
          38,
          46
        ],
        "14": [
          46,
          52
        ],
        "7": [
          52,
          61
        ],
        "15": [
          61,
          67
        ],
        "17": [
          67,
          74
        ],
        "13": [
          74,
          75
        ],
        "16": [
          75,
          80
        ],
        "8": [
          80,
          85
        ],
        "10": [
          85,
          93
        ],
        "12": [
          93,
          98
        ],
        "18": [
          98,
          106
        ],
        "19": [
          106,
          114
        ],
        "20": [
          114,
          117
        ],
        "21": [
          117,
          125
        ],
        "22": [
          125,
          125
        ]
      },
      "activity_order": [
        1,
        3,
        2,
        4,
        5,
        6,
        9,
        11,
        14,
        7,
        15,
        17,
        13,
        16,
        8,
        10,
        12,
        18,
        19,
        20,
        21,
        22
      ]
    },
    "TIMROS": {
      "makespan": 125,
      "execution_time": 4.124641418457031e-05,
      "schedule": {
        "1": [
          0,
          0
        ],
        "2": [
          0,
          9
        ],
        "7": [
          9,
          18
        ],
        "4": [
          18,
          25
        ],
        "9": [
          25,
          32
        ],
        "5": [
          32,
          39
        ],
        "13": [
          39,
          40
        ],
        "3": [
          40,
          42
        ],
        "11": [
          42,
          50
        ],
        "17": [
          50,
          57
        ],
        "6": [
          57,
          63
        ],
        "10": [
          63,
          71
        ],
        "19": [
          71,
          79
        ],
        "14": [
          79,
          85
        ],
        "15": [
          85,
          91
        ],
        "8": [
          91,
          96
        ],
        "12": [
          96,
          101
        ],
        "16": [
          101,
          106
        ],
        "20": [
          106,
          109
        ],
        "18": [
          109,
          117
        ],
        "21": [
          117,
          125
        ],
        "22": [
          125,
          125
        ]
      },