{
  "instance": "inst_set1a_sf0_nc1.5_n20_m25_00",
  "results": {
    "HRPW*": {
      "makespan": 106,
      "execution_time": 4.3392181396484375e-05,
      "schedule": {
        "1": [
          0,
          0
        ],
        "2": [
          0,
          2
        ],
        "4": [
          2,
          3
        ],
        "6": [
          3,
          8
        ],
        "5": [
          8,
          9
        ],
        "7": [
          9,
          12
        ],
        "10": [
          12,
          22
        ],
        "8": [
          22,
          29
        ],
        "11": [
          29,
          38
        ],
        "12": [
          38,
          45
        ],
        "9": [
          45,
          55
        ],
        "18": [
          55,
          62
        ],
        "13": [
          62,
          63
        ],
        "17": [
          63,
          73
        ],
        "3": [
          73,
          75
        ],
        "14": [
          75,
          80
        ],
        "16": [
          80,
          81
        ],
        "20": [
          81,
          91
        ],
        "19": [
          91,
          100
        ],
        "15": [
          100,
          102
        ],
        "21": [
          102,
          106
        ],
        "22": [
          106,
          106
        ]
      },
      "activity_order": [
        1,
        2,
        4,
        6,
        5,
        7,
        10,
        8,
        11,
        12,
        9,
        18,
        13,
        17,
        3,
        14,
        16,
        20,
        19,
        15,
        21,
        22
      ]
    },
    "LST": {
      "makespan": 106,
      "execution_time": 3.814697265625e-05,
      "schedule": {
        "1": [
          0,
          0
        ],
        "2": [
          0,
          2
        ],
        "4": [
          2,
          3
        ],
        "6": [
          3,
          8
        ],
        "5": [
          8,
          9
        ],
        "7": [
          9,
          12
        ],
        "10": [
          12,
          22
        ],
        "8": [
          22,
          29
        ],
        "11": [
          29,
          38
        ],
        "12": [
          38,
          45
        ],
        "9": [
          45,
          55
        ],
        "18": [
          55,
          62
        ],
        "13": [
          62,
          63
        ],
        "17": [
          63,
          73
        ],
        "3": [
          73,
          75
        ],
        "14": [
          75,
          80
        ],
        "16": [
          80,
          81
        ],
        "20": [
          81,
          91
        ],
        "19": [
          91,
          100
        ],
        "15": [
          100,
          102
        ],
        "21": [
          102,
          106
        ],
        "22": [
          106,
          106
        ]
      },
      "activity_order": [
        1,
        2,
        4,
        6,
        5,
        7,
        10,
        8,
        11,
        12,
        9,
        18,
        13,
        17,
        3,
        14,
        16,
        20,
        19,
        15,
        21,
        22
      ]
    },
    "LFT": {
      "makespan": 106,
      "execution_time": 3.814697265625e-05,
      "schedule": {
        "1": [
          0,
          0
        ],
        "4": [
          0,
          1
        ],
        "2": [
          1,
          3
        ],
        "5": [
          3,
          4
        ],
        "6": [
          4,
          9
        ],
        "7": [
          9,
          12
        ],
        "10": [
          12,
          22
        ],
        "8": [
          22,
          29
        ],
        "11": [
          29,
          38
        ],
        "12": [
          38,
          45
        ],
        "13": [
          45,
          46
        ],
        "3": [
          46,
          48
        ],
        "9": [
          48,
          58
        ],
        "16": [
          58,
          59
        ],
        "18": [
          59,
          66
        ],
        "14": [
          66,
          71
        ],
        "15": [
          71,
          73
        ],
        "17": [
          73,
          83
        ],
        "19": [
          83,
          92
        ],
        "20": [
          92,
          102
        ],
        "21": [
          102,
          106
        ],
        "22": [
          106,
          106
        ]
      },
      "activity_order": [
        1,
        4,
        2,
        5,
        6,
        7,
        10,
        8,
        11,
        12,
        13,
        3,
        9,
        16,
        18,
        14,
        15,
        17,
        19,
        20,
        21,
        22
      ]
    },
    "MTS": {
      "makespan": 106,
      "execution_time": 3.6716461181640625e-05,
      "schedule": {
        "1": [
          0,
          0
        ],
        "4": [
          0,
          1
        ],
        "6": [
          1,
          6
        ],
        "8": [
          6,
          13
        ],
        "2": [
          13,
          15
        ],
        "5": [
          15,
          16
        ],
        "12": [
          16,
          23
        ],
        "7": [
          23,
          26
        ],
        "3": [
          26,
          28
        ],
        "9": [
          28,
          38
        ],
        "10": [
          38,
          48
        ],
        "11": [
          48,
          57
        ],
        "13": [
          57,
          58
        ],
        "14": [
          58,
          63
        ],
        "16": [
          63,
          64
        ],
        "15": [
          64,
          66
        ],
        "17": [
          66,
          76
        ],
        "18": [
          76,
          83
        ],
        "19": [
          83,
          92
        ],
        "20": [
          92,
          102
        ],
        "21": [
          102,
          106
        ],
        "22": [
          106,
          106
        ]
      },
      "activity_order": [
        1,
        4,
        6,
        8,
        2,
        5,
        12,
        7,
        3,
        9,
        10,
        11,
        13,
        14,
        16,
        15,
        17,
        18,
        19,
        20,
        21,
        22
      ]
    },
    "TIMROS": {
      "makespan": 106,
      "execution_time": 4.76837158203125e-05,
      "schedule": {
        "1": [
          0,
          0
        ],
        "3": [
          0,
          2
        ],
        "4": [
          2,
          3
        ],
        "6": [
          3,
          8
        ],
        "8": [
          8,
          15
        ],
        "9": [
          15,
          25
        ],
        "12": [
          25,
          32
        ],
        "20": [
          32,
          42
        ],
        "13": [
          42,
          43
        ],
        "17": [
          43,
          53
        ],
        "14": [
          53,
          58
        ],
        "2": [
          58,
          60
        ],
        "5": [
          60,
          61
        ],
        "7": [
          61,
          64
        ],
        "10": [
          64,
          74
        ],
        "11": [
          74,
          83
        ],
        "18": [
          83,
          90
        ],
        "15": [
          90,
          92
        ],
        "16": [
          92,
          93
        ],
        "19": [
          93,
          102
        ],
        "21": [
          102,
          106
        ],
        "22": [
          106,
          106
        ]
      },
      "activity_order": [
        1,
        3,
        4,
        6,
        8,
        9,
        12,
        20,
        13,
        17,
        14,
        2,
        5,
        7,
        10,
        11,
        18,
        15,
        16,
        19,
        21,
        22
      ]
    },