{
  "instance": "inst_set1a_sf1_nc1.5_n20_m20_05",
  "results": {
    "HRPW*": {
      "makespan": 109,
      "execution_time": 0.00032711029052734375,
      "schedule": {
        "1": [
          0,
          0
        ],
        "3": [
          0,
          9
        ],
        "4": [
          9,
          19
        ],
        "7": [
          19,
          21
        ],
        "8": [
          21,
          27
        ],
        "12": [
          27,
          30
        ],
        "2": [
          30,
          39
        ],
        "6": [
          39,
          43
        ],
        "13": [
          43,
          52
        ],
        "16": [
          52,
          55
        ],
        "17": [
          55,
          56
        ],
        "9": [
          56,
          61
        ],
        "18": [
          61,
          70
        ],
        "15": [
          70,
          78
        ],
        "10": [
          78,
          80
        ],
        "14": [
          80,
          87
        ],
        "5": [
          87,
          94
        ],
        "11": [
          94,
          96
        ],
        "20": [
          96,
          103
        ],
        "19": [
          103,
          107
        ],
        "21": [
          107,
          109
        ],
        "22": [
          109,
          109
        ]
      },
      "activity_order": [
        1,
        3,
        4,
        7,
        8,
        12,
        2,
        6,
        13,
        16,
        17,
        9,
        18,
        15,
        10,
        14,
        5,
        11,
        20,
        19,
        21,
        22
      ]
    },
    "LST": {
      "makespan": 109,
      "execution_time": 0.00029969215393066406,
      "schedule": {
        "1": [
          0,
          0
        ],
        "3": [
          0,
          9
        ],
        "4": [
          9,
          19
        ],
        "7": [
          19,
          21
        ],
        "8": [
          21,
          27
        ],
        "12": [
          27,
          30
        ],
        "2": [
          30,
          39
        ],
        "6": [
          39,
          43
        ],
        "13": [
          43,
          52
        ],
        "16": [
          52,
          55
        ],
        "17": [
          55,
          56
        ],
        "9": [
          56,
          61
        ],
        "18": [
          61,
          70
        ],
        "15": [
          70,
          78
        ],
        "10": [
          78,
          80
        ],
        "14": [
          80,
          87
        ],
        "5": [
          87,
          94
        ],
        "11": [
          94,
          96
        ],
        "20": [
          96,
          103
        ],
        "19": [
          103,
          107
        ],
        "21": [
          107,
          109
        ],
        "22": [
          109,
          109
        ]
      },
      "activity_order": [
        1,
        3,
        4,
        7,
        8,
        12,
        2,
        6,
        13,
        16,
        17,
        9,
        18,
        15,
        10,
        14,
        5,
        11,
        20,
        19,
        21,
        22
      ]
    },
    "LFT": {
      "makespan": 109,
      "execution_time": 0.00033473968505859375,
      "schedule": {
        "1": [
          0,
          0
        ],
        "3": [
          0,
          9
        ],
        "7": [
          9,
          11
        ],
        "12": [
          11,
          14
        ],
        "4": [
          14,
          24
        ],
        "8": [
          24,
          30
        ],
        "6": [
          30,
          34
        ],
        "16": [
          34,
          37
        ],
        "17": [
          37,
          38
        ],
        "2": [
          38,
          47
        ],
        "9": [
          47,
          52
        ],
        "13": [
          52,
          61
        ],
        "10": [
          61,
          63
        ],
        "11": [
          63,
          65
        ],
        "15": [
          65,
          73
        ],
        "18": [
          73,
          82
        ],
        "14": [
          82,
          89
        ],
        "5": [
          89,
          96
        ],
        "19": [
          96,
          100
        ],
        "20": [
          100,
          107
        ],
        "21": [
          107,
          109
        ],
        "22": [
          109,
          109
        ]
      },
      "activity_order": [
        1,
        3,
        7,
        12,
        4,
        8,
        6,
        16,
        17,
        2,
        9,
        13,
        10,
        11,
        15,
        18,
        14,
        5,
        19,
        20,
        21,
        22
      ]
    },
    "MTS": {
      "makespan": 109,
      "execution_time": 0.000423431396484375,
      "schedule": {
        "1": [
          0,
          0
        ],
        "3": [
          0,
          9
        ],
        "2": [
          9,
          18
        ],
        "6": [
          18,
          22
        ],
        "4": [
          22,
          32
        ],
        "7": [
          32,
          34
        ],
        "8": [
          34,
          40
        ],
        "9": [
          40,
          45
        ],
        "12": [
          45,
          48
        ],
        "16": [
          48,
          51
        ],
        "17": [
          51,
          52
        ],
        "10": [
          52,
          54
        ],
        "13": [
          54,
          63
        ],
        "18": [
          63,
          72
        ],
        "5": [
          72,
          79
        ],
        "11": [
          79,
          81
        ],
        "14": [
          81,
          88
        ],
        "15": [
          88,
          96
        ],
        "19": [
          96,
          100
        ],
        "20": [
          100,
          107
        ],
        "21": [
          107,
          109
        ],
        "22": [
          109,
          109
        ]
      },
      "activity_order": [
        1,
        3,
        2,
        6,
        4,
        7,
        8,
        9,
        12,
        16,
        17,
        10,
        13,
        18,
        5,
        11,
        14,
        15,
        19,
        20,
        21,
        22
      ]
    },
    "TIMROS": {
      "makespan": 109,
      "execution_time": 0.000308990478515625,
      "schedule": {
        "1": [
          0,
          0
        ],
        "4": [
          0,
          10
        ],
        "2": [
          10,
          19
        ],
        "3": [
          19,
          28
        ],
        "5": [
          28,
          35
        ],
        "6": [
          35,
          39
        ],
        "15": [
          39,
          47
        ],
        "9": [
          47,
          52
        ],
        "12": [
          52,
          55
        ],
        "13": [
          55,
          64
        ],
        "14": [
          64,
          71
        ],
        "16": [
          71,
          74
        ],
        "7": [
          74,
          76
        ],
        "8": [
          76,
          82
        ],
        "10": [
          82,
          84
        ],
        "11": [
          84,
          86
        ],
        "21": [
          86,
          88
        ],
        "17": [
          88,
          89
        ],
        "18": [
          89,
          98
        ],
        "20": [
          98,
          105
        ],
        "19": [
          105,
          109
        ],
        "22": [
          109,
          109
        ]
      },