{
  "instance": "inst_set1a_sf0.75_nc1.5_n20_m25_03",
  "results": {
    "HRPW*": {
      "makespan": 133,
      "execution_time": 0.00010585784912109375,
      "schedule": {
        "1": [
          0,
          0
        ],
        "4": [
          0,
          5
        ],
        "5": [
          5,
          13
        ],
        "2": [
          13,
          19
        ],
        "9": [
          19,
          21
        ],
        "10": [
          21,
          31
        ],
        "7": [
          31,
          37
        ],
        "3": [
          37,
          45
        ],
        "13": [
          45,
          53
        ],
        "11": [
          53,
          63
        ],
        "12": [
          63,
          68
        ],
        "18": [
          68,
          77
        ],
        "6": [
          77,
          79
        ],
        "14": [
          79,
          88
        ],
        "16": [
          88,
          97
        ],
        "15": [
          97,
          107
        ],
        "21": [
          107,
          117
        ],
        "8": [
          117,
          123
        ],
        "17": [
          123,
          128
        ],
        "20": [
          128,
          132
        ],
        "19": [
          132,
          133
        ],
        "22": [
          133,
          133
        ]
      },
      "activity_order": [
        1,
        4,
        5,
        2,
        9,
        10,
        7,
        3,
        13,
        11,
        12,
        18,
        6,
        14,
        16,
        15,
        21,
        8,
        17,
        20,
        19,
        22
      ]
    },
    "LST": {
      "makespan": 133,
      "execution_time": 5.841255187988281e-05,
      "schedule": {
        "1": [
          0,
          0
        ],
        "4": [
          0,
          5
        ],
        "5": [
          5,
          13
        ],
        "2": [
          13,
          19
        ],
        "9": [
          19,
          21
        ],
        "10": [
          21,
          31
        ],
        "7": [
          31,
          37
        ],
        "3": [
          37,
          45
        ],
        "13": [
          45,
          53
        ],
        "11": [
          53,
          63
        ],
        "12": [
          63,
          68
        ],
        "18": [
          68,
          77
        ],
        "6": [
          77,
          79
        ],
        "14": [
          79,
          88
        ],
        "16": [
          88,
          97
        ],
        "15": [
          97,
          107
        ],
        "21": [
          107,
          117
        ],
        "8": [
          117,
          123
        ],
        "17": [
          123,
          128
        ],
        "20": [
          128,
          132
        ],
        "19": [
          132,
          133
        ],
        "22": [
          133,
          133
        ]
      },
      "activity_order": [
        1,
        4,
        5,
        2,
        9,
        10,
        7,
        3,
        13,
        11,
        12,
        18,
        6,
        14,
        16,
        15,
        21,
        8,
        17,
        20,
        19,
        22
      ]
    },
    "LFT": {
      "makespan": 133,
      "execution_time": 4.863739013671875e-05,
      "schedule": {
        "1": [
          0,
          0
        ],
        "4": [
          0,
          5
        ],
        "5": [
          5,
          13
        ],
        "2": [
          13,
          19
        ],
        "9": [
          19,
          21
        ],
        "7": [
          21,
          27
        ],
        "10": [
          27,
          37
        ],
        "3": [
          37,
          45
        ],
        "13": [
          45,
          53
        ],
        "6": [
          53,
          55
        ],
        "11": [
          55,
          65
        ],
        "12": [
          65,
          70
        ],
        "18": [
          70,
          79
        ],
        "14": [
          79,
          88
        ],
        "16": [
          88,
          97
        ],
        "8": [
          97,
          103
        ],
        "15": [
          103,
          113
        ],
        "17": [
          113,
          118
        ],
        "19": [
          118,
          119
        ],
        "20": [
          119,
          123
        ],
        "21": [
          123,
          133
        ],
        "22": [
          133,
          133
        ]
      },
      "activity_order": [
        1,
        4,
        5,
        2,
        9,
        7,
        10,
        3,
        13,
        6,
        11,
        12,
        18,
        14,
        16,
        8,
        15,
        17,
        19,
        20,
        21,
        22
      ]
    },
    "MTS": {
      "makespan": 133,
      "execution_time": 5.817413330078125e-05,
      "schedule": {
        "1": [
          0,
          0
        ],
        "4": [
          0,
          5
        ],
        "5": [
          5,
          13
        ],
        "7": [
          13,
          19
        ],
        "9": [
          19,
          21
        ],
        "2": [
          21,
          27
        ],
        "10": [
          27,
          37
        ],
        "3": [
          37,
          45
        ],
        "6": [
          45,
          47
        ],
        "11": [
          47,
          57
        ],
        "12": [
          57,
          62
        ],
        "13": [
          62,
          70
        ],
        "14": [
          70,
          79
        ],
        "16": [
          79,
          88
        ],
        "8": [
          88,
          94
        ],
        "15": [
          94,
          104
        ],
        "17": [
          104,
          109
        ],
        "18": [
          109,
          118
        ],
        "19": [
          118,
          119
        ],
        "20": [
          119,
          123
        ],
        "21": [
          123,
          133
        ],
        "22": [
          133,
          133
        ]
      },
      "activity_order": [
        1,
        4,
        5,
        7,
        9,
        2,
        10,
        3,
        6,
        11,
        12,
        13,
        14,
        16,
        8,
        15,
        17,
        18,
        19,
        20,
        21,
        22
      ]
    },
    "TIMROS": {
      "makespan": 133,
      "execution_time": 4.57763671875e-05,
      "schedule": {
        "1": [
          0,
          0
        ],
        "3": [
          0,
          8
        ],
        "2": [
          8,
          14
        ],
        "4": [
          14,
          19
        ],
        "5": [
          19,
          27
        ],
        "7": [
          27,
          33
        ],
        "13": [
          33,
          41
        ],
        "18": [
          41,
          50
        ],
        "21": [
          50,
          60
        ],
        "8": [
          60,
          66
        ],
        "20": [
          66,
          70
        ],
        "9": [
          70,
          72
        ],
        "10": [
          72,
          82
        ],
        "11": [
          82,
          92
        ],
        "15": [
          92,
          102
        ],
        "14": [
          102,
          111
        ],
        "12": [
          111,
          116
        ],
        "6": [
          116,
          118
        ],
        "16": [
          118,
          127
        ],
        "17": [
          127,
          132
        ],
        "19": [
          132,
          133
        ],
        "22": [
          133,
          133
        ]
      },