{
  "instance": "inst_set1a_sf0.75_nc2.1_n20_m10_01",
  "results": {
    "HRPW*": {
      "makespan": 71,
      "execution_time": 0.0002448558807373047,
      "schedule": {
        "1": [
          0,
          0
        ],
        "2": [
          0,
          4
        ],
        "5": [
          4,
          10
        ],
        "6": [
          10,
          14
        ],
        "4": [
          0,
          1
        ],
        "8": [
          14,
          24
        ],
        "9": [
          24,
          33
        ],
        "12": [
          4,
          14
        ],
        "3": [
          14,
          16
        ],
        "11": [
          16,
          26
        ],
        "7": [
          14,
          21
        ],
        "16": [
          33,
          38
        ],
        "14": [
          33,
          43
        ],
        "10": [
          43,
          50
        ],
        "17": [
          50,
          60
        ],
        "13": [
          60,
          62
        ],
        "15": [
          43,
          50
        ],
        "18": [
          62,
          63
        ],
        "21": [
          63,
          71
        ],
        "19": [
          63,
          67
        ],
        "20": [
          67,
          68
        ],
        "22": [
          71,
          71
        ]
      },
      "activity_order": [
        1,
        2,
        5,
        6,
        4,
        8,
        9,
        12,
        3,
        11,
        7,
        16,
        14,
        10,
        17,
        13,
        15,
        18,
        21,
        19,
        20,
        22
      ]
    },
    "LST": {
      "makespan": 71,
      "execution_time": 0.0002086162567138672,
      "schedule": {
        "1": [
          0,
          0
        ],
        "2": [
          0,
          4
        ],
        "5": [
          4,
          10
        ],
        "6": [
          10,
          14
        ],
        "4": [
          0,
          1
        ],
        "8": [
          14,
          24
        ],
        "9": [
          24,
          33
        ],
        "12": [
          4,
          14
        ],
        "3": [
          14,
          16
        ],
        "11": [
          16,
          26
        ],
        "7": [
          14,
          21
        ],
        "16": [
          33,
          38
        ],
        "14": [
          33,
          43
        ],
        "10": [
          43,
          50
        ],
        "17": [
          50,
          60
        ],
        "13": [
          60,
          62
        ],
        "15": [
          43,
          50
        ],
        "18": [
          62,
          63
        ],
        "21": [
          63,
          71
        ],
        "19": [
          63,
          67
        ],
        "20": [
          67,
          68
        ],
        "22": [
          71,
          71
        ]
      },
      "activity_order": [
        1,
        2,
        5,
        6,
        4,
        8,
        9,
        12,
        3,
        11,
        7,
        16,
        14,
        10,
        17,
        13,
        15,
        18,
        21,
        19,
        20,
        22
      ]
    },
    "LFT": {
      "makespan": 71,
      "execution_time": 0.00021648406982421875,
      "schedule": {
        "1": [
          0,
          0
        ],
        "2": [
          0,
          4
        ],
        "5": [
          4,
          10
        ],
        "4": [
          0,
          1
        ],
        "6": [
          10,
          14
        ],
        "3": [
          1,
          3
        ],
        "8": [
          14,
          24
        ],
        "9": [
          24,
          33
        ],
        "12": [
          4,
          14
        ],
        "7": [
          14,
          21
        ],
        "11": [
          14,
          24
        ],
        "16": [
          33,
          38
        ],
        "10": [
          33,
          40
        ],
        "14": [
          40,
          50
        ],
        "13": [
          50,
          52
        ],
        "17": [
          52,
          62
        ],
        "18": [
          62,
          63
        ],
        "15": [
          50,
          57
        ],
        "19": [
          63,
          67
        ],
        "20": [
          67,
          68
        ],
        "21": [
          63,
          71
        ],
        "22": [
          71,
          71
        ]
      },
      "activity_order": [
        1,
        2,
        5,
        4,
        6,
        3,
        8,
        9,
        12,
        7,
        11,
        16,
        10,
        14,
        13,
        17,
        18,
        15,
        19,
        20,
        21,
        22
      ]
    },
    "MTS": {
      "makespan": 71,
      "execution_time": 0.00021600723266601562,
      "schedule": {
        "1": [
          0,
          0
        ],
        "2": [
          0,
          4
        ],
        "5": [
          4,
          10
        ],
        "4": [
          0,
          1
        ],
        "3": [
          1,
          3
        ],
        "6": [
          10,
          14
        ],
        "9": [
          14,
          23
        ],
        "8": [
          23,
          33
        ],
        "11": [
          10,
          20
        ],
        "12": [
          20,
          30
        ],
        "16": [
          33,
          38
        ],
        "10": [
          33,
          40
        ],
        "14": [
          40,
          50
        ],
        "7": [
          14,
          21
        ],
        "13": [
          50,
          52
        ],
        "17": [
          52,
          62
        ],
        "15": [
          50,
          57
        ],
        "18": [
          62,
          63
        ],
        "19": [
          63,
          67
        ],
        "20": [
          67,
          68
        ],
        "21": [
          63,
          71
        ],
        "22": [
          71,
          71
        ]
      },
      "activity_order": [
        1,
        2,
        5,
        4,
        3,
        6,
        9,
        8,
        11,
        12,
        16,
        10,
        14,
        7,
        13,
        17,
        15,
        18,
        19,
        20,
        21,
        22
      ]
    },
    "TIMROS": {
      "makespan": 87,
      "execution_time": 0.0003063678741455078,
      "schedule": {
        "1": [
          0,
          0
        ],
        "2": [
          0,
          4
        ],
        "5": [
          4,
          10
        ],
        "9": [
          10,
          19
        ],
        "6": [
          19,
          23
        ],
        "3": [
          0,
          2
        ],
        "11": [
          10,
          20
        ],
        "10": [
          23,
          30
        ],
        "13": [
          30,
          32
        ],
        "4": [
          20,
          21
        ],
        "8": [
          32,
          42
        ],
        "12": [
          21,
          31
        ],
        "14": [
          42,
          52
        ],
        "7": [
          23,
          30
        ],
        "15": [
          52,
          59
        ],
        "16": [
          59,
          64
        ],
        "17": [
          64,
          74
        ],
        "19": [
          74,
          78
        ],
        "18": [
          78,
          79
        ],
        "21": [
          79,
          87
        ],
        "20": [
          79,
          80
        ],
        "22": [
          87,
          87
        ]
      },
      "activity_order": [
        1,
        2,
        5,
        9,
        6,
        3,
        11,
        10,
        13,
        4,
        8,
        12,
        14,
        7,
        15,
        16,
        17,
        19,
        18,
        21,
        20,
        22
      ]
    },
    "HRU1": {
      "makespan": 83,