{
  "instance": "inst_set1a_sf1_nc2.1_n20_m25_01",
  "results": {
    "HRPW*": {
      "makespan": 89,
      "execution_time": 0.00030231475830078125,
      "schedule": {
        "1": [
          0,
          0
        ],
        "4": [
          0,
          6
        ],
        "2": [
          6,
          14
        ],
        "7": [
          14,
          23
        ],
        "3": [
          23,
          25
        ],
        "10": [
          25,
          30
        ],
        "6": [
          30,
          33
        ],
        "5": [
          33,
          35
        ],
        "8": [
          35,
          39
        ],
        "14": [
          39,
          45
        ],
        "17": [
          45,
          54
        ],
        "11": [
          54,
          59
        ],
        "9": [
          59,
          61
        ],
        "13": [
          61,
          62
        ],
        "12": [
          62,
          68
        ],
        "15": [
          68,
          73
        ],
        "18": [
          73,
          76
        ],
        "16": [
          76,
          79
        ],
        "21": [
          79,
          84
        ],
        "20": [
          84,
          87
        ],
        "19": [
          87,
          89
        ],
        "22": [
          89,
          89
        ]
      },
      "activity_order": [
        1,
        4,
        2,
        7,
        3,
        10,
        6,
        5,
        8,
        14,
        17,
        11,
        9,
        13,
        12,
        15,
        18,
        16,
        21,
        20,
        19,
        22
      ]
    },
    "LST": {
      "makespan": 89,
      "execution_time": 0.000293731689453125,
      "schedule": {
        "1": [
          0,
          0
        ],
        "4": [
          0,
          6
        ],
        "2": [
          6,
          14
        ],
        "7": [
          14,
          23
        ],
        "3": [
          23,
          25
        ],
        "10": [
          25,
          30
        ],
        "6": [
          30,
          33
        ],
        "5": [
          33,
          35
        ],
        "8": [
          35,
          39
        ],
        "14": [
          39,
          45
        ],
        "17": [
          45,
          54
        ],
        "11": [
          54,
          59
        ],
        "9": [
          59,
          61
        ],
        "13": [
          61,
          62
        ],
        "12": [
          62,
          68
        ],
        "15": [
          68,
          73
        ],
        "18": [
          73,
          76
        ],
        "16": [
          76,
          79
        ],
        "21": [
          79,
          84
        ],
        "20": [
          84,
          87
        ],
        "19": [
          87,
          89
        ],
        "22": [
          89,
          89
        ]
      },
      "activity_order": [
        1,
        4,
        2,
        7,
        3,
        10,
        6,
        5,
        8,
        14,
        17,
        11,
        9,
        13,
        12,
        15,
        18,
        16,
        21,
        20,
        19,
        22
      ]
    },
    "LFT": {
      "makespan": 89,
      "execution_time": 0.0002906322479248047,
      "schedule": {
        "1": [
          0,
          0
        ],
        "4": [
          0,
          6
        ],
        "2": [
          6,
          14
        ],
        "3": [
          14,
          16
        ],
        "7": [
          16,
          25
        ],
        "5": [
          25,
          27
        ],
        "6": [
          27,
          30
        ],
        "10": [
          30,
          35
        ],
        "8": [
          35,
          39
        ],
        "9": [
          39,
          41
        ],
        "11": [
          41,
          46
        ],
        "13": [
          46,
          47
        ],
        "14": [
          47,
          53
        ],
        "17": [
          53,
          62
        ],
        "18": [
          62,
          65
        ],
        "15": [
          65,
          70
        ],
        "16": [
          70,
          73
        ],
        "12": [
          73,
          79
        ],
        "19": [
          79,
          81
        ],
        "20": [
          81,
          84
        ],
        "21": [
          84,
          89
        ],
        "22": [
          89,
          89
        ]
      },
      "activity_order": [
        1,
        4,
        2,
        3,
        7,
        5,
        6,
        10,
        8,
        9,
        11,
        13,
        14,
        17,
        18,
        15,
        16,
        12,
        19,
        20,
        21,
        22
      ]
    },
    "MTS": {
      "makespan": 89,
      "execution_time": 0.0003256797790527344,
      "schedule": {
        "1": [
          0,
          0
        ],
        "4": [
          0,
          6
        ],
        "2": [
          6,
          14
        ],
        "7": [
          14,
          23
        ],
        "3": [
          23,
          25
        ],
        "6": [
          25,
          28
        ],
        "5": [
          28,
          30
        ],
        "8": [
          30,
          34
        ],
        "10": [
          34,
          39
        ],
        "11": [
          39,
          44
        ],
        "14": [
          44,
          50
        ],
        "9": [
          50,
          52
        ],
        "13": [
          52,
          53
        ],
        "17": [
          53,
          62
        ],
        "12": [
          62,
          68
        ],
        "15": [
          68,
          73
        ],
        "16": [
          73,
          76
        ],
        "18": [
          76,
          79
        ],
        "19": [
          79,
          81
        ],
        "20": [
          81,
          84
        ],
        "21": [
          84,
          89
        ],
        "22": [
          89,
          89
        ]
      },
      "activity_order": [
        1,
        4,
        2,
        7,
        3,
        6,
        5,
        8,
        10,
        11,
        14,
        9,
        13,
        17,
        12,
        15,
        16,
        18,
        19,
        20,
        21,
        22
      ]
    },
    "TIMROS": {
      "makespan": 89,
      "execution_time": 0.0003223419189453125,
      "schedule": {
        "1": [
          0,
          0
        ],
        "2": [
          0,
          8
        ],
        "4": [
          8,
          14
        ],
        "7": [
          14,
          23
        ],
        "8": [
          23,
          27
        ],
        "6": [
          27,
          30
        ],
        "14": [
          30,
          36
        ],
        "3": [
          36,
          38
        ],
        "12": [
          38,
          44
        ],
        "10": [
          44,
          49
        ],
        "16": [
          49,
          52
        ],
        "5": [
          52,
          54
        ],
        "17": [
          54,
          63
        ],
        "11": [
          63,
          68
        ],
        "18": [
          68,
          71
        ],
        "21": [
          71,
          76
        ],
        "9": [
          76,
          78
        ],
        "19": [
          78,
          80
        ],
        "13": [
          80,
          81
        ],
        "15": [
          81,
          86
        ],
        "20": [
          86,
          89
        ],
        "22": [
          89,
          89
        ]
      },
      "activity_order": [
        1,
        2,
        4,
        7,
        8,
        6,
        14,
        3,
        12,
        10,
        16,
        5,
        17,
        11,
        18,
        21,
        9,
        19,
        13,
        15,
        20,
        22
      ]
    },