{
  "instance": "inst_set1a_sf0.75_nc1.5_n20_m20_00",
  "results": {
    "HRPW*": {
      "makespan": 111,
      "execution_time": 4.100799560546875e-05,
      "schedule": {
        "1": [
          0,
          0
        ],
        "4": [
          0,
          9
        ],
        "3": [
          9,
          11
        ],
        "2": [
          11,
          12
        ],
        "7": [
          12,
          18
        ],
        "5": [
          18,
          23
        ],
        "8": [
          23,
          28
        ],
        "6": [
          28,
          33
        ],
        "13": [
          33,
          38
        ],
        "9": [
          38,
          45
        ],
        "16": [
          45,
          53
        ],
        "11": [
          53,
          63
        ],
        "18": [
          63,
          71
        ],
        "10": [
          71,
          72
        ],
        "12": [
          72,
          73
        ],
        "14": [
          73,
          75
        ],
        "15": [
          75,
          79
        ],
        "17": [
          79,
          82
        ],
        "19": [
          82,
          92
        ],
        "21": [
          92,
          102
        ],
        "20": [
          102,
          111
        ],
        "22": [
          111,
          111
        ]
      },
      "activity_order": [
        1,
        4,
        3,
        2,
        7,
        5,
        8,
        6,
        13,
        9,
        16,
        11,
        18,
        10,
        12,
        14,
        15,
        17,
        19,
        21,
        20,
        22
      ]
    },
    "LST": {
      "makespan": 111,
      "execution_time": 4.220008850097656e-05,
      "schedule": {
        "1": [
          0,
          0
        ],
        "4": [
          0,
          9
        ],
        "3": [
          9,
          11
        ],
        "2": [
          11,
          12
        ],
        "7": [
          12,
          18
        ],
        "5": [
          18,
          23
        ],
        "8": [
          23,
          28
        ],
        "6": [
          28,
          33
        ],
        "13": [
          33,
          38
        ],
        "9": [
          38,
          45
        ],
        "16": [
          45,
          53
        ],
        "11": [
          53,
          63
        ],
        "18": [
          63,
          71
        ],
        "10": [
          71,
          72
        ],
        "12": [
          72,
          73
        ],
        "14": [
          73,
          75
        ],
        "15": [
          75,
          79
        ],
        "17": [
          79,
          82
        ],
        "19": [
          82,
          92
        ],
        "21": [
          92,
          102
        ],
        "20": [
          102,
          111
        ],
        "22": [
          111,
          111
        ]
      },
      "activity_order": [
        1,
        4,
        3,
        2,
        7,
        5,
        8,
        6,
        13,
        9,
        16,
        11,
        18,
        10,
        12,
        14,
        15,
        17,
        19,
        21,
        20,
        22
      ]
    },
    "LFT": {
      "makespan": 111,
      "execution_time": 4.410743713378906e-05,
      "schedule": {
        "1": [
          0,
          0
        ],
        "3": [
          0,
          2
        ],
        "2": [
          2,
          3
        ],
        "4": [
          3,
          12
        ],
        "5": [
          12,
          17
        ],
        "7": [
          17,
          23
        ],
        "8": [
          23,
          28
        ],
        "6": [
          28,
          33
        ],
        "13": [
          33,
          38
        ],
        "10": [
          38,
          39
        ],
        "9": [
          39,
          46
        ],
        "12": [
          46,
          47
        ],
        "14": [
          47,
          49
        ],
        "16": [
          49,
          57
        ],
        "15": [
          57,
          61
        ],
        "18": [
          61,
          69
        ],
        "11": [
          69,
          79
        ],
        "17": [
          79,
          82
        ],
        "19": [
          82,
          92
        ],
        "20": [
          92,
          101
        ],
        "21": [
          101,
          111
        ],
        "22": [
          111,
          111
        ]
      },
      "activity_order": [
        1,
        3,
        2,
        4,
        5,
        7,
        8,
        6,
        13,
        10,
        9,
        12,
        14,
        16,
        15,
        18,
        11,
        17,
        19,
        20,
        21,
        22
      ]
    },
    "MTS": {
      "makespan": 111,
      "execution_time": 4.506111145019531e-05,
      "schedule": {
        "1": [
          0,
          0
        ],
        "4": [
          0,
          9
        ],
        "3": [
          9,
          11
        ],
        "2": [
          11,
          12
        ],
        "5": [
          12,
          17
        ],
        "7": [
          17,
          23
        ],
        "6": [
          23,
          28
        ],
        "8": [
          28,
          33
        ],
        "9": [
          33,
          40
        ],
        "10": [
          40,
          41
        ],
        "13": [
          41,
          46
        ],
        "12": [
          46,
          47
        ],
        "14": [
          47,
          49
        ],
        "16": [
          49,
          57
        ],
        "11": [
          57,
          67
        ],
        "15": [
          67,
          71
        ],
        "17": [
          71,
          74
        ],
        "18": [
          74,
          82
        ],
        "19": [
          82,
          92
        ],
        "20": [
          92,
          101
        ],
        "21": [
          101,
          111
        ],
        "22": [
          111,
          111
        ]
      },
      "activity_order": [
        1,
        4,
        3,
        2,
        5,
        7,
        6,
        8,
        9,
        10,
        13,
        12,
        14,
        16,
        11,
        15,
        17,
        18,
        19,
        20,
        21,
        22
      ]
    },
    "TIMROS": {
      "makespan": 111,
      "execution_time": 3.981590270996094e-05,
      "schedule": {
        "1": [
          0,
          0
        ],
        "4": [
          0,
          9
        ],
        "18": [
          9,
          17
        ],
        "21": [
          17,
          27
        ],
        "3": [
          27,
          29
        ],
        "7": [
          29,
          35
        ],
        "6": [
          35,
          40
        ],
        "9": [
          40,
          47
        ],
        "11": [
          47,
          57
        ],
        "2": [
          57,
          58
        ],
        "5": [
          58,
          63
        ],
        "8": [
          63,
          68
        ],
        "13": [
          68,
          73
        ],
        "16": [
          73,
          81
        ],
        "14": [
          81,
          83
        ],
        "17": [
          83,
          86
        ],
        "20": [
          86,
          95
        ],
        "10": [
          95,
          96
        ],
        "12": [
          96,
          97
        ],
        "15": [
          97,
          101
        ],
        "19": [
          101,
          111
        ],
        "22": [
          111,
          111
        ]
      },
      "activity_order": [
        1,
        4,
        18,
        21,
        3,
        7,
        6,
        9,
        11,
        2,
        5,
        8,
        13,
        16,
        14,
        17,
        20,
        10,
        12,
        15,
        19,
        22
      ]
    },