{
  "instance": "inst_set1a_sf1_nc2.1_n20_m30_04",
  "results": {
    "HRPW*": {
      "makespan": 103,
      "execution_time": 0.0007252693176269531,
      "schedule": {
        "1": [
          0,
          0
        ],
        "2": [
          0,
          6
        ],
        "7": [
          6,
          16
        ],
        "5": [
          16,
          22
        ],
        "3": [
          22,
          26
        ],
        "6": [
          26,
          34
        ],
        "10": [
          34,
          38
        ],
        "8": [
          38,
          39
        ],
        "9": [
          39,
          47
        ],
        "11": [
          47,
          50
        ],
        "4": [
          50,
          52
        ],
        "13": [
          52,
          55
        ],
        "17": [
          55,
          65
        ],
        "12": [
          65,
          67
        ],
        "14": [
          67,
          72
        ],
        "15": [
          72,
          79
        ],
        "16": [
          79,
          84
        ],
        "18": [
          84,
          90
        ],
        "19": [
          90,
          96
        ],
        "21": [
          96,
          100
        ],
        "20": [
          100,
          103
        ],
        "22": [
          103,
          103
        ]
      },
      "activity_order": [
        1,
        2,
        7,
        5,
        3,
        6,
        10,
        8,
        9,
        11,
        4,
        13,
        17,
        12,
        14,
        15,
        16,
        18,
        19,
        21,
        20,
        22
      ]
    },
    "LST": {
      "makespan": 103,
      "execution_time": 0.0007612705230712891,
      "schedule": {
        "1": [
          0,
          0
        ],
        "2": [
          0,
          6
        ],
        "7": [
          6,
          16
        ],
        "5": [
          16,
          22
        ],
        "3": [
          22,
          26
        ],
        "6": [
          26,
          34
        ],
        "10": [
          34,
          38
        ],
        "8": [
          38,
          39
        ],
        "9": [
          39,
          47
        ],
        "11": [
          47,
          50
        ],
        "4": [
          50,
          52
        ],
        "13": [
          52,
          55
        ],
        "17": [
          55,
          65
        ],
        "12": [
          65,
          67
        ],
        "14": [
          67,
          72
        ],
        "15": [
          72,
          79
        ],
        "16": [
          79,
          84
        ],
        "18": [
          84,
          90
        ],
        "19": [
          90,
          96
        ],
        "21": [
          96,
          100
        ],
        "20": [
          100,
          103
        ],
        "22": [
          103,
          103
        ]
      },
      "activity_order": [
        1,
        2,
        7,
        5,
        3,
        6,
        10,
        8,
        9,
        11,
        4,
        13,
        17,
        12,
        14,
        15,
        16,
        18,
        19,
        21,
        20,
        22
      ]
    },
    "LFT": {
      "makespan": 103,
      "execution_time": 0.0005729198455810547,
      "schedule": {
        "1": [
          0,
          0
        ],
        "2": [
          0,
          6
        ],
        "5": [
          6,
          12
        ],
        "7": [
          12,
          22
        ],
        "3": [
          22,
          26
        ],
        "8": [
          26,
          27
        ],
        "10": [
          27,
          31
        ],
        "4": [
          31,
          33
        ],
        "6": [
          33,
          41
        ],
        "11": [
          41,
          44
        ],
        "12": [
          44,
          46
        ],
        "13": [
          46,
          49
        ],
        "9": [
          49,
          57
        ],
        "14": [
          57,
          62
        ],
        "16": [
          62,
          67
        ],
        "15": [
          67,
          74
        ],
        "17": [
          74,
          84
        ],
        "18": [
          84,
          90
        ],
        "19": [
          90,
          96
        ],
        "20": [
          96,
          99
        ],
        "21": [
          99,
          103
        ],
        "22": [
          103,
          103
        ]
      },
      "activity_order": [
        1,
        2,
        5,
        7,
        3,
        8,
        10,
        4,
        6,
        11,
        12,
        13,
        9,
        14,
        16,
        15,
        17,
        18,
        19,
        20,
        21,
        22
      ]
    },
    "MTS": {
      "makespan": 103,
      "execution_time": 0.0004658699035644531,
      "schedule": {
        "1": [
          0,
          0
        ],
        "2": [
          0,
          6
        ],
        "3": [
          6,
          10
        ],
        "7": [
          10,
          20
        ],
        "8": [
          20,
          21
        ],
        "5": [
          21,
          27
        ],
        "10": [
          27,
          31
        ],
        "4": [
          31,
          33
        ],
        "11": [
          33,
          36
        ],
        "13": [
          36,
          39
        ],
        "12": [
          39,
          41
        ],
        "6": [
          41,
          49
        ],
        "9": [
          49,
          57
        ],
        "16": [
          57,
          62
        ],
        "17": [
          62,
          72
        ],
        "14": [
          72,
          77
        ],
        "15": [
          77,
          84
        ],
        "18": [
          84,
          90
        ],
        "19": [
          90,
          96
        ],
        "20": [
          96,
          99
        ],
        "21": [
          99,
          103
        ],
        "22": [
          103,
          103
        ]
      },
      "activity_order": [
        1,
        2,
        3,
        7,
        8,
        5,
        10,
        4,
        11,
        13,
        12,
        6,
        9,
        16,
        17,
        14,
        15,
        18,
        19,
        20,
        21,
        22
      ]
    },
    "TIMROS": {
      "makespan": 103,
      "execution_time": 0.0004420280456542969,
      "schedule": {
        "1": [
          0,
          0
        ],
        "2": [
          0,
          6
        ],
        "7": [
          6,
          16
        ],
        "5": [
          16,
          22
        ],
        "6": [
          22,
          30
        ],
        "3": [
          30,
          34
        ],
        "10": [
          34,
          38
        ],
        "4": [
          38,
          40
        ],
        "12": [
          40,
          42
        ],
        "8": [
          42,
          43
        ],
        "9": [
          43,
          51
        ],
        "11": [
          51,
          54
        ],
        "17": [
          54,
          64
        ],
        "14": [
          64,
          69
        ],
        "13": [
          69,
          72
        ],
        "15": [
          72,
          79
        ],
        "18": [
          79,
          85
        ],
        "16": [
          85,
          90
        ],
        "19": [
          90,
          96
        ],
        "21": [
          96,
          100
        ],
        "20": [
          100,
          103
        ],
        "22": [
          103,
          103
        ]
      },
      "activity_order": [
        1,
        2,
        7,
        5,
        6,
        3,
        10,
        4,
        12,
        8,
        9,
        11,
        17,
        14,
        13,
        15,
        18,
        16,
        19,
        21,
        20,
        22
      ]
    },