{
  "instance": "inst_set1a_sf1_nc1.8_n20_m25_04",
  "results": {
    "HRPW*": {
      "makespan": 108,
      "execution_time": 3.62396240234375e-05,
      "schedule": {
        "1": [
          0,
          0
        ],
        "4": [
          0,
          8
        ],
        "5": [
          8,
          10
        ],
        "8": [
          10,
          16
        ],
        "2": [
          16,
          17
        ],
        "7": [
          17,
          26
        ],
        "10": [
          26,
          35
        ],
        "3": [
          35,
          42
        ],
        "12": [
          42,
          48
        ],
        "14": [
          48,
          49
        ],
        "15": [
          49,
          57
        ],
        "6": [
          57,
          59
        ],
        "16": [
          59,
          60
        ],
        "18": [
          60,
          68
        ],
        "13": [
          68,
          70
        ],
        "9": [
          70,
          73
        ],
        "17": [
          73,
          78
        ],
        "11": [
          78,
          82
        ],
        "19": [
          82,
          91
        ],
        "20": [
          91,
          100
        ],
        "21": [
          100,
          108
        ],
        "22": [
          108,
          108
        ]
      },
      "activity_order": [
        1,
        4,
        5,
        8,
        2,
        7,
        10,
        3,
        12,
        14,
        15,
        6,
        16,
        18,
        13,
        9,
        17,
        11,
        19,
        20,
        21,
        22
      ]
    },
    "LST": {
      "makespan": 108,
      "execution_time": 4.1484832763671875e-05,
      "schedule": {
        "1": [
          0,
          0
        ],
        "4": [
          0,
          8
        ],
        "5": [
          8,
          10
        ],
        "8": [
          10,
          16
        ],
        "2": [
          16,
          17
        ],
        "7": [
          17,
          26
        ],
        "10": [
          26,
          35
        ],
        "3": [
          35,
          42
        ],
        "12": [
          42,
          48
        ],
        "14": [
          48,
          49
        ],
        "15": [
          49,
          57
        ],
        "6": [
          57,
          59
        ],
        "16": [
          59,
          60
        ],
        "18": [
          60,
          68
        ],
        "13": [
          68,
          70
        ],
        "9": [
          70,
          73
        ],
        "17": [
          73,
          78
        ],
        "11": [
          78,
          82
        ],
        "19": [
          82,
          91
        ],
        "20": [
          91,
          100
        ],
        "21": [
          100,
          108
        ],
        "22": [
          108,
          108
        ]
      },
      "activity_order": [
        1,
        4,
        5,
        8,
        2,
        7,
        10,
        3,
        12,
        14,
        15,
        6,
        16,
        18,
        13,
        9,
        17,
        11,
        19,
        20,
        21,
        22
      ]
    },
    "LFT": {
      "makespan": 108,
      "execution_time": 4.0531158447265625e-05,
      "schedule": {
        "1": [
          0,
          0
        ],
        "4": [
          0,
          8
        ],
        "5": [
          8,
          10
        ],
        "2": [
          10,
          11
        ],
        "8": [
          11,
          17
        ],
        "3": [
          17,
          24
        ],
        "7": [
          24,
          33
        ],
        "12": [
          33,
          39
        ],
        "10": [
          39,
          48
        ],
        "14": [
          48,
          49
        ],
        "6": [
          49,
          51
        ],
        "15": [
          51,
          59
        ],
        "16": [
          59,
          60
        ],
        "13": [
          60,
          62
        ],
        "9": [
          62,
          65
        ],
        "17": [
          65,
          70
        ],
        "18": [
          70,
          78
        ],
        "11": [
          78,
          82
        ],
        "19": [
          82,
          91
        ],
        "20": [
          91,
          100
        ],
        "21": [
          100,
          108
        ],
        "22": [
          108,
          108
        ]
      },
      "activity_order": [
        1,
        4,
        5,
        2,
        8,
        3,
        7,
        12,
        10,
        14,
        6,
        15,
        16,
        13,
        9,
        17,
        18,
        11,
        19,
        20,
        21,
        22
      ]
    },
    "MTS": {
      "makespan": 108,
      "execution_time": 3.910064697265625e-05,
      "schedule": {
        "1": [
          0,
          0
        ],
        "4": [
          0,
          8
        ],
        "2": [
          8,
          9
        ],
        "5": [
          9,
          11
        ],
        "8": [
          11,
          17
        ],
        "10": [
          17,
          26
        ],
        "12": [
          26,
          32
        ],
        "3": [
          32,
          39
        ],
        "7": [
          39,
          48
        ],
        "6": [
          48,
          50
        ],
        "14": [
          50,
          51
        ],
        "9": [
          51,
          54
        ],
        "13": [
          54,
          56
        ],
        "15": [
          56,
          64
        ],
        "16": [
          64,
          65
        ],
        "17": [
          65,
          70
        ],
        "11": [
          70,
          74
        ],
        "18": [
          74,
          82
        ],
        "19": [
          82,
          91
        ],
        "20": [
          91,
          100
        ],
        "21": [
          100,
          108
        ],
        "22": [
          108,
          108
        ]
      },
      "activity_order": [
        1,
        4,
        2,
        5,
        8,
        10,
        12,
        3,
        7,
        6,
        14,
        9,
        13,
        15,
        16,
        17,
        11,
        18,
        19,
        20,
        21,
        22
      ]
    },
    "TIMROS": {
      "makespan": 108,
      "execution_time": 4.00543212890625e-05,
      "schedule": {
        "1": [
          0,
          0
        ],
        "4": [
          0,
          8
        ],
        "3": [
          8,
          15
        ],
        "12": [
          15,
          21
        ],
        "5": [
          21,
          23
        ],
        "8": [
          23,
          29
        ],
        "10": [
          29,
          38
        ],
        "6": [
          38,
          40
        ],
        "13": [
          40,
          42
        ],
        "2": [
          42,
          43
        ],
        "7": [
          43,
          52
        ],
        "20": [
          52,
          61
        ],
        "9": [
          61,
          64
        ],
        "11": [
          64,
          68
        ],
        "14": [
          68,
          69
        ],
        "15": [
          69,
          77
        ],
        "17": [
          77,
          82
        ],
        "21": [
          82,
          90
        ],
        "16": [
          90,
          91
        ],
        "18": [
          91,
          99
        ],
        "19": [
          99,
          108
        ],
        "22": [
          108,
          108
        ]
      },
      "activity_order": [
        1,
        4,
        3,
        12,
        5,
        8,
        10,
        6,
        13,
        2,
        7,
        20,
        9,
        11,
        14,
        15,
        17,
        21,
        16,
        18,
        19,
        22
      ]
    },