{
  "instance": "inst_set1a_sf0.75_nc1.5_n20_m25_04",
  "results": {
    "HRPW*": {
      "makespan": 100,
      "execution_time": 5.602836608886719e-05,
      "schedule": {
        "1": [
          0,
          0
        ],
        "2": [
          0,
          9
        ],
        "3": [
          9,
          12
        ],
        "4": [
          12,
          20
        ],
        "6": [
          20,
          28
        ],
        "5": [
          28,
          32
        ],
        "9": [
          32,
          34
        ],
        "11": [
          34,
          44
        ],
        "10": [
          44,
          47
        ],
        "7": [
          47,
          49
        ],
        "14": [
          49,
          50
        ],
        "15": [
          50,
          52
        ],
        "12": [
          52,
          53
        ],
        "16": [
          53,
          54
        ],
        "8": [
          54,
          57
        ],
        "18": [
          57,
          67
        ],
        "13": [
          67,
          74
        ],
        "17": [
          74,
          77
        ],
        "20": [
          77,
          87
        ],
        "21": [
          87,
          95
        ],
        "19": [
          95,
          100
        ],
        "22": [
          100,
          100
        ]
      },
      "activity_order": [
        1,
        2,
        3,
        4,
        6,
        5,
        9,
        11,
        10,
        7,
        14,
        15,
        12,
        16,
        8,
        18,
        13,
        17,
        20,
        21,
        19,
        22
      ]
    },
    "LST": {
      "makespan": 100,
      "execution_time": 5.412101745605469e-05,
      "schedule": {
        "1": [
          0,
          0
        ],
        "2": [
          0,
          9
        ],
        "3": [
          9,
          12
        ],
        "4": [
          12,
          20
        ],
        "6": [
          20,
          28
        ],
        "5": [
          28,
          32
        ],
        "9": [
          32,
          34
        ],
        "11": [
          34,
          44
        ],
        "10": [
          44,
          47
        ],
        "7": [
          47,
          49
        ],
        "14": [
          49,
          50
        ],
        "15": [
          50,
          52
        ],
        "12": [
          52,
          53
        ],
        "16": [
          53,
          54
        ],
        "8": [
          54,
          57
        ],
        "18": [
          57,
          67
        ],
        "13": [
          67,
          74
        ],
        "17": [
          74,
          77
        ],
        "20": [
          77,
          87
        ],
        "21": [
          87,
          95
        ],
        "19": [
          95,
          100
        ],
        "22": [
          100,
          100
        ]
      },
      "activity_order": [
        1,
        2,
        3,
        4,
        6,
        5,
        9,
        11,
        10,
        7,
        14,
        15,
        12,
        16,
        8,
        18,
        13,
        17,
        20,
        21,
        19,
        22
      ]
    },
    "LFT": {
      "makespan": 100,
      "execution_time": 5.8650970458984375e-05,
      "schedule": {
        "1": [
          0,
          0
        ],
        "3": [
          0,
          3
        ],
        "2": [
          3,
          12
        ],
        "4": [
          12,
          20
        ],
        "5": [
          20,
          24
        ],
        "9": [
          24,
          26
        ],
        "6": [
          26,
          34
        ],
        "14": [
          34,
          35
        ],
        "7": [
          35,
          37
        ],
        "10": [
          37,
          40
        ],
        "12": [
          40,
          41
        ],
        "15": [
          41,
          43
        ],
        "16": [
          43,
          44
        ],
        "8": [
          44,
          47
        ],
        "11": [
          47,
          57
        ],
        "13": [
          57,
          64
        ],
        "17": [
          64,
          67
        ],
        "18": [
          67,
          77
        ],
        "19": [
          77,
          82
        ],
        "20": [
          82,
          92
        ],
        "21": [
          92,
          100
        ],
        "22": [
          100,
          100
        ]
      },
      "activity_order": [
        1,
        3,
        2,
        4,
        5,
        9,
        6,
        14,
        7,
        10,
        12,
        15,
        16,
        8,
        11,
        13,
        17,
        18,
        19,
        20,
        21,
        22
      ]
    },
    "MTS": {
      "makespan": 100,
      "execution_time": 4.38690185546875e-05,
      "schedule": {
        "1": [
          0,
          0
        ],
        "2": [
          0,
          9
        ],
        "3": [
          9,
          12
        ],
        "5": [
          12,
          16
        ],
        "6": [
          16,
          24
        ],
        "9": [
          24,
          26
        ],
        "7": [
          26,
          28
        ],
        "10": [
          28,
          31
        ],
        "14": [
          31,
          32
        ],
        "4": [
          32,
          40
        ],
        "12": [
          40,
          41
        ],
        "15": [
          41,
          43
        ],
        "11": [
          43,
          53
        ],
        "16": [
          53,
          54
        ],
        "8": [
          54,
          57
        ],
        "17": [
          57,
          60
        ],
        "18": [
          60,
          70
        ],
        "13": [
          70,
          77
        ],
        "19": [
          77,
          82
        ],
        "20": [
          82,
          92
        ],
        "21": [
          92,
          100
        ],
        "22": [
          100,
          100
        ]
      },
      "activity_order": [
        1,
        2,
        3,
        5,
        6,
        9,
        7,
        10,
        14,
        4,
        12,
        15,
        11,
        16,
        8,
        17,
        18,
        13,
        19,
        20,
        21,
        22
      ]
    },
    "TIMROS": {
      "makespan": 100,
      "execution_time": 4.7206878662109375e-05,
      "schedule": {
        "1": [
          0,
          0
        ],
        "4": [
          0,
          8
        ],
        "11": [
          8,
          18
        ],
        "2": [
          18,
          27
        ],
        "5": [
          27,
          31
        ],
        "17": [
          31,
          34
        ],
        "19": [
          34,
          39
        ],
        "9": [
          39,
          41
        ],
        "10": [
          41,
          44
        ],
        "3": [
          44,
          47
        ],
        "6": [
          47,
          55
        ],
        "8": [
          55,
          58
        ],
        "13": [
          58,
          65
        ],
        "7": [
          65,
          67
        ],
        "14": [
          67,
          68
        ],
        "15": [
          68,
          70
        ],
        "12": [
          70,
          71
        ],
        "16": [
          71,
          72
        ],
        "18": [
          72,
          82
        ],
        "20": [
          82,
          92
        ],
        "21": [
          92,
          100
        ],
        "22": [
          100,
          100
        ]
      },
      "activity_order": [
        1,
        4,
        11,
        2,
        5,
        17,
        19,
        9,
        10,
        3,
        6,
        8,
        13,
        7,
        14,
        15,
        12,
        16,
        18,
        20,
        21,
        22
      ]
    },