{
  "instance": "inst_set1a_sf1_nc1.8_n20_m25_01",
  "results": {
    "HRPW*": {
      "makespan": 125,
      "execution_time": 0.0004341602325439453,
      "schedule": {
        "1": [
          0,
          0
        ],
        "4": [
          0,
          10
        ],
        "3": [
          10,
          11
        ],
        "8": [
          11,
          14
        ],
        "5": [
          14,
          23
        ],
        "6": [
          23,
          33
        ],
        "9": [
          33,
          41
        ],
        "2": [
          41,
          47
        ],
        "11": [
          47,
          50
        ],
        "12": [
          50,
          57
        ],
        "10": [
          57,
          65
        ],
        "14": [
          65,
          73
        ],
        "18": [
          73,
          83
        ],
        "7": [
          83,
          92
        ],
        "13": [
          92,
          96
        ],
        "16": [
          96,
          98
        ],
        "15": [
          98,
          100
        ],
        "17": [
          100,
          101
        ],
        "19": [
          101,
          109
        ],
        "20": [
          109,
          117
        ],
        "21": [
          117,
          125
        ],
        "22": [
          125,
          125
        ]
      },
      "activity_order": [
        1,
        4,
        3,
        8,
        5,
        6,
        9,
        2,
        11,
        12,
        10,
        14,
        18,
        7,
        13,
        16,
        15,
        17,
        19,
        20,
        21,
        22
      ]
    },
    "LST": {
      "makespan": 125,
      "execution_time": 0.0004401206970214844,
      "schedule": {
        "1": [
          0,
          0
        ],
        "4": [
          0,
          10
        ],
        "3": [
          10,
          11
        ],
        "8": [
          11,
          14
        ],
        "5": [
          14,
          23
        ],
        "6": [
          23,
          33
        ],
        "9": [
          33,
          41
        ],
        "2": [
          41,
          47
        ],
        "11": [
          47,
          50
        ],
        "12": [
          50,
          57
        ],
        "10": [
          57,
          65
        ],
        "14": [
          65,
          73
        ],
        "18": [
          73,
          83
        ],
        "7": [
          83,
          92
        ],
        "13": [
          92,
          96
        ],
        "16": [
          96,
          98
        ],
        "15": [
          98,
          100
        ],
        "17": [
          100,
          101
        ],
        "19": [
          101,
          109
        ],
        "20": [
          109,
          117
        ],
        "21": [
          117,
          125
        ],
        "22": [
          125,
          125
        ]
      },
      "activity_order": [
        1,
        4,
        3,
        8,
        5,
        6,
        9,
        2,
        11,
        12,
        10,
        14,
        18,
        7,
        13,
        16,
        15,
        17,
        19,
        20,
        21,
        22
      ]
    },
    "LFT": {
      "makespan": 125,
      "execution_time": 0.00041222572326660156,
      "schedule": {
        "1": [
          0,
          0
        ],
        "3": [
          0,
          1
        ],
        "4": [
          1,
          11
        ],
        "8": [
          11,
          14
        ],
        "2": [
          14,
          20
        ],
        "5": [
          20,
          29
        ],
        "9": [
          29,
          37
        ],
        "6": [
          37,
          47
        ],
        "11": [
          47,
          50
        ],
        "12": [
          50,
          57
        ],
        "10": [
          57,
          65
        ],
        "13": [
          65,
          69
        ],
        "14": [
          69,
          77
        ],
        "16": [
          77,
          79
        ],
        "7": [
          79,
          88
        ],
        "15": [
          88,
          90
        ],
        "17": [
          90,
          91
        ],
        "18": [
          91,
          101
        ],
        "19": [
          101,
          109
        ],
        "20": [
          109,
          117
        ],
        "21": [
          117,
          125
        ],
        "22": [
          125,
          125
        ]
      },
      "activity_order": [
        1,
        3,
        4,
        8,
        2,
        5,
        9,
        6,
        11,
        12,
        10,
        13,
        14,
        16,
        7,
        15,
        17,
        18,
        19,
        20,
        21,
        22
      ]
    },
    "MTS": {
      "makespan": 125,
      "execution_time": 0.0004475116729736328,
      "schedule": {
        "1": [
          0,
          0
        ],
        "3": [
          0,
          1
        ],
        "2": [
          1,
          7
        ],
        "8": [
          7,
          10
        ],
        "4": [
          10,
          20
        ],
        "5": [
          20,
          29
        ],
        "9": [
          29,
          37
        ],
        "6": [
          37,
          47
        ],
        "12": [
          47,
          54
        ],
        "11": [
          54,
          57
        ],
        "14": [
          57,
          65
        ],
        "10": [
          65,
          73
        ],
        "13": [
          73,
          77
        ],
        "16": [
          77,
          79
        ],
        "18": [
          79,
          89
        ],
        "7": [
          89,
          98
        ],
        "15": [
          98,
          100
        ],
        "17": [
          100,
          101
        ],
        "19": [
          101,
          109
        ],
        "20": [
          109,
          117
        ],
        "21": [
          117,
          125
        ],
        "22": [
          125,
          125
        ]
      },
      "activity_order": [
        1,
        3,
        2,
        8,
        4,
        5,
        9,
        6,
        12,
        11,
        14,
        10,
        13,
        16,
        18,
        7,
        15,
        17,
        19,
        20,
        21,
        22
      ]
    },
    "TIMROS": {
      "makespan": 125,
      "execution_time": 0.0003972053527832031,
      "schedule": {
        "1": [
          0,
          0
        ],
        "4": [
          0,
          10
        ],
        "5": [
          10,
          19
        ],
        "2": [
          19,
          25
        ],
        "12": [
          25,
          32
        ],
        "3": [
          32,
          33
        ],
        "6": [
          33,
          43
        ],
        "7": [
          43,
          52
        ],
        "13": [
          52,
          56
        ],
        "8": [
          56,
          59
        ],
        "9": [
          59,
          67
        ],
        "10": [
          67,
          75
        ],
        "14": [
          75,
          83
        ],
        "11": [
          83,
          86
        ],
        "18": [
          86,
          96
        ],
        "20": [
          96,
          104
        ],
        "21": [
          104,
          112
        ],
        "15": [
          112,
          114
        ],
        "16": [
          114,
          116
        ],
        "17": [
          116,
          117
        ],
        "19": [
          117,
          125
        ],
        "22": [
          125,
          125
        ]
      },