{
  "instance": "inst_set1a_sf0.75_nc1.8_n20_m10_02",
  "results": {
    "HRPW*": {
      "makespan": 114,
      "execution_time": 4.935264587402344e-05,
      "schedule": {
        "1": [
          0,
          0
        ],
        "4": [
          0,
          2
        ],
        "3": [
          2,
          10
        ],
        "5": [
          10,
          11
        ],
        "8": [
          11,
          17
        ],
        "9": [
          17,
          27
        ],
        "7": [
          27,
          36
        ],
        "14": [
          36,
          43
        ],
        "11": [
          43,
          47
        ],
        "12": [
          47,
          55
        ],
        "15": [
          55,
          64
        ],
        "2": [
          64,
          72
        ],
        "10": [
          72,
          82
        ],
        "6": [
          82,
          85
        ],
        "16": [
          85,
          87
        ],
        "20": [
          87,
          96
        ],
        "17": [
          96,
          100
        ],
        "13": [
          100,
          103
        ],
        "19": [
          103,
          109
        ],
        "18": [
          109,
          110
        ],
        "21": [
          110,
          114
        ],
        "22": [
          114,
          114
        ]
      },
      "activity_order": [
        1,
        4,
        3,
        5,
        8,
        9,
        7,
        14,
        11,
        12,
        15,
        2,
        10,
        6,
        16,
        20,
        17,
        13,
        19,
        18,
        21,
        22
      ]
    },
    "LST": {
      "makespan": 114,
      "execution_time": 6.604194641113281e-05,
      "schedule": {
        "1": [
          0,
          0
        ],
        "4": [
          0,
          2
        ],
        "3": [
          2,
          10
        ],
        "5": [
          10,
          11
        ],
        "8": [
          11,
          17
        ],
        "9": [
          17,
          27
        ],
        "7": [
          27,
          36
        ],
        "14": [
          36,
          43
        ],
        "11": [
          43,
          47
        ],
        "12": [
          47,
          55
        ],
        "15": [
          55,
          64
        ],
        "2": [
          64,
          72
        ],
        "10": [
          72,
          82
        ],
        "6": [
          82,
          85
        ],
        "16": [
          85,
          87
        ],
        "20": [
          87,
          96
        ],
        "17": [
          96,
          100
        ],
        "13": [
          100,
          103
        ],
        "19": [
          103,
          109
        ],
        "18": [
          109,
          110
        ],
        "21": [
          110,
          114
        ],
        "22": [
          114,
          114
        ]
      },
      "activity_order": [
        1,
        4,
        3,
        5,
        8,
        9,
        7,
        14,
        11,
        12,
        15,
        2,
        10,
        6,
        16,
        20,
        17,
        13,
        19,
        18,
        21,
        22
      ]
    },
    "LFT": {
      "makespan": 114,
      "execution_time": 7.224082946777344e-05,
      "schedule": {
        "1": [
          0,
          0
        ],
        "4": [
          0,
          2
        ],
        "5": [
          2,
          3
        ],
        "3": [
          3,
          11
        ],
        "8": [
          11,
          17
        ],
        "7": [
          17,
          26
        ],
        "9": [
          26,
          36
        ],
        "11": [
          36,
          40
        ],
        "14": [
          40,
          47
        ],
        "6": [
          47,
          50
        ],
        "12": [
          50,
          58
        ],
        "2": [
          58,
          66
        ],
        "15": [
          66,
          75
        ],
        "16": [
          75,
          77
        ],
        "10": [
          77,
          87
        ],
        "13": [
          87,
          90
        ],
        "17": [
          90,
          94
        ],
        "18": [
          94,
          95
        ],
        "19": [
          95,
          101
        ],
        "20": [
          101,
          110
        ],
        "21": [
          110,
          114
        ],
        "22": [
          114,
          114
        ]
      },
      "activity_order": [
        1,
        4,
        5,
        3,
        8,
        7,
        9,
        11,
        14,
        6,
        12,
        2,
        15,
        16,
        10,
        13,
        17,
        18,
        19,
        20,
        21,
        22
      ]
    },
    "MTS": {
      "makespan": 114,
      "execution_time": 4.839897155761719e-05,
      "schedule": {
        "1": [
          0,
          0
        ],
        "4": [
          0,
          2
        ],
        "5": [
          2,
          3
        ],
        "3": [
          3,
          11
        ],
        "8": [
          11,
          17
        ],
        "7": [
          17,
          26
        ],
        "9": [
          26,
          36
        ],
        "11": [
          36,
          40
        ],
        "14": [
          40,
          47
        ],
        "2": [
          47,
          55
        ],
        "12": [
          55,
          63
        ],
        "6": [
          63,
          66
        ],
        "15": [
          66,
          75
        ],
        "10": [
          75,
          85
        ],
        "16": [
          85,
          87
        ],
        "13": [
          87,
          90
        ],
        "17": [
          90,
          94
        ],
        "18": [
          94,
          95
        ],
        "19": [
          95,
          101
        ],
        "20": [
          101,
          110
        ],
        "21": [
          110,
          114
        ],
        "22": [
          114,
          114
        ]
      },
      "activity_order": [
        1,
        4,
        5,
        3,
        8,
        7,
        9,
        11,
        14,
        2,
        12,
        6,
        15,
        10,
        16,
        13,
        17,
        18,
        19,
        20,
        21,
        22
      ]
    },
    "TIMROS": {
      "makespan": 114,
      "execution_time": 4.57763671875e-05,
      "schedule": {
        "1": [
          0,
          0
        ],
        "2": [
          0,
          8
        ],
        "3": [
          8,
          16
        ],
        "14": [
          16,
          23
        ],
        "4": [
          23,
          25
        ],
        "20": [
          25,
          34
        ],
        "5": [
          34,
          35
        ],
        "7": [
          35,
          44
        ],
        "10": [
          44,
          54
        ],
        "6": [
          54,
          57
        ],
        "8": [
          57,
          63
        ],
        "9": [
          63,
          73
        ],
        "15": [
          73,
          82
        ],
        "19": [
          82,
          88
        ],
        "11": [
          88,
          92
        ],
        "12": [
          92,
          100
        ],
        "13": [
          100,
          103
        ],
        "16": [
          103,
          105
        ],
        "17": [
          105,
          109
        ],
        "18": [
          109,
          110
        ],
        "21": [
          110,
          114
        ],
        "22": [
          114,
          114
        ]
      },