{
  "instance": "inst_set1a_sf0.75_nc1.5_n20_m10_02",
  "results": {
    "HRPW*": {
      "makespan": 111,
      "execution_time": 4.029273986816406e-05,
      "schedule": {
        "1": [
          0,
          0
        ],
        "2": [
          0,
          10
        ],
        "4": [
          10,
          18
        ],
        "7": [
          18,
          26
        ],
        "6": [
          26,
          33
        ],
        "9": [
          33,
          43
        ],
        "12": [
          43,
          51
        ],
        "17": [
          51,
          58
        ],
        "3": [
          58,
          64
        ],
        "15": [
          64,
          71
        ],
        "11": [
          71,
          80
        ],
        "20": [
          80,
          89
        ],
        "5": [
          89,
          90
        ],
        "8": [
          90,
          91
        ],
        "13": [
          91,
          97
        ],
        "14": [
          97,
          102
        ],
        "10": [
          102,
          103
        ],
        "16": [
          103,
          106
        ],
        "18": [
          106,
          109
        ],
        "19": [
          109,
          110
        ],
        "21": [
          110,
          111
        ],
        "22": [
          111,
          111
        ]
      },
      "activity_order": [
        1,
        2,
        4,
        7,
        6,
        9,
        12,
        17,
        3,
        15,
        11,
        20,
        5,
        8,
        13,
        14,
        10,
        16,
        18,
        19,
        21,
        22
      ]
    },
    "LST": {
      "makespan": 111,
      "execution_time": 3.7670135498046875e-05,
      "schedule": {
        "1": [
          0,
          0
        ],
        "2": [
          0,
          10
        ],
        "4": [
          10,
          18
        ],
        "7": [
          18,
          26
        ],
        "6": [
          26,
          33
        ],
        "9": [
          33,
          43
        ],
        "12": [
          43,
          51
        ],
        "17": [
          51,
          58
        ],
        "3": [
          58,
          64
        ],
        "15": [
          64,
          71
        ],
        "11": [
          71,
          80
        ],
        "20": [
          80,
          89
        ],
        "5": [
          89,
          90
        ],
        "8": [
          90,
          91
        ],
        "13": [
          91,
          97
        ],
        "14": [
          97,
          102
        ],
        "10": [
          102,
          103
        ],
        "16": [
          103,
          106
        ],
        "18": [
          106,
          109
        ],
        "19": [
          109,
          110
        ],
        "21": [
          110,
          111
        ],
        "22": [
          111,
          111
        ]
      },
      "activity_order": [
        1,
        2,
        4,
        7,
        6,
        9,
        12,
        17,
        3,
        15,
        11,
        20,
        5,
        8,
        13,
        14,
        10,
        16,
        18,
        19,
        21,
        22
      ]
    },
    "LFT": {
      "makespan": 111,
      "execution_time": 3.3855438232421875e-05,
      "schedule": {
        "1": [
          0,
          0
        ],
        "2": [
          0,
          10
        ],
        "4": [
          10,
          18
        ],
        "7": [
          18,
          26
        ],
        "6": [
          26,
          33
        ],
        "12": [
          33,
          41
        ],
        "9": [
          41,
          51
        ],
        "3": [
          51,
          57
        ],
        "17": [
          57,
          64
        ],
        "5": [
          64,
          65
        ],
        "8": [
          65,
          66
        ],
        "10": [
          66,
          67
        ],
        "15": [
          67,
          74
        ],
        "11": [
          74,
          83
        ],
        "13": [
          83,
          89
        ],
        "14": [
          89,
          94
        ],
        "16": [
          94,
          97
        ],
        "18": [
          97,
          100
        ],
        "19": [
          100,
          101
        ],
        "20": [
          101,
          110
        ],
        "21": [
          110,
          111
        ],
        "22": [
          111,
          111
        ]
      },
      "activity_order": [
        1,
        2,
        4,
        7,
        6,
        12,
        9,
        3,
        17,
        5,
        8,
        10,
        15,
        11,
        13,
        14,
        16,
        18,
        19,
        20,
        21,
        22
      ]
    },
    "MTS": {
      "makespan": 111,
      "execution_time": 3.695487976074219e-05,
      "schedule": {
        "1": [
          0,
          0
        ],
        "4": [
          0,
          8
        ],
        "2": [
          8,
          18
        ],
        "8": [
          18,
          19
        ],
        "7": [
          19,
          27
        ],
        "5": [
          27,
          28
        ],
        "12": [
          28,
          36
        ],
        "6": [
          36,
          43
        ],
        "9": [
          43,
          53
        ],
        "10": [
          53,
          54
        ],
        "15": [
          54,
          61
        ],
        "3": [
          61,
          67
        ],
        "11": [
          67,
          76
        ],
        "13": [
          76,
          82
        ],
        "14": [
          82,
          87
        ],
        "16": [
          87,
          90
        ],
        "17": [
          90,
          97
        ],
        "18": [
          97,
          100
        ],
        "19": [
          100,
          101
        ],
        "20": [
          101,
          110
        ],
        "21": [
          110,
          111
        ],
        "22": [
          111,
          111
        ]
      },
      "activity_order": [
        1,
        4,
        2,
        8,
        7,
        5,
        12,
        6,
        9,
        10,
        15,
        3,
        11,
        13,
        14,
        16,
        17,
        18,
        19,
        20,
        21,
        22
      ]
    },
    "TIMROS": {
      "makespan": 111,
      "execution_time": 3.647804260253906e-05,
      "schedule": {
        "1": [
          0,
          0
        ],
        "2": [
          0,
          10
        ],
        "4": [
          10,
          18
        ],
        "9": [
          18,
          28
        ],
        "11": [
          28,
          37
        ],
        "7": [
          37,
          45
        ],
        "12": [
          45,
          53
        ],
        "6": [
          53,
          60
        ],
        "15": [
          60,
          67
        ],
        "17": [
          67,
          74
        ],
        "3": [
          74,
          80
        ],
        "20": [
          80,
          89
        ],
        "18": [
          89,
          92
        ],
        "5": [
          92,
          93
        ],
        "8": [
          93,
          94
        ],
        "13": [
          94,
          100
        ],
        "14": [
          100,
          105
        ],
        "10": [
          105,
          106
        ],
        "16": [
          106,
          109
        ],
        "19": [
          109,
          110
        ],
        "21": [
          110,
          111
        ],
        "22": [
          111,
          111
        ]
      },