{
  "instance": "inst_set1a_sf0.5_nc1.8_n20_m15_02",
  "results": {
    "HRPW*": {
      "makespan": 90,
      "execution_time": 0.0003132820129394531,
      "schedule": {
        "1": [
          0,
          0
        ],
        "4": [
          0,
          2
        ],
        "6": [
          2,
          10
        ],
        "2": [
          2,
          7
        ],
        "3": [
          10,
          17
        ],
        "10": [
          17,
          24
        ],
        "9": [
          24,
          27
        ],
        "7": [
          17,
          26
        ],
        "5": [
          27,
          34
        ],
        "11": [
          34,
          42
        ],
        "12": [
          42,
          47
        ],
        "8": [
          47,
          49
        ],
        "13": [
          49,
          59
        ],
        "17": [
          59,
          69
        ],
        "15": [
          42,
          51
        ],
        "16": [
          69,
          78
        ],
        "14": [
          78,
          82
        ],
        "18": [
          82,
          85
        ],
        "19": [
          78,
          86
        ],
        "20": [
          85,
          90
        ],
        "21": [
          86,
          90
        ],
        "22": [
          90,
          90
        ]
      },
      "activity_order": [
        1,
        4,
        6,
        2,
        3,
        10,
        9,
        7,
        5,
        11,
        12,
        8,
        13,
        17,
        15,
        16,
        14,
        18,
        19,
        20,
        21,
        22
      ]
    },
    "LST": {
      "makespan": 90,
      "execution_time": 0.0002892017364501953,
      "schedule": {
        "1": [
          0,
          0
        ],
        "4": [
          0,
          2
        ],
        "6": [
          2,
          10
        ],
        "2": [
          2,
          7
        ],
        "3": [
          10,
          17
        ],
        "10": [
          17,
          24
        ],
        "9": [
          24,
          27
        ],
        "7": [
          17,
          26
        ],
        "5": [
          27,
          34
        ],
        "11": [
          34,
          42
        ],
        "12": [
          42,
          47
        ],
        "8": [
          47,
          49
        ],
        "13": [
          49,
          59
        ],
        "17": [
          59,
          69
        ],
        "15": [
          42,
          51
        ],
        "16": [
          69,
          78
        ],
        "14": [
          78,
          82
        ],
        "18": [
          82,
          85
        ],
        "19": [
          78,
          86
        ],
        "20": [
          85,
          90
        ],
        "21": [
          86,
          90
        ],
        "22": [
          90,
          90
        ]
      },
      "activity_order": [
        1,
        4,
        6,
        2,
        3,
        10,
        9,
        7,
        5,
        11,
        12,
        8,
        13,
        17,
        15,
        16,
        14,
        18,
        19,
        20,
        21,
        22
      ]
    },
    "LFT": {
      "makespan": 90,
      "execution_time": 0.0003383159637451172,
      "schedule": {
        "1": [
          0,
          0
        ],
        "4": [
          0,
          2
        ],
        "2": [
          2,
          7
        ],
        "6": [
          2,
          10
        ],
        "3": [
          10,
          17
        ],
        "9": [
          17,
          20
        ],
        "10": [
          20,
          27
        ],
        "5": [
          27,
          34
        ],
        "8": [
          34,
          36
        ],
        "12": [
          36,
          41
        ],
        "7": [
          17,
          26
        ],
        "11": [
          41,
          49
        ],
        "13": [
          49,
          59
        ],
        "15": [
          49,
          58
        ],
        "16": [
          59,
          68
        ],
        "17": [
          68,
          78
        ],
        "14": [
          78,
          82
        ],
        "18": [
          82,
          85
        ],
        "19": [
          78,
          86
        ],
        "20": [
          85,
          90
        ],
        "21": [
          86,
          90
        ],
        "22": [
          90,
          90
        ]
      },
      "activity_order": [
        1,
        4,
        2,
        6,
        3,
        9,
        10,
        5,
        8,
        12,
        7,
        11,
        13,
        15,
        16,
        17,
        14,
        18,
        19,
        20,
        21,
        22
      ]
    },
    "MTS": {
      "makespan": 99,
      "execution_time": 0.00031375885009765625,
      "schedule": {
        "1": [
          0,
          0
        ],
        "2": [
          0,
          5
        ],
        "4": [
          5,
          7
        ],
        "6": [
          7,
          15
        ],
        "3": [
          15,
          22
        ],
        "9": [
          22,
          25
        ],
        "8": [
          25,
          27
        ],
        "5": [
          27,
          34
        ],
        "10": [
          34,
          41
        ],
        "11": [
          41,
          49
        ],
        "7": [
          22,
          31
        ],
        "12": [
          49,
          54
        ],
        "17": [
          54,
          64
        ],
        "13": [
          64,
          74
        ],
        "14": [
          74,
          78
        ],
        "15": [
          49,
          58
        ],
        "16": [
          78,
          87
        ],
        "18": [
          87,
          90
        ],
        "19": [
          87,
          95
        ],
        "20": [
          90,
          95
        ],
        "21": [
          95,
          99
        ],
        "22": [
          99,
          99
        ]
      },
      "activity_order": [
        1,
        2,
        4,
        6,
        3,
        9,
        8,
        5,
        10,
        11,
        7,
        12,
        17,
        13,
        14,
        15,
        16,
        18,
        19,
        20,
        21,
        22
      ]
    },
    "TIMROS": {
      "makespan": 101,
      "execution_time": 0.0003216266632080078,
      "schedule": {
        "1": [
          0,
          0
        ],
        "2": [
          0,
          5
        ],
        "5": [
          5,
          12
        ],
        "3": [
          12,
          19
        ],
        "7": [
          19,
          28
        ],
        "10": [
          19,
          26
        ],
        "21": [
          28,
          32
        ],
        "4": [
          32,
          34
        ],
        "6": [
          34,
          42
        ],
        "9": [
          42,
          45
        ],
        "11": [
          45,
          53
        ],
        "15": [
          53,
          62
        ],
        "12": [
          53,
          58
        ],
        "13": [
          58,
          68
        ],
        "8": [
          68,
          70
        ],
        "17": [
          70,
          80
        ],
        "16": [
          80,
          89
        ],
        "19": [
          89,
          97
        ],
        "14": [
          89,
          93
        ],
        "18": [
          93,
          96
        ],
        "20": [
          96,
          101
        ],
        "22": [
          101,
          101
        ]
      },
      "activity_order": [
        1,
        2,
        5,
        3,
        7,
        10,
        21,
        4,
        6,
        9,
        11,
        15,
        12,
        13,
        8,
        17,
        16,
        19,
        14,
        18,
        20,
        22
      ]
    },
    "HRU1": {
      "makespan": 92,