{
  "instance": "inst_set1a_sf0.75_nc1.8_n20_m25_00",
  "results": {
    "HRPW*": {
      "makespan": 44,
      "execution_time": 0.0004749298095703125,
      "schedule": {
        "1": [
          0,
          0
        ],
        "3": [
          0,
          1
        ],
        "5": [
          1,
          3
        ],
        "6": [
          3,
          8
        ],
        "2": [
          0,
          4
        ],
        "4": [
          8,
          12
        ],
        "13": [
          8,
          15
        ],
        "7": [
          12,
          17
        ],
        "9": [
          15,
          18
        ],
        "11": [
          18,
          22
        ],
        "8": [
          17,
          20
        ],
        "10": [
          22,
          25
        ],
        "14": [
          17,
          27
        ],
        "12": [
          27,
          35
        ],
        "18": [
          25,
          34
        ],
        "15": [
          34,
          35
        ],
        "16": [
          35,
          42
        ],
        "17": [
          35,
          38
        ],
        "19": [
          35,
          43
        ],
        "21": [
          38,
          44
        ],
        "20": [
          42,
          44
        ],
        "22": [
          44,
          44
        ]
      },
      "activity_order": [
        1,
        3,
        5,
        6,
        2,
        4,
        13,
        7,
        9,
        11,
        8,
        10,
        14,
        12,
        18,
        15,
        16,
        17,
        19,
        21,
        20,
        22
      ]
    },
    "LST": {
      "makespan": 44,
      "execution_time": 0.0006046295166015625,
      "schedule": {
        "1": [
          0,
          0
        ],
        "3": [
          0,
          1
        ],
        "5": [
          1,
          3
        ],
        "6": [
          3,
          8
        ],
        "2": [
          0,
          4
        ],
        "4": [
          8,
          12
        ],
        "13": [
          8,
          15
        ],
        "7": [
          12,
          17
        ],
        "9": [
          15,
          18
        ],
        "11": [
          18,
          22
        ],
        "8": [
          17,
          20
        ],
        "10": [
          22,
          25
        ],
        "14": [
          17,
          27
        ],
        "12": [
          27,
          35
        ],
        "18": [
          25,
          34
        ],
        "15": [
          34,
          35
        ],
        "16": [
          35,
          42
        ],
        "17": [
          35,
          38
        ],
        "19": [
          35,
          43
        ],
        "21": [
          38,
          44
        ],
        "20": [
          42,
          44
        ],
        "22": [
          44,
          44
        ]
      },
      "activity_order": [
        1,
        3,
        5,
        6,
        2,
        4,
        13,
        7,
        9,
        11,
        8,
        10,
        14,
        12,
        18,
        15,
        16,
        17,
        19,
        21,
        20,
        22
      ]
    },
    "LFT": {
      "makespan": 49,
      "execution_time": 0.0005223751068115234,
      "schedule": {
        "1": [
          0,
          0
        ],
        "3": [
          0,
          1
        ],
        "5": [
          1,
          3
        ],
        "6": [
          3,
          8
        ],
        "2": [
          0,
          4
        ],
        "4": [
          8,
          12
        ],
        "9": [
          12,
          15
        ],
        "7": [
          12,
          17
        ],
        "13": [
          15,
          22
        ],
        "8": [
          17,
          20
        ],
        "10": [
          15,
          18
        ],
        "11": [
          18,
          22
        ],
        "12": [
          22,
          30
        ],
        "14": [
          30,
          40
        ],
        "15": [
          22,
          23
        ],
        "18": [
          23,
          32
        ],
        "17": [
          40,
          43
        ],
        "16": [
          32,
          39
        ],
        "19": [
          40,
          48
        ],
        "20": [
          39,
          41
        ],
        "21": [
          43,
          49
        ],
        "22": [
          49,
          49
        ]
      },
      "activity_order": [
        1,
        3,
        5,
        6,
        2,
        4,
        9,
        7,
        13,
        8,
        10,
        11,
        12,
        14,
        15,
        18,
        17,
        16,
        19,
        20,
        21,
        22
      ]
    },
    "MTS": {
      "makespan": 46,
      "execution_time": 0.0006258487701416016,
      "schedule": {
        "1": [
          0,
          0
        ],
        "3": [
          0,
          1
        ],
        "4": [
          0,
          4
        ],
        "5": [
          4,
          6
        ],
        "2": [
          0,
          4
        ],
        "6": [
          6,
          11
        ],
        "9": [
          4,
          7
        ],
        "13": [
          11,
          18
        ],
        "8": [
          11,
          14
        ],
        "7": [
          14,
          19
        ],
        "10": [
          7,
          10
        ],
        "11": [
          10,
          14
        ],
        "14": [
          19,
          29
        ],
        "12": [
          29,
          37
        ],
        "18": [
          18,
          27
        ],
        "15": [
          27,
          28
        ],
        "16": [
          28,
          35
        ],
        "17": [
          37,
          40
        ],
        "19": [
          29,
          37
        ],
        "20": [
          35,
          37
        ],
        "21": [
          40,
          46
        ],
        "22": [
          46,
          46
        ]
      },
      "activity_order": [
        1,
        3,
        4,
        5,
        2,
        6,
        9,
        13,
        8,
        7,
        10,
        11,
        14,
        12,
        18,
        15,
        16,
        17,
        19,
        20,
        21,
        22
      ]
    },
    "TIMROS": {
      "makespan": 59,
      "execution_time": 0.0004546642303466797,
      "schedule": {
        "1": [
          0,
          0
        ],
        "4": [
          0,
          4
        ],
        "2": [
          0,
          4
        ],
        "9": [
          4,
          7
        ],
        "11": [
          7,
          11
        ],
        "12": [
          11,
          19
        ],
        "3": [
          11,
          12
        ],
        "8": [
          12,
          15
        ],
        "5": [
          15,
          17
        ],
        "6": [
          17,
          22
        ],
        "7": [
          22,
          27
        ],
        "13": [
          22,
          29
        ],
        "16": [
          29,
          36
        ],
        "14": [
          29,
          39
        ],
        "10": [
          36,
          39
        ],
        "18": [
          39,
          48
        ],
        "17": [
          39,
          42
        ],
        "21": [
          42,
          48
        ],
        "20": [
          48,
          50
        ],
        "15": [
          50,
          51
        ],
        "19": [
          51,
          59
        ],
        "22": [
          59,
          59
        ]
      },
      "activity_order": [
        1,
        4,
        2,
        9,
        11,
        12,
        3,
        8,
        5,
        6,
        7,
        13,
        16,
        14,
        10,
        18,
        17,
        21,
        20,
        15,
        19,
        22
      ]
    },
    "HRU1": {
      "makespan": 43,