{
  "instance": "inst_set1a_sf0.75_nc1.5_n20_m25_05",
  "results": {
    "HRPW*": {
      "makespan": 59,
      "execution_time": 0.0003790855407714844,
      "schedule": {
        "1": [
          0,
          0
        ],
        "4": [
          0,
          10
        ],
        "2": [
          0,
          4
        ],
        "9": [
          10,
          20
        ],
        "5": [
          10,
          14
        ],
        "6": [
          20,
          22
        ],
        "11": [
          22,
          27
        ],
        "3": [
          22,
          29
        ],
        "12": [
          27,
          32
        ],
        "14": [
          32,
          33
        ],
        "17": [
          33,
          40
        ],
        "16": [
          33,
          39
        ],
        "13": [
          32,
          36
        ],
        "15": [
          32,
          37
        ],
        "8": [
          40,
          48
        ],
        "19": [
          36,
          46
        ],
        "7": [
          48,
          49
        ],
        "20": [
          49,
          58
        ],
        "18": [
          49,
          56
        ],
        "10": [
          48,
          52
        ],
        "21": [
          58,
          59
        ],
        "22": [
          59,
          59
        ]
      },
      "activity_order": [
        1,
        4,
        2,
        9,
        5,
        6,
        11,
        3,
        12,
        14,
        17,
        16,
        13,
        15,
        8,
        19,
        7,
        20,
        18,
        10,
        21,
        22
      ]
    },
    "LST": {
      "makespan": 59,
      "execution_time": 0.00030803680419921875,
      "schedule": {
        "1": [
          0,
          0
        ],
        "4": [
          0,
          10
        ],
        "2": [
          0,
          4
        ],
        "9": [
          10,
          20
        ],
        "5": [
          10,
          14
        ],
        "6": [
          20,
          22
        ],
        "11": [
          22,
          27
        ],
        "3": [
          22,
          29
        ],
        "12": [
          27,
          32
        ],
        "14": [
          32,
          33
        ],
        "17": [
          33,
          40
        ],
        "16": [
          33,
          39
        ],
        "13": [
          32,
          36
        ],
        "15": [
          32,
          37
        ],
        "8": [
          40,
          48
        ],
        "19": [
          36,
          46
        ],
        "7": [
          48,
          49
        ],
        "20": [
          49,
          58
        ],
        "18": [
          49,
          56
        ],
        "10": [
          48,
          52
        ],
        "21": [
          58,
          59
        ],
        "22": [
          59,
          59
        ]
      },
      "activity_order": [
        1,
        4,
        2,
        9,
        5,
        6,
        11,
        3,
        12,
        14,
        17,
        16,
        13,
        15,
        8,
        19,
        7,
        20,
        18,
        10,
        21,
        22
      ]
    },
    "LFT": {
      "makespan": 59,
      "execution_time": 0.000301361083984375,
      "schedule": {
        "1": [
          0,
          0
        ],
        "4": [
          0,
          10
        ],
        "2": [
          0,
          4
        ],
        "5": [
          10,
          14
        ],
        "6": [
          4,
          6
        ],
        "9": [
          10,
          20
        ],
        "11": [
          14,
          19
        ],
        "12": [
          20,
          25
        ],
        "14": [
          25,
          26
        ],
        "3": [
          26,
          33
        ],
        "13": [
          33,
          37
        ],
        "15": [
          25,
          30
        ],
        "16": [
          26,
          32
        ],
        "17": [
          33,
          40
        ],
        "7": [
          40,
          41
        ],
        "8": [
          41,
          49
        ],
        "10": [
          49,
          53
        ],
        "18": [
          41,
          48
        ],
        "19": [
          48,
          58
        ],
        "20": [
          49,
          58
        ],
        "21": [
          58,
          59
        ],
        "22": [
          59,
          59
        ]
      },
      "activity_order": [
        1,
        4,
        2,
        5,
        6,
        9,
        11,
        12,
        14,
        3,
        13,
        15,
        16,
        17,
        7,
        8,
        10,
        18,
        19,
        20,
        21,
        22
      ]
    },
    "MTS": {
      "makespan": 67,
      "execution_time": 0.0002841949462890625,
      "schedule": {
        "1": [
          0,
          0
        ],
        "2": [
          0,
          4
        ],
        "5": [
          4,
          8
        ],
        "6": [
          4,
          6
        ],
        "4": [
          8,
          18
        ],
        "9": [
          18,
          28
        ],
        "11": [
          18,
          23
        ],
        "12": [
          28,
          33
        ],
        "14": [
          33,
          34
        ],
        "3": [
          34,
          41
        ],
        "7": [
          41,
          42
        ],
        "8": [
          42,
          50
        ],
        "16": [
          34,
          40
        ],
        "10": [
          50,
          54
        ],
        "13": [
          41,
          45
        ],
        "15": [
          33,
          38
        ],
        "17": [
          50,
          57
        ],
        "18": [
          45,
          52
        ],
        "19": [
          52,
          62
        ],
        "20": [
          57,
          66
        ],
        "21": [
          66,
          67
        ],
        "22": [
          67,
          67
        ]
      },
      "activity_order": [
        1,
        2,
        5,
        6,
        4,
        9,
        11,
        12,
        14,
        3,
        7,
        8,
        16,
        10,
        13,
        15,
        17,
        18,
        19,
        20,
        21,
        22
      ]
    },
    "TIMROS": {
      "makespan": 70,
      "execution_time": 0.0003199577331542969,
      "schedule": {
        "1": [
          0,
          0
        ],
        "3": [
          0,
          7
        ],
        "4": [
          0,
          10
        ],
        "9": [
          10,
          20
        ],
        "2": [
          20,
          24
        ],
        "5": [
          24,
          28
        ],
        "8": [
          28,
          36
        ],
        "6": [
          36,
          38
        ],
        "17": [
          38,
          45
        ],
        "11": [
          38,
          43
        ],
        "10": [
          43,
          47
        ],
        "12": [
          43,
          48
        ],
        "15": [
          48,
          53
        ],
        "13": [
          48,
          52
        ],
        "19": [
          52,
          62
        ],
        "7": [
          45,
          46
        ],
        "18": [
          62,
          69
        ],
        "14": [
          48,
          49
        ],
        "16": [
          49,
          55
        ],
        "20": [
          55,
          64
        ],
        "21": [
          69,
          70
        ],
        "22": [
          70,
          70
        ]
      },
      "activity_order": [
        1,
        3,
        4,
        9,
        2,
        5,
        8,
        6,
        17,
        11,
        10,
        12,
        15,
        13,
        19,
        7,
        18,
        14,
        16,
        20,
        21,
        22
      ]
    },
    "HRU1": {
      "makespan": 58,