{
  "instance": "inst_set1a_sf0.5_nc2.1_n20_m15_04",
  "results": {
    "HRPW*": {
      "makespan": 94,
      "execution_time": 4.5299530029296875e-05,
      "schedule": {
        "1": [
          0,
          0
        ],
        "4": [
          0,
          6
        ],
        "3": [
          6,
          11
        ],
        "5": [
          11,
          20
        ],
        "6": [
          20,
          25
        ],
        "8": [
          25,
          29
        ],
        "10": [
          29,
          33
        ],
        "9": [
          33,
          35
        ],
        "2": [
          35,
          42
        ],
        "13": [
          42,
          46
        ],
        "11": [
          46,
          54
        ],
        "15": [
          54,
          60
        ],
        "7": [
          60,
          64
        ],
        "14": [
          64,
          67
        ],
        "17": [
          67,
          76
        ],
        "18": [
          76,
          77
        ],
        "20": [
          77,
          86
        ],
        "16": [
          86,
          90
        ],
        "12": [
          90,
          91
        ],
        "19": [
          91,
          93
        ],
        "21": [
          93,
          94
        ],
        "22": [
          94,
          94
        ]
      },
      "activity_order": [
        1,
        4,
        3,
        5,
        6,
        8,
        10,
        9,
        2,
        13,
        11,
        15,
        7,
        14,
        17,
        18,
        20,
        16,
        12,
        19,
        21,
        22
      ]
    },
    "LST": {
      "makespan": 94,
      "execution_time": 4.00543212890625e-05,
      "schedule": {
        "1": [
          0,
          0
        ],
        "4": [
          0,
          6
        ],
        "3": [
          6,
          11
        ],
        "5": [
          11,
          20
        ],
        "6": [
          20,
          25
        ],
        "8": [
          25,
          29
        ],
        "10": [
          29,
          33
        ],
        "9": [
          33,
          35
        ],
        "2": [
          35,
          42
        ],
        "13": [
          42,
          46
        ],
        "11": [
          46,
          54
        ],
        "15": [
          54,
          60
        ],
        "7": [
          60,
          64
        ],
        "14": [
          64,
          67
        ],
        "17": [
          67,
          76
        ],
        "18": [
          76,
          77
        ],
        "20": [
          77,
          86
        ],
        "16": [
          86,
          90
        ],
        "12": [
          90,
          91
        ],
        "19": [
          91,
          93
        ],
        "21": [
          93,
          94
        ],
        "22": [
          94,
          94
        ]
      },
      "activity_order": [
        1,
        4,
        3,
        5,
        6,
        8,
        10,
        9,
        2,
        13,
        11,
        15,
        7,
        14,
        17,
        18,
        20,
        16,
        12,
        19,
        21,
        22
      ]
    },
    "LFT": {
      "makespan": 94,
      "execution_time": 4.172325134277344e-05,
      "schedule": {
        "1": [
          0,
          0
        ],
        "3": [
          0,
          5
        ],
        "4": [
          5,
          11
        ],
        "5": [
          11,
          20
        ],
        "6": [
          20,
          25
        ],
        "9": [
          25,
          27
        ],
        "8": [
          27,
          31
        ],
        "10": [
          31,
          35
        ],
        "13": [
          35,
          39
        ],
        "2": [
          39,
          46
        ],
        "7": [
          46,
          50
        ],
        "11": [
          50,
          58
        ],
        "14": [
          58,
          61
        ],
        "15": [
          61,
          67
        ],
        "18": [
          67,
          68
        ],
        "12": [
          68,
          69
        ],
        "16": [
          69,
          73
        ],
        "17": [
          73,
          82
        ],
        "19": [
          82,
          84
        ],
        "20": [
          84,
          93
        ],
        "21": [
          93,
          94
        ],
        "22": [
          94,
          94
        ]
      },
      "activity_order": [
        1,
        3,
        4,
        5,
        6,
        9,
        8,
        10,
        13,
        2,
        7,
        11,
        14,
        15,
        18,
        12,
        16,
        17,
        19,
        20,
        21,
        22
      ]
    },
    "MTS": {
      "makespan": 94,
      "execution_time": 0.0002384185791015625,
      "schedule": {
        "1": [
          0,
          0
        ],
        "3": [
          0,
          5
        ],
        "4": [
          5,
          11
        ],
        "5": [
          11,
          20
        ],
        "6": [
          20,
          25
        ],
        "9": [
          25,
          27
        ],
        "8": [
          27,
          31
        ],
        "10": [
          31,
          35
        ],
        "2": [
          35,
          42
        ],
        "13": [
          42,
          46
        ],
        "7": [
          46,
          50
        ],
        "11": [
          50,
          58
        ],
        "18": [
          58,
          59
        ],
        "12": [
          59,
          60
        ],
        "14": [
          60,
          63
        ],
        "15": [
          63,
          69
        ],
        "16": [
          69,
          73
        ],
        "17": [
          73,
          82
        ],
        "19": [
          82,
          84
        ],
        "20": [
          84,
          93
        ],
        "21": [
          93,
          94
        ],
        "22": [
          94,
          94
        ]
      },
      "activity_order": [
        1,
        3,
        4,
        5,
        6,
        9,
        8,
        10,
        2,
        13,
        7,
        11,
        18,
        12,
        14,
        15,
        16,
        17,
        19,
        20,
        21,
        22
      ]
    },
    "TIMROS": {
      "makespan": 94,
      "execution_time": 5.984306335449219e-05,
      "schedule": {
        "1": [
          0,
          0
        ],
        "3": [
          0,
          5
        ],
        "4": [
          5,
          11
        ],
        "5": [
          11,
          20
        ],
        "6": [
          20,
          25
        ],
        "2": [
          25,
          32
        ],
        "14": [
          32,
          35
        ],
        "7": [
          35,
          39
        ],
        "9": [
          39,
          41
        ],
        "13": [
          41,
          45
        ],
        "8": [
          45,
          49
        ],
        "16": [
          49,
          53
        ],
        "10": [
          53,
          57
        ],
        "15": [
          57,
          63
        ],
        "11": [
          63,
          71
        ],
        "17": [
          71,
          80
        ],
        "12": [
          80,
          81
        ],
        "19": [
          81,
          83
        ],
        "18": [
          83,
          84
        ],
        "20": [
          84,
          93
        ],
        "21": [
          93,
          94
        ],
        "22": [
          94,
          94
        ]
      },
      "activity_order": [
        1,
        3,
        4,
        5,
        6,
        2,
        14,
        7,
        9,
        13,
        8,
        16,
        10,
        15,
        11,
        17,
        12,
        19,
        18,
        20,
        21,
        22
      ]
    },