{
  "instance": "inst_set1a_sf0.5_nc1.8_n20_m10_03",
  "results": {
    "HRPW*": {
      "makespan": 66,
      "execution_time": 0.00016832351684570312,
      "schedule": {
        "1": [
          0,
          0
        ],
        "3": [
          0,
          9
        ],
        "2": [
          0,
          7
        ],
        "4": [
          9,
          13
        ],
        "5": [
          13,
          15
        ],
        "7": [
          15,
          22
        ],
        "6": [
          22,
          29
        ],
        "11": [
          29,
          37
        ],
        "10": [
          37,
          46
        ],
        "13": [
          15,
          19
        ],
        "12": [
          22,
          25
        ],
        "9": [
          29,
          33
        ],
        "8": [
          22,
          23
        ],
        "15": [
          46,
          47
        ],
        "16": [
          47,
          53
        ],
        "18": [
          53,
          59
        ],
        "14": [
          46,
          49
        ],
        "21": [
          59,
          66
        ],
        "17": [
          53,
          54
        ],
        "19": [
          59,
          62
        ],
        "20": [
          59,
          62
        ],
        "22": [
          66,
          66
        ]
      },
      "activity_order": [
        1,
        3,
        2,
        4,
        5,
        7,
        6,
        11,
        10,
        13,
        12,
        9,
        8,
        15,
        16,
        18,
        14,
        21,
        17,
        19,
        20,
        22
      ]
    },
    "LST": {
      "makespan": 66,
      "execution_time": 0.00015854835510253906,
      "schedule": {
        "1": [
          0,
          0
        ],
        "3": [
          0,
          9
        ],
        "2": [
          0,
          7
        ],
        "4": [
          9,
          13
        ],
        "5": [
          13,
          15
        ],
        "7": [
          15,
          22
        ],
        "6": [
          22,
          29
        ],
        "11": [
          29,
          37
        ],
        "10": [
          37,
          46
        ],
        "13": [
          15,
          19
        ],
        "12": [
          22,
          25
        ],
        "9": [
          29,
          33
        ],
        "8": [
          22,
          23
        ],
        "15": [
          46,
          47
        ],
        "16": [
          47,
          53
        ],
        "18": [
          53,
          59
        ],
        "14": [
          46,
          49
        ],
        "21": [
          59,
          66
        ],
        "17": [
          53,
          54
        ],
        "19": [
          59,
          62
        ],
        "20": [
          59,
          62
        ],
        "22": [
          66,
          66
        ]
      },
      "activity_order": [
        1,
        3,
        2,
        4,
        5,
        7,
        6,
        11,
        10,
        13,
        12,
        9,
        8,
        15,
        16,
        18,
        14,
        21,
        17,
        19,
        20,
        22
      ]
    },
    "LFT": {
      "makespan": 66,
      "execution_time": 0.0001571178436279297,
      "schedule": {
        "1": [
          0,
          0
        ],
        "3": [
          0,
          9
        ],
        "5": [
          9,
          11
        ],
        "2": [
          0,
          7
        ],
        "4": [
          11,
          15
        ],
        "7": [
          15,
          22
        ],
        "6": [
          22,
          29
        ],
        "11": [
          29,
          37
        ],
        "12": [
          22,
          25
        ],
        "13": [
          25,
          29
        ],
        "8": [
          22,
          23
        ],
        "15": [
          37,
          38
        ],
        "9": [
          29,
          33
        ],
        "10": [
          38,
          47
        ],
        "14": [
          47,
          50
        ],
        "16": [
          47,
          53
        ],
        "17": [
          53,
          54
        ],
        "18": [
          53,
          59
        ],
        "19": [
          59,
          62
        ],
        "20": [
          59,
          62
        ],
        "21": [
          59,
          66
        ],
        "22": [
          66,
          66
        ]
      },
      "activity_order": [
        1,
        3,
        5,
        2,
        4,
        7,
        6,
        11,
        12,
        13,
        8,
        15,
        9,
        10,
        14,
        16,
        17,
        18,
        19,
        20,
        21,
        22
      ]
    },
    "MTS": {
      "makespan": 66,
      "execution_time": 0.0001583099365234375,
      "schedule": {
        "1": [
          0,
          0
        ],
        "3": [
          0,
          9
        ],
        "5": [
          9,
          11
        ],
        "2": [
          0,
          7
        ],
        "4": [
          11,
          15
        ],
        "7": [
          15,
          22
        ],
        "12": [
          22,
          25
        ],
        "10": [
          22,
          31
        ],
        "6": [
          31,
          38
        ],
        "8": [
          22,
          23
        ],
        "11": [
          38,
          46
        ],
        "13": [
          25,
          29
        ],
        "15": [
          46,
          47
        ],
        "9": [
          38,
          42
        ],
        "14": [
          42,
          45
        ],
        "16": [
          47,
          53
        ],
        "18": [
          53,
          59
        ],
        "17": [
          53,
          54
        ],
        "19": [
          59,
          62
        ],
        "20": [
          59,
          62
        ],
        "21": [
          59,
          66
        ],
        "22": [
          66,
          66
        ]
      },
      "activity_order": [
        1,
        3,
        5,
        2,
        4,
        7,
        12,
        10,
        6,
        8,
        11,
        13,
        15,
        9,
        14,
        16,
        18,
        17,
        19,
        20,
        21,
        22
      ]
    },
    "TIMROS": {
      "makespan": 80,
      "execution_time": 0.0001590251922607422,
      "schedule": {
        "1": [
          0,
          0
        ],
        "3": [
          0,
          9
        ],
        "2": [
          0,
          7
        ],
        "11": [
          9,
          17
        ],
        "10": [
          17,
          26
        ],
        "4": [
          26,
          30
        ],
        "6": [
          30,
          37
        ],
        "9": [
          37,
          41
        ],
        "21": [
          41,
          48
        ],
        "5": [
          48,
          50
        ],
        "13": [
          50,
          54
        ],
        "7": [
          50,
          57
        ],
        "12": [
          57,
          60
        ],
        "16": [
          60,
          66
        ],
        "14": [
          60,
          63
        ],
        "8": [
          57,
          58
        ],
        "15": [
          66,
          67
        ],
        "18": [
          67,
          73
        ],
        "19": [
          73,
          76
        ],
        "17": [
          76,
          77
        ],
        "20": [
          77,
          80
        ],
        "22": [
          80,
          80
        ]
      },
      "activity_order": [
        1,
        3,
        2,
        11,
        10,
        4,
        6,
        9,
        21,
        5,
        13,
        7,
        12,
        16,
        14,
        8,
        15,
        18,
        19,
        17,
        20,
        22
      ]
    },
    "HRU1": {
      "makespan": 66,