{
  "instance": "inst_set1a_sf0.75_nc2.1_n20_m10_05",
  "results": {
    "HRPW*": {
      "makespan": 124,
      "execution_time": 3.981590270996094e-05,
      "schedule": {
        "1": [
          0,
          0
        ],
        "2": [
          0,
          8
        ],
        "5": [
          8,
          18
        ],
        "4": [
          18,
          19
        ],
        "7": [
          19,
          28
        ],
        "9": [
          28,
          38
        ],
        "3": [
          38,
          43
        ],
        "6": [
          43,
          48
        ],
        "8": [
          48,
          54
        ],
        "13": [
          54,
          60
        ],
        "12": [
          60,
          64
        ],
        "16": [
          64,
          71
        ],
        "10": [
          71,
          77
        ],
        "17": [
          77,
          85
        ],
        "15": [
          85,
          90
        ],
        "11": [
          90,
          94
        ],
        "18": [
          94,
          103
        ],
        "19": [
          103,
          113
        ],
        "14": [
          113,
          115
        ],
        "20": [
          115,
          120
        ],
        "21": [
          120,
          124
        ],
        "22": [
          124,
          124
        ]
      },
      "activity_order": [
        1,
        2,
        5,
        4,
        7,
        9,
        3,
        6,
        8,
        13,
        12,
        16,
        10,
        17,
        15,
        11,
        18,
        19,
        14,
        20,
        21,
        22
      ]
    },
    "LST": {
      "makespan": 124,
      "execution_time": 4.172325134277344e-05,
      "schedule": {
        "1": [
          0,
          0
        ],
        "2": [
          0,
          8
        ],
        "5": [
          8,
          18
        ],
        "4": [
          18,
          19
        ],
        "7": [
          19,
          28
        ],
        "9": [
          28,
          38
        ],
        "3": [
          38,
          43
        ],
        "6": [
          43,
          48
        ],
        "8": [
          48,
          54
        ],
        "13": [
          54,
          60
        ],
        "12": [
          60,
          64
        ],
        "16": [
          64,
          71
        ],
        "10": [
          71,
          77
        ],
        "17": [
          77,
          85
        ],
        "15": [
          85,
          90
        ],
        "11": [
          90,
          94
        ],
        "18": [
          94,
          103
        ],
        "19": [
          103,
          113
        ],
        "14": [
          113,
          115
        ],
        "20": [
          115,
          120
        ],
        "21": [
          120,
          124
        ],
        "22": [
          124,
          124
        ]
      },
      "activity_order": [
        1,
        2,
        5,
        4,
        7,
        9,
        3,
        6,
        8,
        13,
        12,
        16,
        10,
        17,
        15,
        11,
        18,
        19,
        14,
        20,
        21,
        22
      ]
    },
    "LFT": {
      "makespan": 124,
      "execution_time": 4.4345855712890625e-05,
      "schedule": {
        "1": [
          0,
          0
        ],
        "2": [
          0,
          8
        ],
        "4": [
          8,
          9
        ],
        "5": [
          9,
          19
        ],
        "3": [
          19,
          24
        ],
        "6": [
          24,
          29
        ],
        "7": [
          29,
          38
        ],
        "9": [
          38,
          48
        ],
        "8": [
          48,
          54
        ],
        "12": [
          54,
          58
        ],
        "13": [
          58,
          64
        ],
        "16": [
          64,
          71
        ],
        "10": [
          71,
          77
        ],
        "17": [
          77,
          85
        ],
        "11": [
          85,
          89
        ],
        "15": [
          89,
          94
        ],
        "14": [
          94,
          96
        ],
        "18": [
          96,
          105
        ],
        "19": [
          105,
          115
        ],
        "20": [
          115,
          120
        ],
        "21": [
          120,
          124
        ],
        "22": [
          124,
          124
        ]
      },
      "activity_order": [
        1,
        2,
        4,
        5,
        3,
        6,
        7,
        9,
        8,
        12,
        13,
        16,
        10,
        17,
        11,
        15,
        14,
        18,
        19,
        20,
        21,
        22
      ]
    },
    "MTS": {
      "makespan": 124,
      "execution_time": 4.76837158203125e-05,
      "schedule": {
        "1": [
          0,
          0
        ],
        "2": [
          0,
          8
        ],
        "4": [
          8,
          9
        ],
        "5": [
          9,
          19
        ],
        "6": [
          19,
          24
        ],
        "9": [
          24,
          34
        ],
        "3": [
          34,
          39
        ],
        "7": [
          39,
          48
        ],
        "13": [
          48,
          54
        ],
        "8": [
          54,
          60
        ],
        "10": [
          60,
          66
        ],
        "12": [
          66,
          70
        ],
        "11": [
          70,
          74
        ],
        "16": [
          74,
          81
        ],
        "17": [
          81,
          89
        ],
        "14": [
          89,
          91
        ],
        "15": [
          91,
          96
        ],
        "18": [
          96,
          105
        ],
        "19": [
          105,
          115
        ],
        "20": [
          115,
          120
        ],
        "21": [
          120,
          124
        ],
        "22": [
          124,
          124
        ]
      },
      "activity_order": [
        1,
        2,
        4,
        5,
        6,
        9,
        3,
        7,
        13,
        8,
        10,
        12,
        11,
        16,
        17,
        14,
        15,
        18,
        19,
        20,
        21,
        22
      ]
    },
    "TIMROS": {
      "makespan": 124,
      "execution_time": 3.170967102050781e-05,
      "schedule": {
        "1": [
          0,
          0
        ],
        "2": [
          0,
          8
        ],
        "5": [
          8,
          18
        ],
        "3": [
          18,
          23
        ],
        "6": [
          23,
          28
        ],
        "9": [
          28,
          38
        ],
        "11": [
          38,
          42
        ],
        "12": [
          42,
          46
        ],
        "4": [
          46,
          47
        ],
        "7": [
          47,
          56
        ],
        "10": [
          56,
          62
        ],
        "15": [
          62,
          67
        ],
        "19": [
          67,
          77
        ],
        "8": [
          77,
          83
        ],
        "13": [
          83,
          89
        ],
        "16": [
          89,
          96
        ],
        "17": [
          96,
          104
        ],
        "18": [
          104,
          113
        ],
        "20": [
          113,
          118
        ],
        "14": [
          118,
          120
        ],
        "21": [
          120,
          124
        ],
        "22": [
          124,
          124
        ]
      },