{
  "instance": "inst_set1a_sf1_nc1.5_n20_m20_01",
  "results": {
    "HRPW*": {
      "makespan": 95,
      "execution_time": 0.00041985511779785156,
      "schedule": {
        "1": [
          0,
          0
        ],
        "3": [
          0,
          9
        ],
        "6": [
          9,
          17
        ],
        "7": [
          17,
          25
        ],
        "4": [
          25,
          35
        ],
        "13": [
          35,
          45
        ],
        "12": [
          45,
          52
        ],
        "2": [
          52,
          53
        ],
        "8": [
          53,
          54
        ],
        "10": [
          54,
          57
        ],
        "9": [
          57,
          58
        ],
        "15": [
          58,
          65
        ],
        "16": [
          65,
          67
        ],
        "14": [
          67,
          68
        ],
        "18": [
          68,
          73
        ],
        "5": [
          73,
          75
        ],
        "11": [
          75,
          81
        ],
        "20": [
          81,
          89
        ],
        "17": [
          89,
          90
        ],
        "21": [
          90,
          94
        ],
        "19": [
          94,
          95
        ],
        "22": [
          95,
          95
        ]
      },
      "activity_order": [
        1,
        3,
        6,
        7,
        4,
        13,
        12,
        2,
        8,
        10,
        9,
        15,
        16,
        14,
        18,
        5,
        11,
        20,
        17,
        21,
        19,
        22
      ]
    },
    "LST": {
      "makespan": 95,
      "execution_time": 0.0005114078521728516,
      "schedule": {
        "1": [
          0,
          0
        ],
        "3": [
          0,
          9
        ],
        "6": [
          9,
          17
        ],
        "7": [
          17,
          25
        ],
        "4": [
          25,
          35
        ],
        "13": [
          35,
          45
        ],
        "12": [
          45,
          52
        ],
        "2": [
          52,
          53
        ],
        "8": [
          53,
          54
        ],
        "10": [
          54,
          57
        ],
        "9": [
          57,
          58
        ],
        "15": [
          58,
          65
        ],
        "16": [
          65,
          67
        ],
        "14": [
          67,
          68
        ],
        "18": [
          68,
          73
        ],
        "5": [
          73,
          75
        ],
        "11": [
          75,
          81
        ],
        "20": [
          81,
          89
        ],
        "17": [
          89,
          90
        ],
        "21": [
          90,
          94
        ],
        "19": [
          94,
          95
        ],
        "22": [
          95,
          95
        ]
      },
      "activity_order": [
        1,
        3,
        6,
        7,
        4,
        13,
        12,
        2,
        8,
        10,
        9,
        15,
        16,
        14,
        18,
        5,
        11,
        20,
        17,
        21,
        19,
        22
      ]
    },
    "LFT": {
      "makespan": 95,
      "execution_time": 0.0004172325134277344,
      "schedule": {
        "1": [
          0,
          0
        ],
        "3": [
          0,
          9
        ],
        "6": [
          9,
          17
        ],
        "7": [
          17,
          25
        ],
        "2": [
          25,
          26
        ],
        "4": [
          26,
          36
        ],
        "8": [
          36,
          37
        ],
        "9": [
          37,
          38
        ],
        "10": [
          38,
          41
        ],
        "13": [
          41,
          51
        ],
        "12": [
          51,
          58
        ],
        "14": [
          58,
          59
        ],
        "16": [
          59,
          61
        ],
        "5": [
          61,
          63
        ],
        "15": [
          63,
          70
        ],
        "18": [
          70,
          75
        ],
        "11": [
          75,
          81
        ],
        "17": [
          81,
          82
        ],
        "19": [
          82,
          83
        ],
        "20": [
          83,
          91
        ],
        "21": [
          91,
          95
        ],
        "22": [
          95,
          95
        ]
      },
      "activity_order": [
        1,
        3,
        6,
        7,
        2,
        4,
        8,
        9,
        10,
        13,
        12,
        14,
        16,
        5,
        15,
        18,
        11,
        17,
        19,
        20,
        21,
        22
      ]
    },
    "MTS": {
      "makespan": 95,
      "execution_time": 0.0004210472106933594,
      "schedule": {
        "1": [
          0,
          0
        ],
        "3": [
          0,
          9
        ],
        "6": [
          9,
          17
        ],
        "2": [
          17,
          18
        ],
        "4": [
          18,
          28
        ],
        "7": [
          28,
          36
        ],
        "10": [
          36,
          39
        ],
        "8": [
          39,
          40
        ],
        "13": [
          40,
          50
        ],
        "9": [
          50,
          51
        ],
        "12": [
          51,
          58
        ],
        "14": [
          58,
          59
        ],
        "16": [
          59,
          61
        ],
        "5": [
          61,
          63
        ],
        "11": [
          63,
          69
        ],
        "15": [
          69,
          76
        ],
        "17": [
          76,
          77
        ],
        "18": [
          77,
          82
        ],
        "19": [
          82,
          83
        ],
        "20": [
          83,
          91
        ],
        "21": [
          91,
          95
        ],
        "22": [
          95,
          95
        ]
      },
      "activity_order": [
        1,
        3,
        6,
        2,
        4,
        7,
        10,
        8,
        13,
        9,
        12,
        14,
        16,
        5,
        11,
        15,
        17,
        18,
        19,
        20,
        21,
        22
      ]
    },
    "TIMROS": {
      "makespan": 95,
      "execution_time": 0.0003845691680908203,
      "schedule": {
        "1": [
          0,
          0
        ],
        "4": [
          0,
          10
        ],
        "3": [
          10,
          19
        ],
        "6": [
          19,
          27
        ],
        "7": [
          27,
          35
        ],
        "13": [
          35,
          45
        ],
        "12": [
          45,
          52
        ],
        "5": [
          52,
          54
        ],
        "16": [
          54,
          56
        ],
        "2": [
          56,
          57
        ],
        "10": [
          57,
          60
        ],
        "11": [
          60,
          66
        ],
        "8": [
          66,
          67
        ],
        "9": [
          67,
          68
        ],
        "15": [
          68,
          75
        ],
        "14": [
          75,
          76
        ],
        "18": [
          76,
          81
        ],
        "20": [
          81,
          89
        ],
        "17": [
          89,
          90
        ],
        "21": [
          90,
          94
        ],
        "19": [
          94,
          95
        ],
        "22": [
          95,
          95
        ]
      },
      "activity_order": [
        1,
        4,
        3,
        6,
        7,
        13,
        12,
        5,
        16,
        2,
        10,
        11,
        8,
        9,
        15,
        14,
        18,
        20,
        17,
        21,
        19,
        22
      ]
    },