{
  "instance": "inst_set1a_sf0.75_nc2.1_n20_m20_02",
  "results": {
    "HRPW*": {
      "makespan": 68,
      "execution_time": 0.0002665519714355469,
      "schedule": {
        "1": [
          0,
          0
        ],
        "4": [
          0,
          8
        ],
        "2": [
          8,
          13
        ],
        "7": [
          13,
          15
        ],
        "3": [
          13,
          19
        ],
        "6": [
          8,
          17
        ],
        "8": [
          15,
          23
        ],
        "5": [
          23,
          30
        ],
        "10": [
          19,
          29
        ],
        "13": [
          23,
          33
        ],
        "9": [
          30,
          33
        ],
        "17": [
          33,
          37
        ],
        "12": [
          33,
          43
        ],
        "11": [
          33,
          42
        ],
        "18": [
          37,
          47
        ],
        "14": [
          47,
          49
        ],
        "15": [
          49,
          52
        ],
        "16": [
          43,
          46
        ],
        "19": [
          52,
          61
        ],
        "20": [
          52,
          59
        ],
        "21": [
          61,
          68
        ],
        "22": [
          68,
          68
        ]
      },
      "activity_order": [
        1,
        4,
        2,
        7,
        3,
        6,
        8,
        5,
        10,
        13,
        9,
        17,
        12,
        11,
        18,
        14,
        15,
        16,
        19,
        20,
        21,
        22
      ]
    },
    "LST": {
      "makespan": 68,
      "execution_time": 0.0002722740173339844,
      "schedule": {
        "1": [
          0,
          0
        ],
        "4": [
          0,
          8
        ],
        "2": [
          8,
          13
        ],
        "7": [
          13,
          15
        ],
        "3": [
          13,
          19
        ],
        "6": [
          8,
          17
        ],
        "8": [
          15,
          23
        ],
        "5": [
          23,
          30
        ],
        "10": [
          19,
          29
        ],
        "13": [
          23,
          33
        ],
        "9": [
          30,
          33
        ],
        "17": [
          33,
          37
        ],
        "12": [
          33,
          43
        ],
        "11": [
          33,
          42
        ],
        "18": [
          37,
          47
        ],
        "14": [
          47,
          49
        ],
        "15": [
          49,
          52
        ],
        "16": [
          43,
          46
        ],
        "19": [
          52,
          61
        ],
        "20": [
          52,
          59
        ],
        "21": [
          61,
          68
        ],
        "22": [
          68,
          68
        ]
      },
      "activity_order": [
        1,
        4,
        2,
        7,
        3,
        6,
        8,
        5,
        10,
        13,
        9,
        17,
        12,
        11,
        18,
        14,
        15,
        16,
        19,
        20,
        21,
        22
      ]
    },
    "LFT": {
      "makespan": 58,
      "execution_time": 0.00026226043701171875,
      "schedule": {
        "1": [
          0,
          0
        ],
        "2": [
          0,
          5
        ],
        "4": [
          5,
          13
        ],
        "7": [
          5,
          7
        ],
        "3": [
          13,
          19
        ],
        "6": [
          13,
          22
        ],
        "8": [
          7,
          15
        ],
        "5": [
          19,
          26
        ],
        "9": [
          26,
          29
        ],
        "10": [
          22,
          32
        ],
        "13": [
          15,
          25
        ],
        "17": [
          26,
          30
        ],
        "11": [
          29,
          38
        ],
        "12": [
          29,
          39
        ],
        "14": [
          32,
          34
        ],
        "15": [
          39,
          42
        ],
        "16": [
          39,
          42
        ],
        "18": [
          34,
          44
        ],
        "19": [
          42,
          51
        ],
        "20": [
          42,
          49
        ],
        "21": [
          51,
          58
        ],
        "22": [
          58,
          58
        ]
      },
      "activity_order": [
        1,
        2,
        4,
        7,
        3,
        6,
        8,
        5,
        9,
        10,
        13,
        17,
        11,
        12,
        14,
        15,
        16,
        18,
        19,
        20,
        21,
        22
      ]
    },
    "MTS": {
      "makespan": 60,
      "execution_time": 0.00027060508728027344,
      "schedule": {
        "1": [
          0,
          0
        ],
        "2": [
          0,
          5
        ],
        "3": [
          5,
          11
        ],
        "4": [
          11,
          19
        ],
        "7": [
          5,
          7
        ],
        "5": [
          11,
          18
        ],
        "8": [
          18,
          26
        ],
        "6": [
          19,
          28
        ],
        "9": [
          28,
          31
        ],
        "13": [
          26,
          36
        ],
        "10": [
          28,
          38
        ],
        "11": [
          31,
          40
        ],
        "12": [
          31,
          41
        ],
        "14": [
          38,
          40
        ],
        "17": [
          36,
          40
        ],
        "15": [
          41,
          44
        ],
        "16": [
          41,
          44
        ],
        "18": [
          40,
          50
        ],
        "19": [
          44,
          53
        ],
        "20": [
          44,
          51
        ],
        "21": [
          53,
          60
        ],
        "22": [
          60,
          60
        ]
      },
      "activity_order": [
        1,
        2,
        3,
        4,
        7,
        5,
        8,
        6,
        9,
        13,
        10,
        11,
        12,
        14,
        17,
        15,
        16,
        18,
        19,
        20,
        21,
        22
      ]
    },
    "TIMROS": {
      "makespan": 85,
      "execution_time": 0.00030112266540527344,
      "schedule": {
        "1": [
          0,
          0
        ],
        "4": [
          0,
          8
        ],
        "6": [
          8,
          17
        ],
        "3": [
          8,
          14
        ],
        "2": [
          14,
          19
        ],
        "5": [
          19,
          26
        ],
        "9": [
          26,
          29
        ],
        "12": [
          29,
          39
        ],
        "7": [
          39,
          41
        ],
        "8": [
          41,
          49
        ],
        "11": [
          49,
          58
        ],
        "13": [
          49,
          59
        ],
        "19": [
          59,
          68
        ],
        "10": [
          41,
          51
        ],
        "17": [
          59,
          63
        ],
        "18": [
          63,
          73
        ],
        "16": [
          63,
          66
        ],
        "14": [
          73,
          75
        ],
        "15": [
          75,
          78
        ],
        "20": [
          78,
          85
        ],
        "21": [
          78,
          85
        ],
        "22": [
          85,
          85
        ]
      },
      "activity_order": [
        1,
        4,
        6,
        3,
        2,
        5,
        9,
        12,
        7,
        8,
        11,
        13,
        19,
        10,
        17,
        18,
        16,
        14,
        15,
        20,
        21,
        22
      ]
    },
    "HRU1": {
      "makespan": 65,