{
  "instance": "inst_set1a_sf0.5_nc1.5_n20_m13_01",
  "results": {
    "HRPW*": {
      "makespan": 73,
      "execution_time": 0.00025200843811035156,
      "schedule": {
        "1": [
          0,
          0
        ],
        "2": [
          0,
          5
        ],
        "3": [
          0,
          6
        ],
        "7": [
          5,
          14
        ],
        "8": [
          14,
          20
        ],
        "5": [
          6,
          16
        ],
        "9": [
          20,
          27
        ],
        "10": [
          27,
          37
        ],
        "4": [
          16,
          20
        ],
        "13": [
          37,
          43
        ],
        "15": [
          43,
          48
        ],
        "11": [
          27,
          29
        ],
        "17": [
          48,
          52
        ],
        "16": [
          52,
          56
        ],
        "14": [
          56,
          59
        ],
        "18": [
          52,
          54
        ],
        "20": [
          56,
          63
        ],
        "21": [
          59,
          65
        ],
        "6": [
          65,
          69
        ],
        "12": [
          69,
          72
        ],
        "19": [
          72,
          73
        ],
        "22": [
          73,
          73
        ]
      },
      "activity_order": [
        1,
        2,
        3,
        7,
        8,
        5,
        9,
        10,
        4,
        13,
        15,
        11,
        17,
        16,
        14,
        18,
        20,
        21,
        6,
        12,
        19,
        22
      ]
    },
    "LST": {
      "makespan": 73,
      "execution_time": 0.0002453327178955078,
      "schedule": {
        "1": [
          0,
          0
        ],
        "2": [
          0,
          5
        ],
        "3": [
          0,
          6
        ],
        "7": [
          5,
          14
        ],
        "8": [
          14,
          20
        ],
        "5": [
          6,
          16
        ],
        "9": [
          20,
          27
        ],
        "10": [
          27,
          37
        ],
        "4": [
          16,
          20
        ],
        "13": [
          37,
          43
        ],
        "15": [
          43,
          48
        ],
        "11": [
          27,
          29
        ],
        "17": [
          48,
          52
        ],
        "16": [
          52,
          56
        ],
        "14": [
          56,
          59
        ],
        "18": [
          52,
          54
        ],
        "20": [
          56,
          63
        ],
        "21": [
          59,
          65
        ],
        "6": [
          65,
          69
        ],
        "12": [
          69,
          72
        ],
        "19": [
          72,
          73
        ],
        "22": [
          73,
          73
        ]
      },
      "activity_order": [
        1,
        2,
        3,
        7,
        8,
        5,
        9,
        10,
        4,
        13,
        15,
        11,
        17,
        16,
        14,
        18,
        20,
        21,
        6,
        12,
        19,
        22
      ]
    },
    "LFT": {
      "makespan": 65,
      "execution_time": 0.00024771690368652344,
      "schedule": {
        "1": [
          0,
          0
        ],
        "2": [
          0,
          5
        ],
        "3": [
          0,
          6
        ],
        "8": [
          5,
          11
        ],
        "7": [
          11,
          20
        ],
        "4": [
          0,
          4
        ],
        "9": [
          20,
          27
        ],
        "5": [
          6,
          16
        ],
        "11": [
          27,
          29
        ],
        "13": [
          27,
          33
        ],
        "10": [
          33,
          43
        ],
        "15": [
          43,
          48
        ],
        "17": [
          48,
          52
        ],
        "16": [
          52,
          56
        ],
        "18": [
          52,
          54
        ],
        "14": [
          56,
          59
        ],
        "6": [
          29,
          33
        ],
        "12": [
          43,
          46
        ],
        "19": [
          59,
          60
        ],
        "20": [
          56,
          63
        ],
        "21": [
          59,
          65
        ],
        "22": [
          65,
          65
        ]
      },
      "activity_order": [
        1,
        2,
        3,
        8,
        7,
        4,
        9,
        5,
        11,
        13,
        10,
        15,
        17,
        16,
        18,
        14,
        6,
        12,
        19,
        20,
        21,
        22
      ]
    },
    "MTS": {
      "makespan": 66,
      "execution_time": 0.00025343894958496094,
      "schedule": {
        "1": [
          0,
          0
        ],
        "2": [
          0,
          5
        ],
        "3": [
          0,
          6
        ],
        "8": [
          5,
          11
        ],
        "4": [
          0,
          4
        ],
        "10": [
          11,
          21
        ],
        "7": [
          21,
          30
        ],
        "9": [
          30,
          37
        ],
        "15": [
          37,
          42
        ],
        "17": [
          42,
          46
        ],
        "5": [
          6,
          16
        ],
        "11": [
          37,
          39
        ],
        "13": [
          46,
          52
        ],
        "18": [
          46,
          48
        ],
        "6": [
          39,
          43
        ],
        "12": [
          43,
          46
        ],
        "14": [
          52,
          55
        ],
        "16": [
          55,
          59
        ],
        "19": [
          59,
          60
        ],
        "20": [
          59,
          66
        ],
        "21": [
          55,
          61
        ],
        "22": [
          66,
          66
        ]
      },
      "activity_order": [
        1,
        2,
        3,
        8,
        4,
        10,
        7,
        9,
        15,
        17,
        5,
        11,
        13,
        18,
        6,
        12,
        14,
        16,
        19,
        20,
        21,
        22
      ]
    },
    "TIMROS": {
      "makespan": 71,
      "execution_time": 0.00024247169494628906,
      "schedule": {
        "1": [
          0,
          0
        ],
        "3": [
          0,
          6
        ],
        "5": [
          6,
          16
        ],
        "9": [
          6,
          13
        ],
        "4": [
          16,
          20
        ],
        "2": [
          13,
          18
        ],
        "6": [
          18,
          22
        ],
        "7": [
          18,
          27
        ],
        "8": [
          27,
          33
        ],
        "10": [
          33,
          43
        ],
        "12": [
          43,
          46
        ],
        "11": [
          46,
          48
        ],
        "13": [
          43,
          49
        ],
        "15": [
          49,
          54
        ],
        "16": [
          54,
          58
        ],
        "17": [
          58,
          62
        ],
        "14": [
          62,
          65
        ],
        "18": [
          62,
          64
        ],
        "21": [
          65,
          71
        ],
        "20": [
          64,
          71
        ],
        "19": [
          65,
          66
        ],
        "22": [
          71,
          71
        ]
      },
      "activity_order": [
        1,
        3,
        5,
        9,
        4,
        2,
        6,
        7,
        8,
        10,
        12,
        11,
        13,
        15,
        16,
        17,
        14,
        18,
        21,
        20,
        19,
        22
      ]
    },
    "HRU1": {
      "makespan": 68,