{
  "instance": "inst_set1a_sf1_nc1.8_n20_m25_05",
  "results": {
    "HRPW*": {
      "makespan": 103,
      "execution_time": 0.00031757354736328125,
      "schedule": {
        "1": [
          0,
          0
        ],
        "2": [
          0,
          6
        ],
        "7": [
          6,
          15
        ],
        "4": [
          15,
          18
        ],
        "3": [
          18,
          19
        ],
        "5": [
          19,
          28
        ],
        "10": [
          28,
          36
        ],
        "12": [
          36,
          42
        ],
        "14": [
          42,
          48
        ],
        "6": [
          48,
          56
        ],
        "9": [
          56,
          60
        ],
        "11": [
          60,
          65
        ],
        "13": [
          65,
          68
        ],
        "15": [
          68,
          73
        ],
        "18": [
          73,
          78
        ],
        "8": [
          78,
          80
        ],
        "17": [
          80,
          81
        ],
        "20": [
          81,
          91
        ],
        "16": [
          91,
          92
        ],
        "21": [
          92,
          100
        ],
        "19": [
          100,
          103
        ],
        "22": [
          103,
          103
        ]
      },
      "activity_order": [
        1,
        2,
        7,
        4,
        3,
        5,
        10,
        12,
        14,
        6,
        9,
        11,
        13,
        15,
        18,
        8,
        17,
        20,
        16,
        21,
        19,
        22
      ]
    },
    "LST": {
      "makespan": 103,
      "execution_time": 0.0003116130828857422,
      "schedule": {
        "1": [
          0,
          0
        ],
        "2": [
          0,
          6
        ],
        "7": [
          6,
          15
        ],
        "4": [
          15,
          18
        ],
        "3": [
          18,
          19
        ],
        "5": [
          19,
          28
        ],
        "10": [
          28,
          36
        ],
        "12": [
          36,
          42
        ],
        "14": [
          42,
          48
        ],
        "6": [
          48,
          56
        ],
        "9": [
          56,
          60
        ],
        "11": [
          60,
          65
        ],
        "13": [
          65,
          68
        ],
        "15": [
          68,
          73
        ],
        "18": [
          73,
          78
        ],
        "8": [
          78,
          80
        ],
        "17": [
          80,
          81
        ],
        "20": [
          81,
          91
        ],
        "16": [
          91,
          92
        ],
        "21": [
          92,
          100
        ],
        "19": [
          100,
          103
        ],
        "22": [
          103,
          103
        ]
      },
      "activity_order": [
        1,
        2,
        7,
        4,
        3,
        5,
        10,
        12,
        14,
        6,
        9,
        11,
        13,
        15,
        18,
        8,
        17,
        20,
        16,
        21,
        19,
        22
      ]
    },
    "LFT": {
      "makespan": 103,
      "execution_time": 0.0003044605255126953,
      "schedule": {
        "1": [
          0,
          0
        ],
        "2": [
          0,
          6
        ],
        "3": [
          6,
          7
        ],
        "4": [
          7,
          10
        ],
        "7": [
          10,
          19
        ],
        "5": [
          19,
          28
        ],
        "10": [
          28,
          36
        ],
        "12": [
          36,
          42
        ],
        "9": [
          42,
          46
        ],
        "14": [
          46,
          52
        ],
        "6": [
          52,
          60
        ],
        "13": [
          60,
          63
        ],
        "11": [
          63,
          68
        ],
        "15": [
          68,
          73
        ],
        "17": [
          73,
          74
        ],
        "8": [
          74,
          76
        ],
        "16": [
          76,
          77
        ],
        "18": [
          77,
          82
        ],
        "19": [
          82,
          85
        ],
        "20": [
          85,
          95
        ],
        "21": [
          95,
          103
        ],
        "22": [
          103,
          103
        ]
      },
      "activity_order": [
        1,
        2,
        3,
        4,
        7,
        5,
        10,
        12,
        9,
        14,
        6,
        13,
        11,
        15,
        17,
        8,
        16,
        18,
        19,
        20,
        21,
        22
      ]
    },
    "MTS": {
      "makespan": 103,
      "execution_time": 0.0003552436828613281,
      "schedule": {
        "1": [
          0,
          0
        ],
        "2": [
          0,
          6
        ],
        "3": [
          6,
          7
        ],
        "4": [
          7,
          10
        ],
        "7": [
          10,
          19
        ],
        "5": [
          19,
          28
        ],
        "10": [
          28,
          36
        ],
        "12": [
          36,
          42
        ],
        "14": [
          42,
          48
        ],
        "9": [
          48,
          52
        ],
        "11": [
          52,
          57
        ],
        "6": [
          57,
          65
        ],
        "13": [
          65,
          68
        ],
        "15": [
          68,
          73
        ],
        "8": [
          73,
          75
        ],
        "17": [
          75,
          76
        ],
        "16": [
          76,
          77
        ],
        "18": [
          77,
          82
        ],
        "19": [
          82,
          85
        ],
        "20": [
          85,
          95
        ],
        "21": [
          95,
          103
        ],
        "22": [
          103,
          103
        ]
      },
      "activity_order": [
        1,
        2,
        3,
        4,
        7,
        5,
        10,
        12,
        14,
        9,
        11,
        6,
        13,
        15,
        8,
        17,
        16,
        18,
        19,
        20,
        21,
        22
      ]
    },
    "TIMROS": {
      "makespan": 103,
      "execution_time": 0.0004208087921142578,
      "schedule": {
        "1": [
          0,
          0
        ],
        "2": [
          0,
          6
        ],
        "7": [
          6,
          15
        ],
        "12": [
          15,
          21
        ],
        "11": [
          21,
          26
        ],
        "9": [
          26,
          30
        ],
        "4": [
          30,
          33
        ],
        "10": [
          33,
          41
        ],
        "8": [
          41,
          43
        ],
        "3": [
          43,
          44
        ],
        "5": [
          44,
          53
        ],
        "6": [
          53,
          61
        ],
        "14": [
          61,
          67
        ],
        "15": [
          67,
          72
        ],
        "13": [
          72,
          75
        ],
        "18": [
          75,
          80
        ],
        "19": [
          80,
          83
        ],
        "16": [
          83,
          84
        ],
        "17": [
          84,
          85
        ],
        "20": [
          85,
          95
        ],
        "21": [
          95,
          103
        ],
        "22": [
          103,
          103
        ]
      },
      "activity_order": [
        1,
        2,
        7,
        12,
        11,
        9,
        4,
        10,
        8,
        3,
        5,
        6,
        14,
        15,
        13,
        18,
        19,
        16,
        17,
        20,
        21,
        22
      ]
    },