{
  "instance": "inst_set1a_sf0_nc2.1_n20_m25_04",
  "results": {
    "HRPW*": {
      "makespan": 114,
      "execution_time": 4.076957702636719e-05,
      "schedule": {
        "1": [
          0,
          0
        ],
        "2": [
          0,
          10
        ],
        "5": [
          10,
          18
        ],
        "4": [
          18,
          21
        ],
        "6": [
          21,
          31
        ],
        "8": [
          31,
          40
        ],
        "7": [
          40,
          50
        ],
        "3": [
          50,
          53
        ],
        "10": [
          53,
          55
        ],
        "12": [
          55,
          63
        ],
        "11": [
          63,
          67
        ],
        "9": [
          67,
          74
        ],
        "13": [
          74,
          81
        ],
        "14": [
          81,
          86
        ],
        "15": [
          86,
          87
        ],
        "18": [
          87,
          89
        ],
        "16": [
          89,
          96
        ],
        "17": [
          96,
          103
        ],
        "21": [
          103,
          110
        ],
        "20": [
          110,
          113
        ],
        "19": [
          113,
          114
        ],
        "22": [
          114,
          114
        ]
      },
      "activity_order": [
        1,
        2,
        5,
        4,
        6,
        8,
        7,
        3,
        10,
        12,
        11,
        9,
        13,
        14,
        15,
        18,
        16,
        17,
        21,
        20,
        19,
        22
      ]
    },
    "LST": {
      "makespan": 114,
      "execution_time": 3.9577484130859375e-05,
      "schedule": {
        "1": [
          0,
          0
        ],
        "2": [
          0,
          10
        ],
        "5": [
          10,
          18
        ],
        "4": [
          18,
          21
        ],
        "6": [
          21,
          31
        ],
        "8": [
          31,
          40
        ],
        "7": [
          40,
          50
        ],
        "3": [
          50,
          53
        ],
        "10": [
          53,
          55
        ],
        "12": [
          55,
          63
        ],
        "11": [
          63,
          67
        ],
        "9": [
          67,
          74
        ],
        "13": [
          74,
          81
        ],
        "14": [
          81,
          86
        ],
        "15": [
          86,
          87
        ],
        "18": [
          87,
          89
        ],
        "16": [
          89,
          96
        ],
        "17": [
          96,
          103
        ],
        "21": [
          103,
          110
        ],
        "20": [
          110,
          113
        ],
        "19": [
          113,
          114
        ],
        "22": [
          114,
          114
        ]
      },
      "activity_order": [
        1,
        2,
        5,
        4,
        6,
        8,
        7,
        3,
        10,
        12,
        11,
        9,
        13,
        14,
        15,
        18,
        16,
        17,
        21,
        20,
        19,
        22
      ]
    },
    "LFT": {
      "makespan": 114,
      "execution_time": 4.029273986816406e-05,
      "schedule": {
        "1": [
          0,
          0
        ],
        "2": [
          0,
          10
        ],
        "4": [
          10,
          13
        ],
        "5": [
          13,
          21
        ],
        "3": [
          21,
          24
        ],
        "6": [
          24,
          34
        ],
        "8": [
          34,
          43
        ],
        "7": [
          43,
          53
        ],
        "10": [
          53,
          55
        ],
        "11": [
          55,
          59
        ],
        "12": [
          59,
          67
        ],
        "9": [
          67,
          74
        ],
        "13": [
          74,
          81
        ],
        "14": [
          81,
          86
        ],
        "15": [
          86,
          87
        ],
        "18": [
          87,
          89
        ],
        "16": [
          89,
          96
        ],
        "17": [
          96,
          103
        ],
        "19": [
          103,
          104
        ],
        "20": [
          104,
          107
        ],
        "21": [
          107,
          114
        ],
        "22": [
          114,
          114
        ]
      },
      "activity_order": [
        1,
        2,
        4,
        5,
        3,
        6,
        8,
        7,
        10,
        11,
        12,
        9,
        13,
        14,
        15,
        18,
        16,
        17,
        19,
        20,
        21,
        22
      ]
    },
    "MTS": {
      "makespan": 114,
      "execution_time": 4.0531158447265625e-05,
      "schedule": {
        "1": [
          0,
          0
        ],
        "4": [
          0,
          3
        ],
        "2": [
          3,
          13
        ],
        "3": [
          13,
          16
        ],
        "5": [
          16,
          24
        ],
        "6": [
          24,
          34
        ],
        "7": [
          34,
          44
        ],
        "8": [
          44,
          53
        ],
        "10": [
          53,
          55
        ],
        "9": [
          55,
          62
        ],
        "11": [
          62,
          66
        ],
        "12": [
          66,
          74
        ],
        "14": [
          74,
          79
        ],
        "15": [
          79,
          80
        ],
        "13": [
          80,
          87
        ],
        "18": [
          87,
          89
        ],
        "16": [
          89,
          96
        ],
        "17": [
          96,
          103
        ],
        "19": [
          103,
          104
        ],
        "20": [
          104,
          107
        ],
        "21": [
          107,
          114
        ],
        "22": [
          114,
          114
        ]
      },
      "activity_order": [
        1,
        4,
        2,
        3,
        5,
        6,
        7,
        8,
        10,
        9,
        11,
        12,
        14,
        15,
        13,
        18,
        16,
        17,
        19,
        20,
        21,
        22
      ]
    },
    "TIMROS": {
      "makespan": 114,
      "execution_time": 4.172325134277344e-05,
      "schedule": {
        "1": [
          0,
          0
        ],
        "2": [
          0,
          10
        ],
        "4": [
          10,
          13
        ],
        "6": [
          13,
          23
        ],
        "7": [
          23,
          33
        ],
        "11": [
          33,
          37
        ],
        "5": [
          37,
          45
        ],
        "8": [
          45,
          54
        ],
        "3": [
          54,
          57
        ],
        "9": [
          57,
          64
        ],
        "15": [
          64,
          65
        ],
        "10": [
          65,
          67
        ],
        "12": [
          67,
          75
        ],
        "13": [
          75,
          82
        ],
        "14": [
          82,
          87
        ],
        "16": [
          87,
          94
        ],
        "17": [
          94,
          101
        ],
        "20": [
          101,
          104
        ],
        "18": [
          104,
          106
        ],
        "21": [
          106,
          113
        ],
        "19": [
          113,
          114
        ],
        "22": [
          114,
          114
        ]
      },