{
  "instance": "inst_set1a_sf0.75_nc1.5_n20_m25_02",
  "results": {
    "HRPW*": {
      "makespan": 75,
      "execution_time": 0.00037550926208496094,
      "schedule": {
        "1": [
          0,
          0
        ],
        "2": [
          0,
          7
        ],
        "4": [
          7,
          10
        ],
        "8": [
          10,
          13
        ],
        "6": [
          10,
          16
        ],
        "10": [
          13,
          22
        ],
        "5": [
          13,
          18
        ],
        "9": [
          22,
          29
        ],
        "3": [
          10,
          20
        ],
        "7": [
          18,
          20
        ],
        "11": [
          29,
          36
        ],
        "12": [
          36,
          42
        ],
        "15": [
          20,
          27
        ],
        "14": [
          42,
          44
        ],
        "16": [
          44,
          48
        ],
        "17": [
          48,
          58
        ],
        "13": [
          29,
          31
        ],
        "18": [
          58,
          68
        ],
        "20": [
          68,
          75
        ],
        "21": [
          48,
          55
        ],
        "19": [
          42,
          44
        ],
        "22": [
          75,
          75
        ]
      },
      "activity_order": [
        1,
        2,
        4,
        8,
        6,
        10,
        5,
        9,
        3,
        7,
        11,
        12,
        15,
        14,
        16,
        17,
        13,
        18,
        20,
        21,
        19,
        22
      ]
    },
    "LST": {
      "makespan": 75,
      "execution_time": 0.00036406517028808594,
      "schedule": {
        "1": [
          0,
          0
        ],
        "2": [
          0,
          7
        ],
        "4": [
          7,
          10
        ],
        "8": [
          10,
          13
        ],
        "6": [
          10,
          16
        ],
        "10": [
          13,
          22
        ],
        "5": [
          13,
          18
        ],
        "9": [
          22,
          29
        ],
        "3": [
          10,
          20
        ],
        "7": [
          18,
          20
        ],
        "11": [
          29,
          36
        ],
        "12": [
          36,
          42
        ],
        "15": [
          20,
          27
        ],
        "14": [
          42,
          44
        ],
        "16": [
          44,
          48
        ],
        "17": [
          48,
          58
        ],
        "13": [
          29,
          31
        ],
        "18": [
          58,
          68
        ],
        "20": [
          68,
          75
        ],
        "21": [
          48,
          55
        ],
        "19": [
          42,
          44
        ],
        "22": [
          75,
          75
        ]
      },
      "activity_order": [
        1,
        2,
        4,
        8,
        6,
        10,
        5,
        9,
        3,
        7,
        11,
        12,
        15,
        14,
        16,
        17,
        13,
        18,
        20,
        21,
        19,
        22
      ]
    },
    "LFT": {
      "makespan": 63,
      "execution_time": 0.00036406517028808594,
      "schedule": {
        "1": [
          0,
          0
        ],
        "4": [
          0,
          3
        ],
        "8": [
          3,
          6
        ],
        "2": [
          3,
          10
        ],
        "5": [
          10,
          15
        ],
        "6": [
          3,
          9
        ],
        "7": [
          15,
          17
        ],
        "9": [
          6,
          13
        ],
        "10": [
          13,
          22
        ],
        "3": [
          10,
          20
        ],
        "11": [
          17,
          24
        ],
        "12": [
          24,
          30
        ],
        "14": [
          30,
          32
        ],
        "15": [
          20,
          27
        ],
        "16": [
          32,
          36
        ],
        "13": [
          22,
          24
        ],
        "17": [
          36,
          46
        ],
        "18": [
          46,
          56
        ],
        "19": [
          30,
          32
        ],
        "20": [
          56,
          63
        ],
        "21": [
          36,
          43
        ],
        "22": [
          63,
          63
        ]
      },
      "activity_order": [
        1,
        4,
        8,
        2,
        5,
        6,
        7,
        9,
        10,
        3,
        11,
        12,
        14,
        15,
        16,
        13,
        17,
        18,
        19,
        20,
        21,
        22
      ]
    },
    "MTS": {
      "makespan": 63,
      "execution_time": 0.0003752708435058594,
      "schedule": {
        "1": [
          0,
          0
        ],
        "4": [
          0,
          3
        ],
        "2": [
          3,
          10
        ],
        "8": [
          3,
          6
        ],
        "5": [
          10,
          15
        ],
        "6": [
          3,
          9
        ],
        "7": [
          15,
          17
        ],
        "9": [
          6,
          13
        ],
        "10": [
          13,
          22
        ],
        "11": [
          17,
          24
        ],
        "12": [
          24,
          30
        ],
        "3": [
          10,
          20
        ],
        "14": [
          30,
          32
        ],
        "15": [
          20,
          27
        ],
        "16": [
          32,
          36
        ],
        "13": [
          22,
          24
        ],
        "17": [
          36,
          46
        ],
        "18": [
          46,
          56
        ],
        "19": [
          30,
          32
        ],
        "20": [
          56,
          63
        ],
        "21": [
          36,
          43
        ],
        "22": [
          63,
          63
        ]
      },
      "activity_order": [
        1,
        4,
        2,
        8,
        5,
        6,
        7,
        9,
        10,
        11,
        12,
        3,
        14,
        15,
        16,
        13,
        17,
        18,
        19,
        20,
        21,
        22
      ]
    },
    "TIMROS": {
      "makespan": 82,
      "execution_time": 0.000408172607421875,
      "schedule": {
        "1": [
          0,
          0
        ],
        "3": [
          0,
          10
        ],
        "15": [
          10,
          17
        ],
        "2": [
          10,
          17
        ],
        "5": [
          17,
          22
        ],
        "13": [
          17,
          19
        ],
        "4": [
          17,
          20
        ],
        "6": [
          20,
          26
        ],
        "8": [
          22,
          25
        ],
        "10": [
          25,
          34
        ],
        "9": [
          34,
          41
        ],
        "12": [
          34,
          40
        ],
        "7": [
          40,
          42
        ],
        "11": [
          42,
          49
        ],
        "19": [
          49,
          51
        ],
        "14": [
          49,
          51
        ],
        "16": [
          51,
          55
        ],
        "17": [
          55,
          65
        ],
        "18": [
          65,
          75
        ],
        "20": [
          75,
          82
        ],
        "21": [
          55,
          62
        ],
        "22": [
          82,
          82
        ]
      },
      "activity_order": [
        1,
        3,
        15,
        2,
        5,
        13,
        4,
        6,
        8,
        10,
        9,
        12,
        7,
        11,
        19,
        14,
        16,
        17,
        18,
        20,
        21,
        22
      ]
    },
    "HRU1": {
      "makespan": 78,