{
  "instance": "inst_set1a_sf0.5_nc1.8_n20_m13_03",
  "results": {
    "HRPW*": {
      "makespan": 73,
      "execution_time": 3.8623809814453125e-05,
      "schedule": {
        "1": [
          0,
          0
        ],
        "3": [
          0,
          2
        ],
        "7": [
          2,
          4
        ],
        "2": [
          4,
          9
        ],
        "9": [
          9,
          12
        ],
        "12": [
          12,
          19
        ],
        "6": [
          19,
          26
        ],
        "8": [
          26,
          30
        ],
        "5": [
          30,
          31
        ],
        "13": [
          31,
          35
        ],
        "10": [
          35,
          40
        ],
        "11": [
          40,
          45
        ],
        "14": [
          45,
          47
        ],
        "16": [
          47,
          53
        ],
        "15": [
          53,
          57
        ],
        "4": [
          57,
          58
        ],
        "19": [
          58,
          65
        ],
        "17": [
          65,
          66
        ],
        "18": [
          66,
          67
        ],
        "21": [
          67,
          72
        ],
        "20": [
          72,
          73
        ],
        "22": [
          73,
          73
        ]
      },
      "activity_order": [
        1,
        3,
        7,
        2,
        9,
        12,
        6,
        8,
        5,
        13,
        10,
        11,
        14,
        16,
        15,
        4,
        19,
        17,
        18,
        21,
        20,
        22
      ]
    },
    "LST": {
      "makespan": 73,
      "execution_time": 3.6716461181640625e-05,
      "schedule": {
        "1": [
          0,
          0
        ],
        "3": [
          0,
          2
        ],
        "7": [
          2,
          4
        ],
        "2": [
          4,
          9
        ],
        "9": [
          9,
          12
        ],
        "12": [
          12,
          19
        ],
        "6": [
          19,
          26
        ],
        "8": [
          26,
          30
        ],
        "5": [
          30,
          31
        ],
        "13": [
          31,
          35
        ],
        "10": [
          35,
          40
        ],
        "11": [
          40,
          45
        ],
        "14": [
          45,
          47
        ],
        "16": [
          47,
          53
        ],
        "15": [
          53,
          57
        ],
        "4": [
          57,
          58
        ],
        "19": [
          58,
          65
        ],
        "17": [
          65,
          66
        ],
        "18": [
          66,
          67
        ],
        "21": [
          67,
          72
        ],
        "20": [
          72,
          73
        ],
        "22": [
          73,
          73
        ]
      },
      "activity_order": [
        1,
        3,
        7,
        2,
        9,
        12,
        6,
        8,
        5,
        13,
        10,
        11,
        14,
        16,
        15,
        4,
        19,
        17,
        18,
        21,
        20,
        22
      ]
    },
    "LFT": {
      "makespan": 73,
      "execution_time": 3.647804260253906e-05,
      "schedule": {
        "1": [
          0,
          0
        ],
        "3": [
          0,
          2
        ],
        "7": [
          2,
          4
        ],
        "9": [
          4,
          7
        ],
        "2": [
          7,
          12
        ],
        "12": [
          12,
          19
        ],
        "5": [
          19,
          20
        ],
        "6": [
          20,
          27
        ],
        "8": [
          27,
          31
        ],
        "13": [
          31,
          35
        ],
        "10": [
          35,
          40
        ],
        "11": [
          40,
          45
        ],
        "14": [
          45,
          47
        ],
        "4": [
          47,
          48
        ],
        "15": [
          48,
          52
        ],
        "16": [
          52,
          58
        ],
        "17": [
          58,
          59
        ],
        "18": [
          59,
          60
        ],
        "19": [
          60,
          67
        ],
        "20": [
          67,
          68
        ],
        "21": [
          68,
          73
        ],
        "22": [
          73,
          73
        ]
      },
      "activity_order": [
        1,
        3,
        7,
        9,
        2,
        12,
        5,
        6,
        8,
        13,
        10,
        11,
        14,
        4,
        15,
        16,
        17,
        18,
        19,
        20,
        21,
        22
      ]
    },
    "MTS": {
      "makespan": 73,
      "execution_time": 3.600120544433594e-05,
      "schedule": {
        "1": [
          0,
          0
        ],
        "3": [
          0,
          2
        ],
        "7": [
          2,
          4
        ],
        "2": [
          4,
          9
        ],
        "9": [
          9,
          12
        ],
        "12": [
          12,
          19
        ],
        "8": [
          19,
          23
        ],
        "5": [
          23,
          24
        ],
        "10": [
          24,
          29
        ],
        "13": [
          29,
          33
        ],
        "6": [
          33,
          40
        ],
        "11": [
          40,
          45
        ],
        "14": [
          45,
          47
        ],
        "15": [
          47,
          51
        ],
        "4": [
          51,
          52
        ],
        "16": [
          52,
          58
        ],
        "17": [
          58,
          59
        ],
        "18": [
          59,
          60
        ],
        "19": [
          60,
          67
        ],
        "20": [
          67,
          68
        ],
        "21": [
          68,
          73
        ],
        "22": [
          73,
          73
        ]
      },
      "activity_order": [
        1,
        3,
        7,
        2,
        9,
        12,
        8,
        5,
        10,
        13,
        6,
        11,
        14,
        15,
        4,
        16,
        17,
        18,
        19,
        20,
        21,
        22
      ]
    },
    "TIMROS": {
      "makespan": 73,
      "execution_time": 3.790855407714844e-05,
      "schedule": {
        "1": [
          0,
          0
        ],
        "2": [
          0,
          5
        ],
        "6": [
          5,
          12
        ],
        "4": [
          12,
          13
        ],
        "3": [
          13,
          15
        ],
        "15": [
          15,
          19
        ],
        "7": [
          19,
          21
        ],
        "8": [
          21,
          25
        ],
        "9": [
          25,
          28
        ],
        "12": [
          28,
          35
        ],
        "10": [
          35,
          40
        ],
        "13": [
          40,
          44
        ],
        "19": [
          44,
          51
        ],
        "14": [
          51,
          53
        ],
        "17": [
          53,
          54
        ],
        "5": [
          54,
          55
        ],
        "11": [
          55,
          60
        ],
        "16": [
          60,
          66
        ],
        "18": [
          66,
          67
        ],
        "21": [
          67,
          72
        ],
        "20": [
          72,
          73
        ],
        "22": [
          73,
          73
        ]
      },
      "activity_order": [
        1,
        2,
        6,
        4,
        3,
        15,
        7,
        8,
        9,
        12,
        10,
        13,
        19,
        14,
        17,
        5,
        11,
        16,
        18,
        21,
        20,
        22
      ]
    },
    "HRU1": {
      "makespan": 73,