{
  "instance": "inst_set1a_sf0_nc1.5_n20_m10_01",
  "results": {
    "HRPW*": {
      "makespan": 97,
      "execution_time": 0.00014495849609375,
      "schedule": {
        "1": [
          0,
          0
        ],
        "2": [
          0,
          2
        ],
        "3": [
          2,
          9
        ],
        "4": [
          9,
          18
        ],
        "7": [
          18,
          24
        ],
        "8": [
          2,
          10
        ],
        "9": [
          24,
          32
        ],
        "6": [
          32,
          34
        ],
        "10": [
          34,
          42
        ],
        "13": [
          10,
          19
        ],
        "16": [
          42,
          50
        ],
        "11": [
          50,
          55
        ],
        "12": [
          55,
          62
        ],
        "18": [
          62,
          72
        ],
        "14": [
          55,
          58
        ],
        "15": [
          72,
          80
        ],
        "5": [
          80,
          81
        ],
        "17": [
          81,
          84
        ],
        "21": [
          84,
          94
        ],
        "19": [
          84,
          91
        ],
        "20": [
          94,
          97
        ],
        "22": [
          97,
          97
        ]
      },
      "activity_order": [
        1,
        2,
        3,
        4,
        7,
        8,
        9,
        6,
        10,
        13,
        16,
        11,
        12,
        18,
        14,
        15,
        5,
        17,
        21,
        19,
        20,
        22
      ]
    },
    "LST": {
      "makespan": 97,
      "execution_time": 0.0001697540283203125,
      "schedule": {
        "1": [
          0,
          0
        ],
        "2": [
          0,
          2
        ],
        "3": [
          2,
          9
        ],
        "4": [
          9,
          18
        ],
        "7": [
          18,
          24
        ],
        "8": [
          2,
          10
        ],
        "9": [
          24,
          32
        ],
        "6": [
          32,
          34
        ],
        "10": [
          34,
          42
        ],
        "13": [
          10,
          19
        ],
        "16": [
          42,
          50
        ],
        "11": [
          50,
          55
        ],
        "12": [
          55,
          62
        ],
        "18": [
          62,
          72
        ],
        "14": [
          55,
          58
        ],
        "15": [
          72,
          80
        ],
        "5": [
          80,
          81
        ],
        "17": [
          81,
          84
        ],
        "21": [
          84,
          94
        ],
        "19": [
          84,
          91
        ],
        "20": [
          94,
          97
        ],
        "22": [
          97,
          97
        ]
      },
      "activity_order": [
        1,
        2,
        3,
        4,
        7,
        8,
        9,
        6,
        10,
        13,
        16,
        11,
        12,
        18,
        14,
        15,
        5,
        17,
        21,
        19,
        20,
        22
      ]
    },
    "LFT": {
      "makespan": 97,
      "execution_time": 0.00015282630920410156,
      "schedule": {
        "1": [
          0,
          0
        ],
        "2": [
          0,
          2
        ],
        "3": [
          2,
          9
        ],
        "7": [
          9,
          15
        ],
        "4": [
          15,
          24
        ],
        "6": [
          24,
          26
        ],
        "8": [
          2,
          10
        ],
        "9": [
          26,
          34
        ],
        "10": [
          34,
          42
        ],
        "13": [
          10,
          19
        ],
        "16": [
          42,
          50
        ],
        "11": [
          50,
          55
        ],
        "12": [
          55,
          62
        ],
        "14": [
          55,
          58
        ],
        "5": [
          62,
          63
        ],
        "18": [
          63,
          73
        ],
        "15": [
          73,
          81
        ],
        "17": [
          81,
          84
        ],
        "19": [
          84,
          91
        ],
        "20": [
          84,
          87
        ],
        "21": [
          87,
          97
        ],
        "22": [
          97,
          97
        ]
      },
      "activity_order": [
        1,
        2,
        3,
        7,
        4,
        6,
        8,
        9,
        10,
        13,
        16,
        11,
        12,
        14,
        5,
        18,
        15,
        17,
        19,
        20,
        21,
        22
      ]
    },
    "MTS": {
      "makespan": 97,
      "execution_time": 0.0002079010009765625,
      "schedule": {
        "1": [
          0,
          0
        ],
        "2": [
          0,
          2
        ],
        "7": [
          2,
          8
        ],
        "3": [
          8,
          15
        ],
        "4": [
          15,
          24
        ],
        "6": [
          24,
          26
        ],
        "9": [
          26,
          34
        ],
        "10": [
          34,
          42
        ],
        "11": [
          42,
          47
        ],
        "16": [
          47,
          55
        ],
        "8": [
          2,
          10
        ],
        "12": [
          55,
          62
        ],
        "13": [
          10,
          19
        ],
        "14": [
          47,
          50
        ],
        "5": [
          62,
          63
        ],
        "15": [
          63,
          71
        ],
        "17": [
          71,
          74
        ],
        "18": [
          74,
          84
        ],
        "19": [
          74,
          81
        ],
        "20": [
          84,
          87
        ],
        "21": [
          87,
          97
        ],
        "22": [
          97,
          97
        ]
      },
      "activity_order": [
        1,
        2,
        7,
        3,
        4,
        6,
        9,
        10,
        11,
        16,
        8,
        12,
        13,
        14,
        5,
        15,
        17,
        18,
        19,
        20,
        21,
        22
      ]
    },
    "TIMROS": {
      "makespan": 100,
      "execution_time": 0.00015735626220703125,
      "schedule": {
        "1": [
          0,
          0
        ],
        "3": [
          0,
          7
        ],
        "12": [
          7,
          14
        ],
        "4": [
          14,
          23
        ],
        "2": [
          23,
          25
        ],
        "8": [
          25,
          33
        ],
        "13": [
          33,
          42
        ],
        "7": [
          25,
          31
        ],
        "9": [
          31,
          39
        ],
        "16": [
          39,
          47
        ],
        "20": [
          47,
          50
        ],
        "18": [
          50,
          60
        ],
        "6": [
          60,
          62
        ],
        "10": [
          62,
          70
        ],
        "11": [
          70,
          75
        ],
        "14": [
          75,
          78
        ],
        "15": [
          78,
          86
        ],
        "17": [
          86,
          89
        ],
        "19": [
          89,
          96
        ],
        "5": [
          89,
          90
        ],
        "21": [
          90,
          100
        ],
        "22": [
          100,
          100
        ]
      },
      "activity_order": [
        1,
        3,
        12,
        4,
        2,
        8,
        13,
        7,
        9,
        16,
        20,
        18,
        6,
        10,
        11,
        14,
        15,
        17,
        19,
        5,
        21,
        22
      ]
    },
    "HRU1": {
      "makespan": 97,