{
  "instance": "inst_set1a_sf0.75_nc2.1_n20_m25_02",
  "results": {
    "HRPW*": {
      "makespan": 103,
      "execution_time": 3.9577484130859375e-05,
      "schedule": {
        "1": [
          0,
          0
        ],
        "4": [
          0,
          6
        ],
        "2": [
          6,
          10
        ],
        "3": [
          10,
          12
        ],
        "9": [
          12,
          14
        ],
        "10": [
          14,
          24
        ],
        "6": [
          24,
          33
        ],
        "5": [
          33,
          38
        ],
        "11": [
          38,
          47
        ],
        "7": [
          47,
          52
        ],
        "13": [
          52,
          60
        ],
        "15": [
          60,
          67
        ],
        "8": [
          67,
          68
        ],
        "12": [
          68,
          74
        ],
        "14": [
          74,
          79
        ],
        "16": [
          79,
          80
        ],
        "17": [
          80,
          86
        ],
        "21": [
          86,
          94
        ],
        "18": [
          94,
          99
        ],
        "19": [
          99,
          101
        ],
        "20": [
          101,
          103
        ],
        "22": [
          103,
          103
        ]
      },
      "activity_order": [
        1,
        4,
        2,
        3,
        9,
        10,
        6,
        5,
        11,
        7,
        13,
        15,
        8,
        12,
        14,
        16,
        17,
        21,
        18,
        19,
        20,
        22
      ]
    },
    "LST": {
      "makespan": 103,
      "execution_time": 3.8623809814453125e-05,
      "schedule": {
        "1": [
          0,
          0
        ],
        "4": [
          0,
          6
        ],
        "2": [
          6,
          10
        ],
        "3": [
          10,
          12
        ],
        "9": [
          12,
          14
        ],
        "10": [
          14,
          24
        ],
        "6": [
          24,
          33
        ],
        "5": [
          33,
          38
        ],
        "11": [
          38,
          47
        ],
        "7": [
          47,
          52
        ],
        "13": [
          52,
          60
        ],
        "15": [
          60,
          67
        ],
        "8": [
          67,
          68
        ],
        "12": [
          68,
          74
        ],
        "14": [
          74,
          79
        ],
        "16": [
          79,
          80
        ],
        "17": [
          80,
          86
        ],
        "21": [
          86,
          94
        ],
        "18": [
          94,
          99
        ],
        "19": [
          99,
          101
        ],
        "20": [
          101,
          103
        ],
        "22": [
          103,
          103
        ]
      },
      "activity_order": [
        1,
        4,
        2,
        3,
        9,
        10,
        6,
        5,
        11,
        7,
        13,
        15,
        8,
        12,
        14,
        16,
        17,
        21,
        18,
        19,
        20,
        22
      ]
    },
    "LFT": {
      "makespan": 103,
      "execution_time": 3.8623809814453125e-05,
      "schedule": {
        "1": [
          0,
          0
        ],
        "2": [
          0,
          4
        ],
        "4": [
          4,
          10
        ],
        "3": [
          10,
          12
        ],
        "9": [
          12,
          14
        ],
        "5": [
          14,
          19
        ],
        "6": [
          19,
          28
        ],
        "10": [
          28,
          38
        ],
        "7": [
          38,
          43
        ],
        "11": [
          43,
          52
        ],
        "8": [
          52,
          53
        ],
        "15": [
          53,
          60
        ],
        "13": [
          60,
          68
        ],
        "14": [
          68,
          73
        ],
        "16": [
          73,
          74
        ],
        "12": [
          74,
          80
        ],
        "17": [
          80,
          86
        ],
        "18": [
          86,
          91
        ],
        "19": [
          91,
          93
        ],
        "20": [
          93,
          95
        ],
        "21": [
          95,
          103
        ],
        "22": [
          103,
          103
        ]
      },
      "activity_order": [
        1,
        2,
        4,
        3,
        9,
        5,
        6,
        10,
        7,
        11,
        8,
        15,
        13,
        14,
        16,
        12,
        17,
        18,
        19,
        20,
        21,
        22
      ]
    },
    "MTS": {
      "makespan": 103,
      "execution_time": 3.7670135498046875e-05,
      "schedule": {
        "1": [
          0,
          0
        ],
        "2": [
          0,
          4
        ],
        "4": [
          4,
          10
        ],
        "3": [
          10,
          12
        ],
        "7": [
          12,
          17
        ],
        "5": [
          17,
          22
        ],
        "6": [
          22,
          31
        ],
        "9": [
          31,
          33
        ],
        "15": [
          33,
          40
        ],
        "8": [
          40,
          41
        ],
        "10": [
          41,
          51
        ],
        "11": [
          51,
          60
        ],
        "14": [
          60,
          65
        ],
        "16": [
          65,
          66
        ],
        "12": [
          66,
          72
        ],
        "13": [
          72,
          80
        ],
        "17": [
          80,
          86
        ],
        "18": [
          86,
          91
        ],
        "19": [
          91,
          93
        ],
        "20": [
          93,
          95
        ],
        "21": [
          95,
          103
        ],
        "22": [
          103,
          103
        ]
      },
      "activity_order": [
        1,
        2,
        4,
        3,
        7,
        5,
        6,
        9,
        15,
        8,
        10,
        11,
        14,
        16,
        12,
        13,
        17,
        18,
        19,
        20,
        21,
        22
      ]
    },
    "TIMROS": {
      "makespan": 103,
      "execution_time": 3.6716461181640625e-05,
      "schedule": {
        "1": [
          0,
          0
        ],
        "4": [
          0,
          6
        ],
        "2": [
          6,
          10
        ],
        "6": [
          10,
          19
        ],
        "7": [
          19,
          24
        ],
        "3": [
          24,
          26
        ],
        "5": [
          26,
          31
        ],
        "15": [
          31,
          38
        ],
        "8": [
          38,
          39
        ],
        "12": [
          39,
          45
        ],
        "16": [
          45,
          46
        ],
        "9": [
          46,
          48
        ],
        "14": [
          48,
          53
        ],
        "10": [
          53,
          63
        ],
        "17": [
          63,
          69
        ],
        "11": [
          69,
          78
        ],
        "13": [
          78,
          86
        ],
        "21": [
          86,
          94
        ],
        "18": [
          94,
          99
        ],
        "19": [
          99,
          101
        ],
        "20": [
          101,
          103
        ],
        "22": [
          103,
          103
        ]
      },
      "activity_order": [
        1,
        4,
        2,
        6,
        7,
        3,
        5,
        15,
        8,
        12,
        16,
        9,
        14,
        10,
        17,
        11,
        13,
        21,
        18,
        19,
        20,
        22
      ]
    },