{
  "instance": "inst_set1a_sf0.75_nc2.1_n20_m25_04",
  "results": {
    "HRPW*": {
      "makespan": 70,
      "execution_time": 0.0003666877746582031,
      "schedule": {
        "1": [
          0,
          0
        ],
        "2": [
          0,
          10
        ],
        "9": [
          10,
          18
        ],
        "5": [
          10,
          12
        ],
        "7": [
          12,
          18
        ],
        "11": [
          18,
          26
        ],
        "3": [
          18,
          25
        ],
        "8": [
          18,
          25
        ],
        "6": [
          10,
          14
        ],
        "15": [
          26,
          36
        ],
        "4": [
          36,
          42
        ],
        "10": [
          25,
          34
        ],
        "14": [
          25,
          32
        ],
        "12": [
          42,
          50
        ],
        "18": [
          36,
          43
        ],
        "16": [
          34,
          39
        ],
        "13": [
          50,
          58
        ],
        "21": [
          50,
          59
        ],
        "17": [
          59,
          63
        ],
        "19": [
          63,
          67
        ],
        "20": [
          67,
          70
        ],
        "22": [
          70,
          70
        ]
      },
      "activity_order": [
        1,
        2,
        9,
        5,
        7,
        11,
        3,
        8,
        6,
        15,
        4,
        10,
        14,
        12,
        18,
        16,
        13,
        21,
        17,
        19,
        20,
        22
      ]
    },
    "LST": {
      "makespan": 70,
      "execution_time": 0.0003781318664550781,
      "schedule": {
        "1": [
          0,
          0
        ],
        "2": [
          0,
          10
        ],
        "9": [
          10,
          18
        ],
        "5": [
          10,
          12
        ],
        "7": [
          12,
          18
        ],
        "11": [
          18,
          26
        ],
        "3": [
          18,
          25
        ],
        "8": [
          18,
          25
        ],
        "6": [
          10,
          14
        ],
        "15": [
          26,
          36
        ],
        "4": [
          36,
          42
        ],
        "10": [
          25,
          34
        ],
        "14": [
          25,
          32
        ],
        "12": [
          42,
          50
        ],
        "18": [
          36,
          43
        ],
        "16": [
          34,
          39
        ],
        "13": [
          50,
          58
        ],
        "21": [
          50,
          59
        ],
        "17": [
          59,
          63
        ],
        "19": [
          63,
          67
        ],
        "20": [
          67,
          70
        ],
        "22": [
          70,
          70
        ]
      },
      "activity_order": [
        1,
        2,
        9,
        5,
        7,
        11,
        3,
        8,
        6,
        15,
        4,
        10,
        14,
        12,
        18,
        16,
        13,
        21,
        17,
        19,
        20,
        22
      ]
    },
    "LFT": {
      "makespan": 59,
      "execution_time": 0.0004031658172607422,
      "schedule": {
        "1": [
          0,
          0
        ],
        "2": [
          0,
          10
        ],
        "5": [
          10,
          12
        ],
        "9": [
          10,
          18
        ],
        "7": [
          12,
          18
        ],
        "3": [
          18,
          25
        ],
        "11": [
          18,
          26
        ],
        "6": [
          10,
          14
        ],
        "8": [
          18,
          25
        ],
        "4": [
          14,
          20
        ],
        "15": [
          26,
          36
        ],
        "10": [
          25,
          34
        ],
        "14": [
          25,
          32
        ],
        "12": [
          26,
          34
        ],
        "16": [
          34,
          39
        ],
        "18": [
          36,
          43
        ],
        "17": [
          34,
          38
        ],
        "13": [
          39,
          47
        ],
        "19": [
          38,
          42
        ],
        "20": [
          47,
          50
        ],
        "21": [
          50,
          59
        ],
        "22": [
          59,
          59
        ]
      },
      "activity_order": [
        1,
        2,
        5,
        9,
        7,
        3,
        11,
        6,
        8,
        4,
        15,
        10,
        14,
        12,
        16,
        18,
        17,
        13,
        19,
        20,
        21,
        22
      ]
    },
    "MTS": {
      "makespan": 56,
      "execution_time": 0.0003719329833984375,
      "schedule": {
        "1": [
          0,
          0
        ],
        "2": [
          0,
          10
        ],
        "5": [
          10,
          12
        ],
        "7": [
          12,
          18
        ],
        "9": [
          10,
          18
        ],
        "6": [
          10,
          14
        ],
        "8": [
          18,
          25
        ],
        "11": [
          18,
          26
        ],
        "4": [
          14,
          20
        ],
        "3": [
          18,
          25
        ],
        "10": [
          25,
          34
        ],
        "12": [
          26,
          34
        ],
        "14": [
          25,
          32
        ],
        "15": [
          26,
          36
        ],
        "17": [
          34,
          38
        ],
        "18": [
          36,
          43
        ],
        "13": [
          34,
          42
        ],
        "16": [
          42,
          47
        ],
        "19": [
          38,
          42
        ],
        "20": [
          43,
          46
        ],
        "21": [
          47,
          56
        ],
        "22": [
          56,
          56
        ]
      },
      "activity_order": [
        1,
        2,
        5,
        7,
        9,
        6,
        8,
        11,
        4,
        3,
        10,
        12,
        14,
        15,
        17,
        18,
        13,
        16,
        19,
        20,
        21,
        22
      ]
    },
    "TIMROS": {
      "makespan": 67,
      "execution_time": 0.00036215782165527344,
      "schedule": {
        "1": [
          0,
          0
        ],
        "3": [
          0,
          7
        ],
        "2": [
          0,
          10
        ],
        "9": [
          10,
          18
        ],
        "4": [
          0,
          6
        ],
        "6": [
          10,
          14
        ],
        "5": [
          10,
          12
        ],
        "7": [
          12,
          18
        ],
        "8": [
          18,
          25
        ],
        "10": [
          25,
          34
        ],
        "14": [
          18,
          25
        ],
        "11": [
          18,
          26
        ],
        "15": [
          26,
          36
        ],
        "18": [
          36,
          43
        ],
        "12": [
          26,
          34
        ],
        "13": [
          34,
          42
        ],
        "16": [
          42,
          47
        ],
        "21": [
          47,
          56
        ],
        "17": [
          56,
          60
        ],
        "19": [
          60,
          64
        ],
        "20": [
          64,
          67
        ],
        "22": [
          67,
          67
        ]
      },
      "activity_order": [
        1,
        3,
        2,
        9,
        4,
        6,
        5,
        7,
        8,
        10,
        14,
        11,
        15,
        18,
        12,
        13,
        16,
        21,
        17,
        19,
        20,
        22
      ]
    },