{
  "instance": "inst_set1a_sf0.5_nc1.5_n20_m15_03",
  "results": {
    "HRPW*": {
      "makespan": 108,
      "execution_time": 6.341934204101562e-05,
      "schedule": {
        "1": [
          0,
          0
        ],
        "4": [
          0,
          3
        ],
        "6": [
          3,
          13
        ],
        "2": [
          13,
          22
        ],
        "7": [
          22,
          29
        ],
        "9": [
          29,
          31
        ],
        "10": [
          31,
          36
        ],
        "13": [
          36,
          41
        ],
        "5": [
          41,
          50
        ],
        "8": [
          50,
          56
        ],
        "16": [
          56,
          63
        ],
        "11": [
          63,
          73
        ],
        "3": [
          73,
          74
        ],
        "12": [
          74,
          82
        ],
        "14": [
          82,
          86
        ],
        "19": [
          86,
          95
        ],
        "18": [
          95,
          98
        ],
        "15": [
          98,
          100
        ],
        "17": [
          100,
          101
        ],
        "20": [
          101,
          106
        ],
        "21": [
          106,
          108
        ],
        "22": [
          108,
          108
        ]
      },
      "activity_order": [
        1,
        4,
        6,
        2,
        7,
        9,
        10,
        13,
        5,
        8,
        16,
        11,
        3,
        12,
        14,
        19,
        18,
        15,
        17,
        20,
        21,
        22
      ]
    },
    "LST": {
      "makespan": 108,
      "execution_time": 5.555152893066406e-05,
      "schedule": {
        "1": [
          0,
          0
        ],
        "4": [
          0,
          3
        ],
        "6": [
          3,
          13
        ],
        "2": [
          13,
          22
        ],
        "7": [
          22,
          29
        ],
        "9": [
          29,
          31
        ],
        "10": [
          31,
          36
        ],
        "13": [
          36,
          41
        ],
        "5": [
          41,
          50
        ],
        "8": [
          50,
          56
        ],
        "16": [
          56,
          63
        ],
        "11": [
          63,
          73
        ],
        "3": [
          73,
          74
        ],
        "12": [
          74,
          82
        ],
        "14": [
          82,
          86
        ],
        "19": [
          86,
          95
        ],
        "18": [
          95,
          98
        ],
        "15": [
          98,
          100
        ],
        "17": [
          100,
          101
        ],
        "20": [
          101,
          106
        ],
        "21": [
          106,
          108
        ],
        "22": [
          108,
          108
        ]
      },
      "activity_order": [
        1,
        4,
        6,
        2,
        7,
        9,
        10,
        13,
        5,
        8,
        16,
        11,
        3,
        12,
        14,
        19,
        18,
        15,
        17,
        20,
        21,
        22
      ]
    },
    "LFT": {
      "makespan": 108,
      "execution_time": 4.6253204345703125e-05,
      "schedule": {
        "1": [
          0,
          0
        ],
        "4": [
          0,
          3
        ],
        "6": [
          3,
          13
        ],
        "2": [
          13,
          22
        ],
        "9": [
          22,
          24
        ],
        "7": [
          24,
          31
        ],
        "10": [
          31,
          36
        ],
        "13": [
          36,
          41
        ],
        "3": [
          41,
          42
        ],
        "8": [
          42,
          48
        ],
        "5": [
          48,
          57
        ],
        "16": [
          57,
          64
        ],
        "14": [
          64,
          68
        ],
        "15": [
          68,
          70
        ],
        "17": [
          70,
          71
        ],
        "18": [
          71,
          74
        ],
        "11": [
          74,
          84
        ],
        "12": [
          84,
          92
        ],
        "19": [
          92,
          101
        ],
        "20": [
          101,
          106
        ],
        "21": [
          106,
          108
        ],
        "22": [
          108,
          108
        ]
      },
      "activity_order": [
        1,
        4,
        6,
        2,
        9,
        7,
        10,
        13,
        3,
        8,
        5,
        16,
        14,
        15,
        17,
        18,
        11,
        12,
        19,
        20,
        21,
        22
      ]
    },
    "MTS": {
      "makespan": 108,
      "execution_time": 4.673004150390625e-05,
      "schedule": {
        "1": [
          0,
          0
        ],
        "4": [
          0,
          3
        ],
        "6": [
          3,
          13
        ],
        "7": [
          13,
          20
        ],
        "2": [
          20,
          29
        ],
        "9": [
          29,
          31
        ],
        "10": [
          31,
          36
        ],
        "13": [
          36,
          41
        ],
        "5": [
          41,
          50
        ],
        "14": [
          50,
          54
        ],
        "16": [
          54,
          61
        ],
        "3": [
          61,
          62
        ],
        "8": [
          62,
          68
        ],
        "11": [
          68,
          78
        ],
        "12": [
          78,
          86
        ],
        "15": [
          86,
          88
        ],
        "17": [
          88,
          89
        ],
        "18": [
          89,
          92
        ],
        "19": [
          92,
          101
        ],
        "20": [
          101,
          106
        ],
        "21": [
          106,
          108
        ],
        "22": [
          108,
          108
        ]
      },
      "activity_order": [
        1,
        4,
        6,
        7,
        2,
        9,
        10,
        13,
        5,
        14,
        16,
        3,
        8,
        11,
        12,
        15,
        17,
        18,
        19,
        20,
        21,
        22
      ]
    },
    "TIMROS": {
      "makespan": 108,
      "execution_time": 4.673004150390625e-05,
      "schedule": {
        "1": [
          0,
          0
        ],
        "2": [
          0,
          9
        ],
        "5": [
          9,
          18
        ],
        "3": [
          18,
          19
        ],
        "4": [
          19,
          22
        ],
        "6": [
          22,
          32
        ],
        "11": [
          32,
          42
        ],
        "7": [
          42,
          49
        ],
        "8": [
          49,
          55
        ],
        "19": [
          55,
          64
        ],
        "10": [
          64,
          69
        ],
        "12": [
          69,
          77
        ],
        "14": [
          77,
          81
        ],
        "9": [
          81,
          83
        ],
        "13": [
          83,
          88
        ],
        "16": [
          88,
          95
        ],
        "18": [
          95,
          98
        ],
        "15": [
          98,
          100
        ],
        "17": [
          100,
          101
        ],
        "20": [
          101,
          106
        ],
        "21": [
          106,
          108
        ],
        "22": [
          108,
          108
        ]
      },