{
  "instance": "inst_set1a_sf0_nc2.1_n20_m10_02",
  "results": {
    "HRPW*": {
      "makespan": 119,
      "execution_time": 6.413459777832031e-05,
      "schedule": {
        "1": [
          0,
          0
        ],
        "4": [
          0,
          5
        ],
        "2": [
          5,
          12
        ],
        "3": [
          12,
          17
        ],
        "7": [
          17,
          26
        ],
        "5": [
          26,
          35
        ],
        "11": [
          35,
          44
        ],
        "10": [
          44,
          54
        ],
        "6": [
          54,
          60
        ],
        "13": [
          60,
          69
        ],
        "12": [
          69,
          73
        ],
        "8": [
          73,
          80
        ],
        "9": [
          80,
          86
        ],
        "15": [
          86,
          90
        ],
        "14": [
          90,
          96
        ],
        "16": [
          96,
          99
        ],
        "18": [
          99,
          105
        ],
        "17": [
          105,
          110
        ],
        "21": [
          110,
          115
        ],
        "19": [
          115,
          117
        ],
        "20": [
          117,
          119
        ],
        "22": [
          119,
          119
        ]
      },
      "activity_order": [
        1,
        4,
        2,
        3,
        7,
        5,
        11,
        10,
        6,
        13,
        12,
        8,
        9,
        15,
        14,
        16,
        18,
        17,
        21,
        19,
        20,
        22
      ]
    },
    "LST": {
      "makespan": 119,
      "execution_time": 8.273124694824219e-05,
      "schedule": {
        "1": [
          0,
          0
        ],
        "4": [
          0,
          5
        ],
        "2": [
          5,
          12
        ],
        "3": [
          12,
          17
        ],
        "7": [
          17,
          26
        ],
        "5": [
          26,
          35
        ],
        "11": [
          35,
          44
        ],
        "10": [
          44,
          54
        ],
        "6": [
          54,
          60
        ],
        "13": [
          60,
          69
        ],
        "12": [
          69,
          73
        ],
        "8": [
          73,
          80
        ],
        "9": [
          80,
          86
        ],
        "15": [
          86,
          90
        ],
        "14": [
          90,
          96
        ],
        "16": [
          96,
          99
        ],
        "18": [
          99,
          105
        ],
        "17": [
          105,
          110
        ],
        "21": [
          110,
          115
        ],
        "19": [
          115,
          117
        ],
        "20": [
          117,
          119
        ],
        "22": [
          119,
          119
        ]
      },
      "activity_order": [
        1,
        4,
        2,
        3,
        7,
        5,
        11,
        10,
        6,
        13,
        12,
        8,
        9,
        15,
        14,
        16,
        18,
        17,
        21,
        19,
        20,
        22
      ]
    },
    "LFT": {
      "makespan": 119,
      "execution_time": 8.821487426757812e-05,
      "schedule": {
        "1": [
          0,
          0
        ],
        "4": [
          0,
          5
        ],
        "2": [
          5,
          12
        ],
        "3": [
          12,
          17
        ],
        "7": [
          17,
          26
        ],
        "5": [
          26,
          35
        ],
        "11": [
          35,
          44
        ],
        "6": [
          44,
          50
        ],
        "10": [
          50,
          60
        ],
        "12": [
          60,
          64
        ],
        "13": [
          64,
          73
        ],
        "8": [
          73,
          80
        ],
        "9": [
          80,
          86
        ],
        "15": [
          86,
          90
        ],
        "14": [
          90,
          96
        ],
        "16": [
          96,
          99
        ],
        "17": [
          99,
          104
        ],
        "18": [
          104,
          110
        ],
        "19": [
          110,
          112
        ],
        "20": [
          112,
          114
        ],
        "21": [
          114,
          119
        ],
        "22": [
          119,
          119
        ]
      },
      "activity_order": [
        1,
        4,
        2,
        3,
        7,
        5,
        11,
        6,
        10,
        12,
        13,
        8,
        9,
        15,
        14,
        16,
        17,
        18,
        19,
        20,
        21,
        22
      ]
    },
    "MTS": {
      "makespan": 119,
      "execution_time": 8.726119995117188e-05,
      "schedule": {
        "1": [
          0,
          0
        ],
        "3": [
          0,
          5
        ],
        "2": [
          5,
          12
        ],
        "4": [
          12,
          17
        ],
        "5": [
          17,
          26
        ],
        "7": [
          26,
          35
        ],
        "11": [
          35,
          44
        ],
        "6": [
          44,
          50
        ],
        "10": [
          50,
          60
        ],
        "12": [
          60,
          64
        ],
        "13": [
          64,
          73
        ],
        "8": [
          73,
          80
        ],
        "9": [
          80,
          86
        ],
        "14": [
          86,
          92
        ],
        "15": [
          92,
          96
        ],
        "17": [
          96,
          101
        ],
        "16": [
          101,
          104
        ],
        "18": [
          104,
          110
        ],
        "19": [
          110,
          112
        ],
        "20": [
          112,
          114
        ],
        "21": [
          114,
          119
        ],
        "22": [
          119,
          119
        ]
      },
      "activity_order": [
        1,
        3,
        2,
        4,
        5,
        7,
        11,
        6,
        10,
        12,
        13,
        8,
        9,
        14,
        15,
        17,
        16,
        18,
        19,
        20,
        21,
        22
      ]
    },
    "TIMROS": {
      "makespan": 119,
      "execution_time": 5.698204040527344e-05,
      "schedule": {
        "1": [
          0,
          0
        ],
        "2": [
          0,
          7
        ],
        "3": [
          7,
          12
        ],
        "5": [
          12,
          21
        ],
        "9": [
          21,
          27
        ],
        "4": [
          27,
          32
        ],
        "7": [
          32,
          41
        ],
        "8": [
          41,
          48
        ],
        "11": [
          48,
          57
        ],
        "13": [
          57,
          66
        ],
        "17": [
          66,
          71
        ],
        "6": [
          71,
          77
        ],
        "10": [
          77,
          87
        ],
        "12": [
          87,
          91
        ],
        "15": [
          91,
          95
        ],
        "18": [
          95,
          101
        ],
        "14": [
          101,
          107
        ],
        "19": [
          107,
          109
        ],
        "16": [
          109,
          112
        ],
        "21": [
          112,
          117
        ],
        "20": [
          117,
          119
        ],
        "22": [
          119,
          119
        ]
      },