{
  "instance": "inst_set1a_sf0_nc1.8_n20_m25_01",
  "results": {
    "HRPW*": {
      "makespan": 122,
      "execution_time": 4.649162292480469e-05,
      "schedule": {
        "1": [
          0,
          0
        ],
        "3": [
          0,
          10
        ],
        "4": [
          10,
          17
        ],
        "7": [
          17,
          26
        ],
        "11": [
          26,
          34
        ],
        "2": [
          34,
          36
        ],
        "8": [
          36,
          37
        ],
        "10": [
          37,
          46
        ],
        "9": [
          46,
          54
        ],
        "12": [
          54,
          61
        ],
        "5": [
          61,
          65
        ],
        "14": [
          65,
          69
        ],
        "15": [
          69,
          79
        ],
        "17": [
          79,
          82
        ],
        "6": [
          82,
          83
        ],
        "13": [
          83,
          91
        ],
        "16": [
          91,
          99
        ],
        "18": [
          99,
          106
        ],
        "19": [
          106,
          112
        ],
        "20": [
          112,
          118
        ],
        "21": [
          118,
          122
        ],
        "22": [
          122,
          122
        ]
      },
      "activity_order": [
        1,
        3,
        4,
        7,
        11,
        2,
        8,
        10,
        9,
        12,
        5,
        14,
        15,
        17,
        6,
        13,
        16,
        18,
        19,
        20,
        21,
        22
      ]
    },
    "LST": {
      "makespan": 122,
      "execution_time": 5.650520324707031e-05,
      "schedule": {
        "1": [
          0,
          0
        ],
        "3": [
          0,
          10
        ],
        "4": [
          10,
          17
        ],
        "7": [
          17,
          26
        ],
        "11": [
          26,
          34
        ],
        "2": [
          34,
          36
        ],
        "8": [
          36,
          37
        ],
        "10": [
          37,
          46
        ],
        "9": [
          46,
          54
        ],
        "12": [
          54,
          61
        ],
        "5": [
          61,
          65
        ],
        "14": [
          65,
          69
        ],
        "15": [
          69,
          79
        ],
        "17": [
          79,
          82
        ],
        "6": [
          82,
          83
        ],
        "13": [
          83,
          91
        ],
        "16": [
          91,
          99
        ],
        "18": [
          99,
          106
        ],
        "19": [
          106,
          112
        ],
        "20": [
          112,
          118
        ],
        "21": [
          118,
          122
        ],
        "22": [
          122,
          122
        ]
      },
      "activity_order": [
        1,
        3,
        4,
        7,
        11,
        2,
        8,
        10,
        9,
        12,
        5,
        14,
        15,
        17,
        6,
        13,
        16,
        18,
        19,
        20,
        21,
        22
      ]
    },
    "LFT": {
      "makespan": 122,
      "execution_time": 4.553794860839844e-05,
      "schedule": {
        "1": [
          0,
          0
        ],
        "3": [
          0,
          10
        ],
        "4": [
          10,
          17
        ],
        "2": [
          17,
          19
        ],
        "7": [
          19,
          28
        ],
        "8": [
          28,
          29
        ],
        "11": [
          29,
          37
        ],
        "5": [
          37,
          41
        ],
        "14": [
          41,
          45
        ],
        "6": [
          45,
          46
        ],
        "10": [
          46,
          55
        ],
        "12": [
          55,
          62
        ],
        "9": [
          62,
          70
        ],
        "17": [
          70,
          73
        ],
        "13": [
          73,
          81
        ],
        "15": [
          81,
          91
        ],
        "16": [
          91,
          99
        ],
        "18": [
          99,
          106
        ],
        "19": [
          106,
          112
        ],
        "20": [
          112,
          118
        ],
        "21": [
          118,
          122
        ],
        "22": [
          122,
          122
        ]
      },
      "activity_order": [
        1,
        3,
        4,
        2,
        7,
        8,
        11,
        5,
        14,
        6,
        10,
        12,
        9,
        17,
        13,
        15,
        16,
        18,
        19,
        20,
        21,
        22
      ]
    },
    "MTS": {
      "makespan": 122,
      "execution_time": 5.221366882324219e-05,
      "schedule": {
        "1": [
          0,
          0
        ],
        "2": [
          0,
          2
        ],
        "3": [
          2,
          12
        ],
        "7": [
          12,
          21
        ],
        "4": [
          21,
          28
        ],
        "11": [
          28,
          36
        ],
        "8": [
          36,
          37
        ],
        "14": [
          37,
          41
        ],
        "10": [
          41,
          50
        ],
        "5": [
          50,
          54
        ],
        "6": [
          54,
          55
        ],
        "12": [
          55,
          62
        ],
        "9": [
          62,
          70
        ],
        "13": [
          70,
          78
        ],
        "15": [
          78,
          88
        ],
        "17": [
          88,
          91
        ],
        "16": [
          91,
          99
        ],
        "18": [
          99,
          106
        ],
        "19": [
          106,
          112
        ],
        "20": [
          112,
          118
        ],
        "21": [
          118,
          122
        ],
        "22": [
          122,
          122
        ]
      },
      "activity_order": [
        1,
        2,
        3,
        7,
        4,
        11,
        8,
        14,
        10,
        5,
        6,
        12,
        9,
        13,
        15,
        17,
        16,
        18,
        19,
        20,
        21,
        22
      ]
    },
    "TIMROS": {
      "makespan": 122,
      "execution_time": 4.553794860839844e-05,
      "schedule": {
        "1": [
          0,
          0
        ],
        "3": [
          0,
          10
        ],
        "7": [
          10,
          19
        ],
        "4": [
          19,
          26
        ],
        "11": [
          26,
          34
        ],
        "12": [
          34,
          41
        ],
        "9": [
          41,
          49
        ],
        "14": [
          49,
          53
        ],
        "2": [
          53,
          55
        ],
        "5": [
          55,
          59
        ],
        "15": [
          59,
          69
        ],
        "6": [
          69,
          70
        ],
        "16": [
          70,
          78
        ],
        "8": [
          78,
          79
        ],
        "10": [
          79,
          88
        ],
        "13": [
          88,
          96
        ],
        "20": [
          96,
          102
        ],
        "17": [
          102,
          105
        ],
        "18": [
          105,
          112
        ],
        "19": [
          112,
          118
        ],
        "21": [
          118,
          122
        ],
        "22": [
          122,
          122
        ]
      },