{
  "instance": "inst_set1a_sf0.75_nc1.5_n20_m10_03",
  "results": {
    "HRPW*": {
      "makespan": 104,
      "execution_time": 6.389617919921875e-05,
      "schedule": {
        "1": [
          0,
          0
        ],
        "3": [
          0,
          5
        ],
        "5": [
          5,
          14
        ],
        "4": [
          14,
          15
        ],
        "6": [
          15,
          18
        ],
        "7": [
          18,
          19
        ],
        "9": [
          19,
          23
        ],
        "11": [
          23,
          31
        ],
        "10": [
          31,
          32
        ],
        "16": [
          32,
          40
        ],
        "2": [
          40,
          49
        ],
        "12": [
          49,
          52
        ],
        "15": [
          52,
          62
        ],
        "18": [
          62,
          71
        ],
        "13": [
          71,
          78
        ],
        "8": [
          78,
          86
        ],
        "17": [
          86,
          88
        ],
        "14": [
          88,
          91
        ],
        "21": [
          91,
          98
        ],
        "20": [
          98,
          102
        ],
        "19": [
          102,
          104
        ],
        "22": [
          104,
          104
        ]
      },
      "activity_order": [
        1,
        3,
        5,
        4,
        6,
        7,
        9,
        11,
        10,
        16,
        2,
        12,
        15,
        18,
        13,
        8,
        17,
        14,
        21,
        20,
        19,
        22
      ]
    },
    "LST": {
      "makespan": 104,
      "execution_time": 9.989738464355469e-05,
      "schedule": {
        "1": [
          0,
          0
        ],
        "3": [
          0,
          5
        ],
        "5": [
          5,
          14
        ],
        "4": [
          14,
          15
        ],
        "6": [
          15,
          18
        ],
        "7": [
          18,
          19
        ],
        "9": [
          19,
          23
        ],
        "11": [
          23,
          31
        ],
        "10": [
          31,
          32
        ],
        "16": [
          32,
          40
        ],
        "2": [
          40,
          49
        ],
        "12": [
          49,
          52
        ],
        "15": [
          52,
          62
        ],
        "18": [
          62,
          71
        ],
        "13": [
          71,
          78
        ],
        "8": [
          78,
          86
        ],
        "17": [
          86,
          88
        ],
        "14": [
          88,
          91
        ],
        "21": [
          91,
          98
        ],
        "20": [
          98,
          102
        ],
        "19": [
          102,
          104
        ],
        "22": [
          104,
          104
        ]
      },
      "activity_order": [
        1,
        3,
        5,
        4,
        6,
        7,
        9,
        11,
        10,
        16,
        2,
        12,
        15,
        18,
        13,
        8,
        17,
        14,
        21,
        20,
        19,
        22
      ]
    },
    "LFT": {
      "makespan": 104,
      "execution_time": 5.340576171875e-05,
      "schedule": {
        "1": [
          0,
          0
        ],
        "3": [
          0,
          5
        ],
        "4": [
          5,
          6
        ],
        "5": [
          6,
          15
        ],
        "6": [
          15,
          18
        ],
        "7": [
          18,
          19
        ],
        "9": [
          19,
          23
        ],
        "10": [
          23,
          24
        ],
        "11": [
          24,
          32
        ],
        "12": [
          32,
          35
        ],
        "16": [
          35,
          43
        ],
        "2": [
          43,
          52
        ],
        "15": [
          52,
          62
        ],
        "17": [
          62,
          64
        ],
        "18": [
          64,
          73
        ],
        "13": [
          73,
          80
        ],
        "14": [
          80,
          83
        ],
        "8": [
          83,
          91
        ],
        "19": [
          91,
          93
        ],
        "20": [
          93,
          97
        ],
        "21": [
          97,
          104
        ],
        "22": [
          104,
          104
        ]
      },
      "activity_order": [
        1,
        3,
        4,
        5,
        6,
        7,
        9,
        10,
        11,
        12,
        16,
        2,
        15,
        17,
        18,
        13,
        14,
        8,
        19,
        20,
        21,
        22
      ]
    },
    "MTS": {
      "makespan": 104,
      "execution_time": 4.744529724121094e-05,
      "schedule": {
        "1": [
          0,
          0
        ],
        "3": [
          0,
          5
        ],
        "4": [
          5,
          6
        ],
        "5": [
          6,
          15
        ],
        "6": [
          15,
          18
        ],
        "7": [
          18,
          19
        ],
        "9": [
          19,
          23
        ],
        "11": [
          23,
          31
        ],
        "10": [
          31,
          32
        ],
        "2": [
          32,
          41
        ],
        "12": [
          41,
          44
        ],
        "14": [
          44,
          47
        ],
        "15": [
          47,
          57
        ],
        "16": [
          57,
          65
        ],
        "8": [
          65,
          73
        ],
        "13": [
          73,
          80
        ],
        "17": [
          80,
          82
        ],
        "18": [
          82,
          91
        ],
        "19": [
          91,
          93
        ],
        "20": [
          93,
          97
        ],
        "21": [
          97,
          104
        ],
        "22": [
          104,
          104
        ]
      },
      "activity_order": [
        1,
        3,
        4,
        5,
        6,
        7,
        9,
        11,
        10,
        2,
        12,
        14,
        15,
        16,
        8,
        13,
        17,
        18,
        19,
        20,
        21,
        22
      ]
    },
    "TIMROS": {
      "makespan": 104,
      "execution_time": 4.744529724121094e-05,
      "schedule": {
        "1": [
          0,
          0
        ],
        "2": [
          0,
          9
        ],
        "8": [
          9,
          17
        ],
        "3": [
          17,
          22
        ],
        "5": [
          22,
          31
        ],
        "13": [
          31,
          38
        ],
        "12": [
          38,
          41
        ],
        "4": [
          41,
          42
        ],
        "6": [
          42,
          45
        ],
        "17": [
          45,
          47
        ],
        "7": [
          47,
          48
        ],
        "9": [
          48,
          52
        ],
        "11": [
          52,
          60
        ],
        "15": [
          60,
          70
        ],
        "14": [
          70,
          73
        ],
        "20": [
          73,
          77
        ],
        "10": [
          77,
          78
        ],
        "16": [
          78,
          86
        ],
        "18": [
          86,
          95
        ],
        "21": [
          95,
          102
        ],
        "19": [
          102,
          104
        ],
        "22": [
          104,
          104
        ]
      },
      "activity_order": [
        1,
        2,
        8,
        3,
        5,
        13,
        12,
        4,
        6,
        17,
        7,
        9,
        11,
        15,
        14,
        20,
        10,
        16,
        18,
        21,
        19,
        22
      ]
    },