{
  "instance": "inst_set1a_sf0.5_nc1.5_n20_m15_04",
  "results": {
    "HRPW*": {
      "makespan": 71,
      "execution_time": 0.0003380775451660156,
      "schedule": {
        "1": [
          0,
          0
        ],
        "2": [
          0,
          6
        ],
        "6": [
          6,
          14
        ],
        "10": [
          14,
          20
        ],
        "4": [
          14,
          20
        ],
        "3": [
          20,
          30
        ],
        "14": [
          20,
          30
        ],
        "5": [
          20,
          25
        ],
        "9": [
          25,
          33
        ],
        "7": [
          33,
          42
        ],
        "11": [
          30,
          39
        ],
        "15": [
          39,
          43
        ],
        "18": [
          43,
          49
        ],
        "13": [
          49,
          57
        ],
        "8": [
          30,
          31
        ],
        "12": [
          57,
          61
        ],
        "17": [
          42,
          43
        ],
        "16": [
          31,
          38
        ],
        "20": [
          49,
          59
        ],
        "19": [
          61,
          68
        ],
        "21": [
          68,
          71
        ],
        "22": [
          71,
          71
        ]
      },
      "activity_order": [
        1,
        2,
        6,
        10,
        4,
        3,
        14,
        5,
        9,
        7,
        11,
        15,
        18,
        13,
        8,
        12,
        17,
        16,
        20,
        19,
        21,
        22
      ]
    },
    "LST": {
      "makespan": 71,
      "execution_time": 0.0002884864807128906,
      "schedule": {
        "1": [
          0,
          0
        ],
        "2": [
          0,
          6
        ],
        "6": [
          6,
          14
        ],
        "10": [
          14,
          20
        ],
        "4": [
          14,
          20
        ],
        "3": [
          20,
          30
        ],
        "14": [
          20,
          30
        ],
        "5": [
          20,
          25
        ],
        "9": [
          25,
          33
        ],
        "7": [
          33,
          42
        ],
        "11": [
          30,
          39
        ],
        "15": [
          39,
          43
        ],
        "18": [
          43,
          49
        ],
        "13": [
          49,
          57
        ],
        "8": [
          30,
          31
        ],
        "12": [
          57,
          61
        ],
        "17": [
          42,
          43
        ],
        "16": [
          31,
          38
        ],
        "20": [
          49,
          59
        ],
        "19": [
          61,
          68
        ],
        "21": [
          68,
          71
        ],
        "22": [
          71,
          71
        ]
      },
      "activity_order": [
        1,
        2,
        6,
        10,
        4,
        3,
        14,
        5,
        9,
        7,
        11,
        15,
        18,
        13,
        8,
        12,
        17,
        16,
        20,
        19,
        21,
        22
      ]
    },
    "LFT": {
      "makespan": 71,
      "execution_time": 0.0002834796905517578,
      "schedule": {
        "1": [
          0,
          0
        ],
        "2": [
          0,
          6
        ],
        "6": [
          6,
          14
        ],
        "10": [
          14,
          20
        ],
        "4": [
          14,
          20
        ],
        "5": [
          20,
          25
        ],
        "3": [
          20,
          30
        ],
        "14": [
          20,
          30
        ],
        "15": [
          30,
          34
        ],
        "9": [
          25,
          33
        ],
        "7": [
          33,
          42
        ],
        "8": [
          30,
          31
        ],
        "11": [
          34,
          43
        ],
        "17": [
          42,
          43
        ],
        "18": [
          43,
          49
        ],
        "12": [
          49,
          53
        ],
        "13": [
          53,
          61
        ],
        "16": [
          31,
          38
        ],
        "19": [
          61,
          68
        ],
        "20": [
          49,
          59
        ],
        "21": [
          68,
          71
        ],
        "22": [
          71,
          71
        ]
      },
      "activity_order": [
        1,
        2,
        6,
        10,
        4,
        5,
        3,
        14,
        15,
        9,
        7,
        8,
        11,
        17,
        18,
        12,
        13,
        16,
        19,
        20,
        21,
        22
      ]
    },
    "MTS": {
      "makespan": 73,
      "execution_time": 0.0002770423889160156,
      "schedule": {
        "1": [
          0,
          0
        ],
        "2": [
          0,
          6
        ],
        "6": [
          6,
          14
        ],
        "3": [
          6,
          16
        ],
        "4": [
          14,
          20
        ],
        "10": [
          16,
          22
        ],
        "14": [
          22,
          32
        ],
        "5": [
          20,
          25
        ],
        "7": [
          25,
          34
        ],
        "8": [
          32,
          33
        ],
        "15": [
          32,
          36
        ],
        "9": [
          34,
          42
        ],
        "11": [
          36,
          45
        ],
        "17": [
          42,
          43
        ],
        "12": [
          45,
          49
        ],
        "13": [
          49,
          57
        ],
        "16": [
          33,
          40
        ],
        "18": [
          57,
          63
        ],
        "19": [
          63,
          70
        ],
        "20": [
          63,
          73
        ],
        "21": [
          70,
          73
        ],
        "22": [
          73,
          73
        ]
      },
      "activity_order": [
        1,
        2,
        6,
        3,
        4,
        10,
        14,
        5,
        7,
        8,
        15,
        9,
        11,
        17,
        12,
        13,
        16,
        18,
        19,
        20,
        21,
        22
      ]
    },
    "TIMROS": {
      "makespan": 75,
      "execution_time": 0.00030231475830078125,
      "schedule": {
        "1": [
          0,
          0
        ],
        "3": [
          0,
          10
        ],
        "7": [
          10,
          19
        ],
        "2": [
          10,
          16
        ],
        "11": [
          16,
          25
        ],
        "16": [
          16,
          23
        ],
        "6": [
          19,
          27
        ],
        "10": [
          27,
          33
        ],
        "14": [
          33,
          43
        ],
        "15": [
          43,
          47
        ],
        "18": [
          47,
          53
        ],
        "4": [
          27,
          33
        ],
        "5": [
          33,
          38
        ],
        "9": [
          38,
          46
        ],
        "13": [
          53,
          61
        ],
        "12": [
          61,
          65
        ],
        "21": [
          65,
          68
        ],
        "8": [
          43,
          44
        ],
        "17": [
          46,
          47
        ],
        "20": [
          53,
          63
        ],
        "19": [
          68,
          75
        ],
        "22": [
          75,
          75
        ]
      },
      "activity_order": [
        1,
        3,
        7,
        2,
        11,
        16,
        6,
        10,
        14,
        15,
        18,
        4,
        5,
        9,
        13,
        12,
        21,
        8,
        17,
        20,
        19,
        22
      ]
    },