{
  "instance": "inst_set1a_sf1_nc2.1_n20_m20_05",
  "results": {
    "HRPW*": {
      "makespan": 105,
      "execution_time": 0.0003533363342285156,
      "schedule": {
        "1": [
          0,
          0
        ],
        "3": [
          0,
          3
        ],
        "5": [
          3,
          8
        ],
        "2": [
          8,
          11
        ],
        "4": [
          11,
          14
        ],
        "6": [
          14,
          23
        ],
        "8": [
          23,
          30
        ],
        "7": [
          30,
          36
        ],
        "14": [
          36,
          45
        ],
        "9": [
          45,
          48
        ],
        "10": [
          48,
          51
        ],
        "13": [
          51,
          60
        ],
        "11": [
          60,
          66
        ],
        "17": [
          66,
          74
        ],
        "15": [
          74,
          81
        ],
        "18": [
          81,
          90
        ],
        "16": [
          90,
          91
        ],
        "21": [
          91,
          99
        ],
        "12": [
          99,
          102
        ],
        "19": [
          102,
          104
        ],
        "20": [
          104,
          105
        ],
        "22": [
          105,
          105
        ]
      },
      "activity_order": [
        1,
        3,
        5,
        2,
        4,
        6,
        8,
        7,
        14,
        9,
        10,
        13,
        11,
        17,
        15,
        18,
        16,
        21,
        12,
        19,
        20,
        22
      ]
    },
    "LST": {
      "makespan": 105,
      "execution_time": 0.0003254413604736328,
      "schedule": {
        "1": [
          0,
          0
        ],
        "3": [
          0,
          3
        ],
        "5": [
          3,
          8
        ],
        "2": [
          8,
          11
        ],
        "4": [
          11,
          14
        ],
        "6": [
          14,
          23
        ],
        "8": [
          23,
          30
        ],
        "7": [
          30,
          36
        ],
        "14": [
          36,
          45
        ],
        "9": [
          45,
          48
        ],
        "10": [
          48,
          51
        ],
        "13": [
          51,
          60
        ],
        "11": [
          60,
          66
        ],
        "17": [
          66,
          74
        ],
        "15": [
          74,
          81
        ],
        "18": [
          81,
          90
        ],
        "16": [
          90,
          91
        ],
        "21": [
          91,
          99
        ],
        "12": [
          99,
          102
        ],
        "19": [
          102,
          104
        ],
        "20": [
          104,
          105
        ],
        "22": [
          105,
          105
        ]
      },
      "activity_order": [
        1,
        3,
        5,
        2,
        4,
        6,
        8,
        7,
        14,
        9,
        10,
        13,
        11,
        17,
        15,
        18,
        16,
        21,
        12,
        19,
        20,
        22
      ]
    },
    "LFT": {
      "makespan": 105,
      "execution_time": 0.0003306865692138672,
      "schedule": {
        "1": [
          0,
          0
        ],
        "3": [
          0,
          3
        ],
        "5": [
          3,
          8
        ],
        "2": [
          8,
          11
        ],
        "4": [
          11,
          14
        ],
        "6": [
          14,
          23
        ],
        "8": [
          23,
          30
        ],
        "7": [
          30,
          36
        ],
        "9": [
          36,
          39
        ],
        "10": [
          39,
          42
        ],
        "14": [
          42,
          51
        ],
        "11": [
          51,
          57
        ],
        "13": [
          57,
          66
        ],
        "15": [
          66,
          73
        ],
        "16": [
          73,
          74
        ],
        "17": [
          74,
          82
        ],
        "12": [
          82,
          85
        ],
        "18": [
          85,
          94
        ],
        "19": [
          94,
          96
        ],
        "20": [
          96,
          97
        ],
        "21": [
          97,
          105
        ],
        "22": [
          105,
          105
        ]
      },
      "activity_order": [
        1,
        3,
        5,
        2,
        4,
        6,
        8,
        7,
        9,
        10,
        14,
        11,
        13,
        15,
        16,
        17,
        12,
        18,
        19,
        20,
        21,
        22
      ]
    },
    "MTS": {
      "makespan": 105,
      "execution_time": 0.0003237724304199219,
      "schedule": {
        "1": [
          0,
          0
        ],
        "3": [
          0,
          3
        ],
        "5": [
          3,
          8
        ],
        "2": [
          8,
          11
        ],
        "4": [
          11,
          14
        ],
        "6": [
          14,
          23
        ],
        "7": [
          23,
          29
        ],
        "8": [
          29,
          36
        ],
        "10": [
          36,
          39
        ],
        "9": [
          39,
          42
        ],
        "13": [
          42,
          51
        ],
        "14": [
          51,
          60
        ],
        "11": [
          60,
          66
        ],
        "15": [
          66,
          73
        ],
        "17": [
          73,
          81
        ],
        "12": [
          81,
          84
        ],
        "16": [
          84,
          85
        ],
        "18": [
          85,
          94
        ],
        "19": [
          94,
          96
        ],
        "20": [
          96,
          97
        ],
        "21": [
          97,
          105
        ],
        "22": [
          105,
          105
        ]
      },
      "activity_order": [
        1,
        3,
        5,
        2,
        4,
        6,
        7,
        8,
        10,
        9,
        13,
        14,
        11,
        15,
        17,
        12,
        16,
        18,
        19,
        20,
        21,
        22
      ]
    },
    "TIMROS": {
      "makespan": 105,
      "execution_time": 0.0003268718719482422,
      "schedule": {
        "1": [
          0,
          0
        ],
        "2": [
          0,
          3
        ],
        "3": [
          3,
          6
        ],
        "7": [
          6,
          12
        ],
        "5": [
          12,
          17
        ],
        "6": [
          17,
          26
        ],
        "13": [
          26,
          35
        ],
        "14": [
          35,
          44
        ],
        "18": [
          44,
          53
        ],
        "4": [
          53,
          56
        ],
        "17": [
          56,
          64
        ],
        "8": [
          64,
          71
        ],
        "9": [
          71,
          74
        ],
        "10": [
          74,
          77
        ],
        "11": [
          77,
          83
        ],
        "15": [
          83,
          90
        ],
        "12": [
          90,
          93
        ],
        "19": [
          93,
          95
        ],
        "16": [
          95,
          96
        ],
        "21": [
          96,
          104
        ],
        "20": [
          104,
          105
        ],
        "22": [
          105,
          105
        ]
      },
      "activity_order": [
        1,
        2,
        3,
        7,
        5,
        6,
        13,
        14,
        18,
        4,
        17,
        8,
        9,
        10,
        11,
        15,
        12,
        19,
        16,
        21,
        20,
        22
      ]
    },