{
  "instance": "inst_set1a_sf0.5_nc1.8_n20_m13_05",
  "results": {
    "HRPW*": {
      "makespan": 102,
      "execution_time": 8.7738037109375e-05,
      "schedule": {
        "1": [
          0,
          0
        ],
        "3": [
          0,
          8
        ],
        "2": [
          8,
          13
        ],
        "5": [
          13,
          17
        ],
        "9": [
          17,
          27
        ],
        "11": [
          27,
          37
        ],
        "4": [
          37,
          42
        ],
        "10": [
          42,
          45
        ],
        "7": [
          45,
          47
        ],
        "12": [
          47,
          56
        ],
        "13": [
          56,
          60
        ],
        "6": [
          60,
          61
        ],
        "14": [
          61,
          66
        ],
        "15": [
          66,
          71
        ],
        "17": [
          71,
          74
        ],
        "16": [
          74,
          77
        ],
        "18": [
          77,
          80
        ],
        "21": [
          80,
          89
        ],
        "8": [
          89,
          91
        ],
        "20": [
          91,
          97
        ],
        "19": [
          97,
          102
        ],
        "22": [
          102,
          102
        ]
      },
      "activity_order": [
        1,
        3,
        2,
        5,
        9,
        11,
        4,
        10,
        7,
        12,
        13,
        6,
        14,
        15,
        17,
        16,
        18,
        21,
        8,
        20,
        19,
        22
      ]
    },
    "LST": {
      "makespan": 102,
      "execution_time": 8.0108642578125e-05,
      "schedule": {
        "1": [
          0,
          0
        ],
        "3": [
          0,
          8
        ],
        "2": [
          8,
          13
        ],
        "5": [
          13,
          17
        ],
        "9": [
          17,
          27
        ],
        "11": [
          27,
          37
        ],
        "4": [
          37,
          42
        ],
        "10": [
          42,
          45
        ],
        "7": [
          45,
          47
        ],
        "12": [
          47,
          56
        ],
        "13": [
          56,
          60
        ],
        "6": [
          60,
          61
        ],
        "14": [
          61,
          66
        ],
        "15": [
          66,
          71
        ],
        "17": [
          71,
          74
        ],
        "16": [
          74,
          77
        ],
        "18": [
          77,
          80
        ],
        "21": [
          80,
          89
        ],
        "8": [
          89,
          91
        ],
        "20": [
          91,
          97
        ],
        "19": [
          97,
          102
        ],
        "22": [
          102,
          102
        ]
      },
      "activity_order": [
        1,
        3,
        2,
        5,
        9,
        11,
        4,
        10,
        7,
        12,
        13,
        6,
        14,
        15,
        17,
        16,
        18,
        21,
        8,
        20,
        19,
        22
      ]
    },
    "LFT": {
      "makespan": 102,
      "execution_time": 6.866455078125e-05,
      "schedule": {
        "1": [
          0,
          0
        ],
        "2": [
          0,
          5
        ],
        "3": [
          5,
          13
        ],
        "5": [
          13,
          17
        ],
        "4": [
          17,
          22
        ],
        "9": [
          22,
          32
        ],
        "7": [
          32,
          34
        ],
        "10": [
          34,
          37
        ],
        "6": [
          37,
          38
        ],
        "11": [
          38,
          48
        ],
        "13": [
          48,
          52
        ],
        "12": [
          52,
          61
        ],
        "14": [
          61,
          66
        ],
        "15": [
          66,
          71
        ],
        "17": [
          71,
          74
        ],
        "8": [
          74,
          76
        ],
        "16": [
          76,
          79
        ],
        "18": [
          79,
          82
        ],
        "19": [
          82,
          87
        ],
        "20": [
          87,
          93
        ],
        "21": [
          93,
          102
        ],
        "22": [
          102,
          102
        ]
      },
      "activity_order": [
        1,
        2,
        3,
        5,
        4,
        9,
        7,
        10,
        6,
        11,
        13,
        12,
        14,
        15,
        17,
        8,
        16,
        18,
        19,
        20,
        21,
        22
      ]
    },
    "MTS": {
      "makespan": 102,
      "execution_time": 6.437301635742188e-05,
      "schedule": {
        "1": [
          0,
          0
        ],
        "2": [
          0,
          5
        ],
        "4": [
          5,
          10
        ],
        "3": [
          10,
          18
        ],
        "7": [
          18,
          20
        ],
        "6": [
          20,
          21
        ],
        "10": [
          21,
          24
        ],
        "5": [
          24,
          28
        ],
        "13": [
          28,
          32
        ],
        "9": [
          32,
          42
        ],
        "11": [
          42,
          52
        ],
        "15": [
          52,
          57
        ],
        "17": [
          57,
          60
        ],
        "8": [
          60,
          62
        ],
        "12": [
          62,
          71
        ],
        "14": [
          71,
          76
        ],
        "16": [
          76,
          79
        ],
        "18": [
          79,
          82
        ],
        "19": [
          82,
          87
        ],
        "20": [
          87,
          93
        ],
        "21": [
          93,
          102
        ],
        "22": [
          102,
          102
        ]
      },
      "activity_order": [
        1,
        2,
        4,
        3,
        7,
        6,
        10,
        5,
        13,
        9,
        11,
        15,
        17,
        8,
        12,
        14,
        16,
        18,
        19,
        20,
        21,
        22
      ]
    },
    "TIMROS": {
      "makespan": 102,
      "execution_time": 7.271766662597656e-05,
      "schedule": {
        "1": [
          0,
          0
        ],
        "3": [
          0,
          8
        ],
        "9": [
          8,
          18
        ],
        "12": [
          18,
          27
        ],
        "4": [
          27,
          32
        ],
        "2": [
          32,
          37
        ],
        "10": [
          37,
          40
        ],
        "5": [
          40,
          44
        ],
        "11": [
          44,
          54
        ],
        "14": [
          54,
          59
        ],
        "6": [
          59,
          60
        ],
        "7": [
          60,
          62
        ],
        "15": [
          62,
          67
        ],
        "21": [
          67,
          76
        ],
        "13": [
          76,
          80
        ],
        "16": [
          80,
          83
        ],
        "17": [
          83,
          86
        ],
        "19": [
          86,
          91
        ],
        "18": [
          91,
          94
        ],
        "8": [
          94,
          96
        ],
        "20": [
          96,
          102
        ],
        "22": [
          102,
          102
        ]
      },
      "activity_order": [
        1,
        3,
        9,
        12,
        4,
        2,
        10,
        5,
        11,
        14,
        6,
        7,
        15,
        21,
        13,
        16,
        17,
        19,
        18,
        8,
        20,
        22
      ]
    },