{
  "instance": "inst_set1a_sf0.5_nc1.8_n20_m15_03",
  "results": {
    "HRPW*": {
      "makespan": 72,
      "execution_time": 0.0002567768096923828,
      "schedule": {
        "1": [
          0,
          0
        ],
        "3": [
          0,
          5
        ],
        "7": [
          5,
          14
        ],
        "4": [
          14,
          20
        ],
        "6": [
          20,
          23
        ],
        "2": [
          23,
          26
        ],
        "8": [
          26,
          29
        ],
        "12": [
          20,
          28
        ],
        "9": [
          29,
          39
        ],
        "10": [
          39,
          45
        ],
        "11": [
          23,
          27
        ],
        "14": [
          23,
          29
        ],
        "5": [
          45,
          48
        ],
        "15": [
          48,
          53
        ],
        "16": [
          48,
          53
        ],
        "13": [
          53,
          55
        ],
        "17": [
          29,
          33
        ],
        "18": [
          55,
          63
        ],
        "21": [
          53,
          63
        ],
        "19": [
          63,
          72
        ],
        "20": [
          63,
          67
        ],
        "22": [
          72,
          72
        ]
      },
      "activity_order": [
        1,
        3,
        7,
        4,
        6,
        2,
        8,
        12,
        9,
        10,
        11,
        14,
        5,
        15,
        16,
        13,
        17,
        18,
        21,
        19,
        20,
        22
      ]
    },
    "LST": {
      "makespan": 72,
      "execution_time": 0.00022840499877929688,
      "schedule": {
        "1": [
          0,
          0
        ],
        "3": [
          0,
          5
        ],
        "7": [
          5,
          14
        ],
        "4": [
          14,
          20
        ],
        "6": [
          20,
          23
        ],
        "2": [
          23,
          26
        ],
        "8": [
          26,
          29
        ],
        "12": [
          20,
          28
        ],
        "9": [
          29,
          39
        ],
        "10": [
          39,
          45
        ],
        "11": [
          23,
          27
        ],
        "14": [
          23,
          29
        ],
        "5": [
          45,
          48
        ],
        "15": [
          48,
          53
        ],
        "16": [
          48,
          53
        ],
        "13": [
          53,
          55
        ],
        "17": [
          29,
          33
        ],
        "18": [
          55,
          63
        ],
        "21": [
          53,
          63
        ],
        "19": [
          63,
          72
        ],
        "20": [
          63,
          67
        ],
        "22": [
          72,
          72
        ]
      },
      "activity_order": [
        1,
        3,
        7,
        4,
        6,
        2,
        8,
        12,
        9,
        10,
        11,
        14,
        5,
        15,
        16,
        13,
        17,
        18,
        21,
        19,
        20,
        22
      ]
    },
    "LFT": {
      "makespan": 59,
      "execution_time": 0.0002319812774658203,
      "schedule": {
        "1": [
          0,
          0
        ],
        "3": [
          0,
          5
        ],
        "4": [
          0,
          6
        ],
        "7": [
          6,
          15
        ],
        "6": [
          6,
          9
        ],
        "2": [
          9,
          12
        ],
        "8": [
          15,
          18
        ],
        "5": [
          18,
          21
        ],
        "10": [
          21,
          27
        ],
        "11": [
          9,
          13
        ],
        "12": [
          15,
          23
        ],
        "14": [
          9,
          15
        ],
        "9": [
          27,
          37
        ],
        "13": [
          18,
          20
        ],
        "15": [
          21,
          26
        ],
        "16": [
          37,
          42
        ],
        "17": [
          15,
          19
        ],
        "18": [
          42,
          50
        ],
        "19": [
          50,
          59
        ],
        "20": [
          50,
          54
        ],
        "21": [
          42,
          52
        ],
        "22": [
          59,
          59
        ]
      },
      "activity_order": [
        1,
        3,
        4,
        7,
        6,
        2,
        8,
        5,
        10,
        11,
        12,
        14,
        9,
        13,
        15,
        16,
        17,
        18,
        19,
        20,
        21,
        22
      ]
    },
    "MTS": {
      "makespan": 62,
      "execution_time": 0.0002338886260986328,
      "schedule": {
        "1": [
          0,
          0
        ],
        "4": [
          0,
          6
        ],
        "3": [
          0,
          5
        ],
        "6": [
          6,
          9
        ],
        "7": [
          6,
          15
        ],
        "8": [
          15,
          18
        ],
        "2": [
          18,
          21
        ],
        "11": [
          9,
          13
        ],
        "12": [
          15,
          23
        ],
        "9": [
          21,
          31
        ],
        "10": [
          31,
          37
        ],
        "5": [
          37,
          40
        ],
        "13": [
          21,
          23
        ],
        "14": [
          23,
          29
        ],
        "15": [
          40,
          45
        ],
        "16": [
          40,
          45
        ],
        "17": [
          29,
          33
        ],
        "18": [
          45,
          53
        ],
        "19": [
          53,
          62
        ],
        "20": [
          53,
          57
        ],
        "21": [
          45,
          55
        ],
        "22": [
          62,
          62
        ]
      },
      "activity_order": [
        1,
        4,
        3,
        6,
        7,
        8,
        2,
        11,
        12,
        9,
        10,
        5,
        13,
        14,
        15,
        16,
        17,
        18,
        19,
        20,
        21,
        22
      ]
    },
    "TIMROS": {
      "makespan": 60,
      "execution_time": 0.0005996227264404297,
      "schedule": {
        "1": [
          0,
          0
        ],
        "4": [
          0,
          6
        ],
        "3": [
          0,
          5
        ],
        "7": [
          6,
          15
        ],
        "12": [
          15,
          23
        ],
        "6": [
          6,
          9
        ],
        "9": [
          9,
          19
        ],
        "11": [
          9,
          13
        ],
        "14": [
          9,
          15
        ],
        "17": [
          15,
          19
        ],
        "19": [
          19,
          28
        ],
        "2": [
          28,
          31
        ],
        "5": [
          31,
          34
        ],
        "8": [
          34,
          37
        ],
        "10": [
          37,
          43
        ],
        "16": [
          43,
          48
        ],
        "15": [
          37,
          42
        ],
        "21": [
          48,
          58
        ],
        "13": [
          42,
          44
        ],
        "18": [
          48,
          56
        ],
        "20": [
          56,
          60
        ],
        "22": [
          60,
          60
        ]
      },
      "activity_order": [
        1,
        4,
        3,
        7,
        12,
        6,
        9,
        11,
        14,
        17,
        19,
        2,
        5,
        8,
        10,
        16,
        15,
        21,
        13,
        18,
        20,
        22
      ]
    },
    "HRU1": {
      "makespan": 58,