{
  "instance": "inst_set1a_sf1_nc1.8_n20_m25_03",
  "results": {
    "HRPW*": {
      "makespan": 136,
      "execution_time": 0.0003592967987060547,
      "schedule": {
        "1": [
          0,
          0
        ],
        "3": [
          0,
          10
        ],
        "4": [
          10,
          20
        ],
        "7": [
          20,
          27
        ],
        "6": [
          27,
          35
        ],
        "5": [
          35,
          40
        ],
        "9": [
          40,
          50
        ],
        "2": [
          50,
          57
        ],
        "14": [
          57,
          65
        ],
        "12": [
          65,
          74
        ],
        "18": [
          74,
          84
        ],
        "13": [
          84,
          86
        ],
        "15": [
          86,
          90
        ],
        "8": [
          90,
          95
        ],
        "17": [
          95,
          100
        ],
        "10": [
          100,
          102
        ],
        "16": [
          102,
          112
        ],
        "11": [
          112,
          113
        ],
        "20": [
          113,
          123
        ],
        "21": [
          123,
          133
        ],
        "19": [
          133,
          136
        ],
        "22": [
          136,
          136
        ]
      },
      "activity_order": [
        1,
        3,
        4,
        7,
        6,
        5,
        9,
        2,
        14,
        12,
        18,
        13,
        15,
        8,
        17,
        10,
        16,
        11,
        20,
        21,
        19,
        22
      ]
    },
    "LST": {
      "makespan": 136,
      "execution_time": 0.0005557537078857422,
      "schedule": {
        "1": [
          0,
          0
        ],
        "3": [
          0,
          10
        ],
        "4": [
          10,
          20
        ],
        "7": [
          20,
          27
        ],
        "6": [
          27,
          35
        ],
        "5": [
          35,
          40
        ],
        "9": [
          40,
          50
        ],
        "2": [
          50,
          57
        ],
        "14": [
          57,
          65
        ],
        "12": [
          65,
          74
        ],
        "18": [
          74,
          84
        ],
        "13": [
          84,
          86
        ],
        "15": [
          86,
          90
        ],
        "8": [
          90,
          95
        ],
        "17": [
          95,
          100
        ],
        "10": [
          100,
          102
        ],
        "16": [
          102,
          112
        ],
        "11": [
          112,
          113
        ],
        "20": [
          113,
          123
        ],
        "21": [
          123,
          133
        ],
        "19": [
          133,
          136
        ],
        "22": [
          136,
          136
        ]
      },
      "activity_order": [
        1,
        3,
        4,
        7,
        6,
        5,
        9,
        2,
        14,
        12,
        18,
        13,
        15,
        8,
        17,
        10,
        16,
        11,
        20,
        21,
        19,
        22
      ]
    },
    "LFT": {
      "makespan": 136,
      "execution_time": 0.0003657341003417969,
      "schedule": {
        "1": [
          0,
          0
        ],
        "3": [
          0,
          10
        ],
        "4": [
          10,
          20
        ],
        "7": [
          20,
          27
        ],
        "5": [
          27,
          32
        ],
        "6": [
          32,
          40
        ],
        "2": [
          40,
          47
        ],
        "9": [
          47,
          57
        ],
        "13": [
          57,
          59
        ],
        "14": [
          59,
          67
        ],
        "12": [
          67,
          76
        ],
        "15": [
          76,
          80
        ],
        "10": [
          80,
          82
        ],
        "8": [
          82,
          87
        ],
        "11": [
          87,
          88
        ],
        "17": [
          88,
          93
        ],
        "18": [
          93,
          103
        ],
        "16": [
          103,
          113
        ],
        "19": [
          113,
          116
        ],
        "20": [
          116,
          126
        ],
        "21": [
          126,
          136
        ],
        "22": [
          136,
          136
        ]
      },
      "activity_order": [
        1,
        3,
        4,
        7,
        5,
        6,
        2,
        9,
        13,
        14,
        12,
        15,
        10,
        8,
        11,
        17,
        18,
        16,
        19,
        20,
        21,
        22
      ]
    },
    "MTS": {
      "makespan": 136,
      "execution_time": 0.0003693103790283203,
      "schedule": {
        "1": [
          0,
          0
        ],
        "3": [
          0,
          10
        ],
        "4": [
          10,
          20
        ],
        "7": [
          20,
          27
        ],
        "6": [
          27,
          35
        ],
        "5": [
          35,
          40
        ],
        "2": [
          40,
          47
        ],
        "9": [
          47,
          57
        ],
        "14": [
          57,
          65
        ],
        "13": [
          65,
          67
        ],
        "10": [
          67,
          69
        ],
        "12": [
          69,
          78
        ],
        "15": [
          78,
          82
        ],
        "18": [
          82,
          92
        ],
        "8": [
          92,
          97
        ],
        "11": [
          97,
          98
        ],
        "16": [
          98,
          108
        ],
        "17": [
          108,
          113
        ],
        "19": [
          113,
          116
        ],
        "20": [
          116,
          126
        ],
        "21": [
          126,
          136
        ],
        "22": [
          136,
          136
        ]
      },
      "activity_order": [
        1,
        3,
        4,
        7,
        6,
        5,
        2,
        9,
        14,
        13,
        10,
        12,
        15,
        18,
        8,
        11,
        16,
        17,
        19,
        20,
        21,
        22
      ]
    },
    "TIMROS": {
      "makespan": 136,
      "execution_time": 0.0003871917724609375,
      "schedule": {
        "1": [
          0,
          0
        ],
        "3": [
          0,
          10
        ],
        "4": [
          10,
          20
        ],
        "6": [
          20,
          28
        ],
        "12": [
          28,
          37
        ],
        "2": [
          37,
          44
        ],
        "7": [
          44,
          51
        ],
        "9": [
          51,
          61
        ],
        "18": [
          61,
          71
        ],
        "5": [
          71,
          76
        ],
        "14": [
          76,
          84
        ],
        "8": [
          84,
          89
        ],
        "17": [
          89,
          94
        ],
        "21": [
          94,
          104
        ],
        "10": [
          104,
          106
        ],
        "13": [
          106,
          108
        ],
        "15": [
          108,
          112
        ],
        "16": [
          112,
          122
        ],
        "19": [
          122,
          125
        ],
        "11": [
          125,
          126
        ],
        "20": [
          126,
          136
        ],
        "22": [
          136,
          136
        ]
      },