{
  "instance": "inst_set1a_sf0_nc1.5_n20_m25_02",
  "results": {
    "HRPW*": {
      "makespan": 48,
      "execution_time": 0.00032067298889160156,
      "schedule": {
        "1": [
          0,
          0
        ],
        "2": [
          0,
          4
        ],
        "4": [
          0,
          1
        ],
        "5": [
          1,
          2
        ],
        "7": [
          2,
          10
        ],
        "11": [
          10,
          19
        ],
        "14": [
          4,
          12
        ],
        "9": [
          12,
          16
        ],
        "6": [
          4,
          9
        ],
        "8": [
          16,
          17
        ],
        "15": [
          19,
          23
        ],
        "12": [
          16,
          18
        ],
        "3": [
          23,
          25
        ],
        "17": [
          25,
          33
        ],
        "10": [
          33,
          34
        ],
        "13": [
          34,
          35
        ],
        "18": [
          35,
          41
        ],
        "16": [
          23,
          24
        ],
        "21": [
          35,
          43
        ],
        "20": [
          41,
          48
        ],
        "19": [
          41,
          44
        ],
        "22": [
          48,
          48
        ]
      },
      "activity_order": [
        1,
        2,
        4,
        5,
        7,
        11,
        14,
        9,
        6,
        8,
        15,
        12,
        3,
        17,
        10,
        13,
        18,
        16,
        21,
        20,
        19,
        22
      ]
    },
    "LST": {
      "makespan": 48,
      "execution_time": 0.00032782554626464844,
      "schedule": {
        "1": [
          0,
          0
        ],
        "2": [
          0,
          4
        ],
        "4": [
          0,
          1
        ],
        "5": [
          1,
          2
        ],
        "7": [
          2,
          10
        ],
        "11": [
          10,
          19
        ],
        "14": [
          4,
          12
        ],
        "9": [
          12,
          16
        ],
        "6": [
          4,
          9
        ],
        "8": [
          16,
          17
        ],
        "15": [
          19,
          23
        ],
        "12": [
          16,
          18
        ],
        "3": [
          23,
          25
        ],
        "17": [
          25,
          33
        ],
        "10": [
          33,
          34
        ],
        "13": [
          34,
          35
        ],
        "18": [
          35,
          41
        ],
        "16": [
          23,
          24
        ],
        "21": [
          35,
          43
        ],
        "20": [
          41,
          48
        ],
        "19": [
          41,
          44
        ],
        "22": [
          48,
          48
        ]
      },
      "activity_order": [
        1,
        2,
        4,
        5,
        7,
        11,
        14,
        9,
        6,
        8,
        15,
        12,
        3,
        17,
        10,
        13,
        18,
        16,
        21,
        20,
        19,
        22
      ]
    },
    "LFT": {
      "makespan": 47,
      "execution_time": 0.00033402442932128906,
      "schedule": {
        "1": [
          0,
          0
        ],
        "4": [
          0,
          1
        ],
        "5": [
          1,
          2
        ],
        "2": [
          0,
          4
        ],
        "7": [
          2,
          10
        ],
        "8": [
          1,
          2
        ],
        "11": [
          10,
          19
        ],
        "14": [
          4,
          12
        ],
        "9": [
          12,
          16
        ],
        "6": [
          4,
          9
        ],
        "12": [
          16,
          18
        ],
        "15": [
          19,
          23
        ],
        "3": [
          23,
          25
        ],
        "10": [
          25,
          26
        ],
        "13": [
          26,
          27
        ],
        "16": [
          23,
          24
        ],
        "17": [
          26,
          34
        ],
        "18": [
          34,
          40
        ],
        "19": [
          40,
          43
        ],
        "20": [
          40,
          47
        ],
        "21": [
          34,
          42
        ],
        "22": [
          47,
          47
        ]
      },
      "activity_order": [
        1,
        4,
        5,
        2,
        7,
        8,
        11,
        14,
        9,
        6,
        12,
        15,
        3,
        10,
        13,
        16,
        17,
        18,
        19,
        20,
        21,
        22
      ]
    },
    "MTS": {
      "makespan": 53,
      "execution_time": 0.00036454200744628906,
      "schedule": {
        "1": [
          0,
          0
        ],
        "4": [
          0,
          1
        ],
        "5": [
          1,
          2
        ],
        "2": [
          0,
          4
        ],
        "7": [
          2,
          10
        ],
        "9": [
          10,
          14
        ],
        "8": [
          14,
          15
        ],
        "11": [
          10,
          19
        ],
        "14": [
          15,
          23
        ],
        "15": [
          23,
          27
        ],
        "3": [
          27,
          29
        ],
        "10": [
          29,
          30
        ],
        "13": [
          30,
          31
        ],
        "6": [
          4,
          9
        ],
        "12": [
          14,
          16
        ],
        "18": [
          31,
          37
        ],
        "16": [
          27,
          28
        ],
        "17": [
          37,
          45
        ],
        "19": [
          45,
          48
        ],
        "20": [
          37,
          44
        ],
        "21": [
          45,
          53
        ],
        "22": [
          53,
          53
        ]
      },
      "activity_order": [
        1,
        4,
        5,
        2,
        7,
        9,
        8,
        11,
        14,
        15,
        3,
        10,
        13,
        6,
        12,
        18,
        16,
        17,
        19,
        20,
        21,
        22
      ]
    },
    "TIMROS": {
      "makespan": 54,
      "execution_time": 0.00045371055603027344,
      "schedule": {
        "1": [
          0,
          0
        ],
        "2": [
          0,
          4
        ],
        "6": [
          4,
          9
        ],
        "4": [
          0,
          1
        ],
        "11": [
          1,
          10
        ],
        "8": [
          1,
          2
        ],
        "5": [
          1,
          2
        ],
        "7": [
          10,
          18
        ],
        "14": [
          4,
          12
        ],
        "9": [
          18,
          22
        ],
        "12": [
          22,
          24
        ],
        "15": [
          12,
          16
        ],
        "17": [
          24,
          32
        ],
        "16": [
          24,
          25
        ],
        "21": [
          32,
          40
        ],
        "3": [
          32,
          34
        ],
        "10": [
          34,
          35
        ],
        "13": [
          40,
          41
        ],
        "18": [
          41,
          47
        ],
        "20": [
          47,
          54
        ],
        "19": [
          47,
          50
        ],
        "22": [
          54,
          54
        ]
      },
      "activity_order": [
        1,
        2,
        6,
        4,
        11,
        8,
        5,
        7,
        14,
        9,
        12,
        15,
        17,
        16,
        21,
        3,
        10,
        13,
        18,
        20,
        19,
        22
      ]
    },
    "HRU1": {
      "makespan": 49,