{
  "instance": "inst_set1a_sf0_nc1.8_n20_m20_04",
  "results": {
    "HRPW*": {
      "makespan": 71,
      "execution_time": 0.00025773048400878906,
      "schedule": {
        "1": [
          0,
          0
        ],
        "2": [
          0,
          7
        ],
        "3": [
          0,
          5
        ],
        "5": [
          7,
          11
        ],
        "6": [
          11,
          18
        ],
        "7": [
          18,
          25
        ],
        "8": [
          25,
          31
        ],
        "11": [
          31,
          36
        ],
        "12": [
          25,
          29
        ],
        "13": [
          36,
          42
        ],
        "9": [
          42,
          46
        ],
        "10": [
          46,
          52
        ],
        "17": [
          36,
          42
        ],
        "15": [
          46,
          48
        ],
        "14": [
          42,
          52
        ],
        "16": [
          52,
          61
        ],
        "18": [
          52,
          58
        ],
        "4": [
          52,
          57
        ],
        "21": [
          58,
          66
        ],
        "19": [
          61,
          66
        ],
        "20": [
          66,
          71
        ],
        "22": [
          71,
          71
        ]
      },
      "activity_order": [
        1,
        2,
        3,
        5,
        6,
        7,
        8,
        11,
        12,
        13,
        9,
        10,
        17,
        15,
        14,
        16,
        18,
        4,
        21,
        19,
        20,
        22
      ]
    },
    "LST": {
      "makespan": 71,
      "execution_time": 0.0003490447998046875,
      "schedule": {
        "1": [
          0,
          0
        ],
        "2": [
          0,
          7
        ],
        "3": [
          0,
          5
        ],
        "5": [
          7,
          11
        ],
        "6": [
          11,
          18
        ],
        "7": [
          18,
          25
        ],
        "8": [
          25,
          31
        ],
        "11": [
          31,
          36
        ],
        "12": [
          25,
          29
        ],
        "13": [
          36,
          42
        ],
        "9": [
          42,
          46
        ],
        "10": [
          46,
          52
        ],
        "17": [
          36,
          42
        ],
        "15": [
          46,
          48
        ],
        "14": [
          42,
          52
        ],
        "16": [
          52,
          61
        ],
        "18": [
          52,
          58
        ],
        "4": [
          52,
          57
        ],
        "21": [
          58,
          66
        ],
        "19": [
          61,
          66
        ],
        "20": [
          66,
          71
        ],
        "22": [
          71,
          71
        ]
      },
      "activity_order": [
        1,
        2,
        3,
        5,
        6,
        7,
        8,
        11,
        12,
        13,
        9,
        10,
        17,
        15,
        14,
        16,
        18,
        4,
        21,
        19,
        20,
        22
      ]
    },
    "LFT": {
      "makespan": 71,
      "execution_time": 0.00025534629821777344,
      "schedule": {
        "1": [
          0,
          0
        ],
        "2": [
          0,
          7
        ],
        "3": [
          0,
          5
        ],
        "5": [
          7,
          11
        ],
        "6": [
          11,
          18
        ],
        "7": [
          18,
          25
        ],
        "8": [
          25,
          31
        ],
        "12": [
          25,
          29
        ],
        "11": [
          31,
          36
        ],
        "9": [
          36,
          40
        ],
        "13": [
          40,
          46
        ],
        "10": [
          46,
          52
        ],
        "15": [
          40,
          42
        ],
        "17": [
          36,
          42
        ],
        "18": [
          52,
          58
        ],
        "4": [
          0,
          5
        ],
        "14": [
          46,
          56
        ],
        "16": [
          52,
          61
        ],
        "19": [
          61,
          66
        ],
        "20": [
          66,
          71
        ],
        "21": [
          58,
          66
        ],
        "22": [
          71,
          71
        ]
      },
      "activity_order": [
        1,
        2,
        3,
        5,
        6,
        7,
        8,
        12,
        11,
        9,
        13,
        10,
        15,
        17,
        18,
        4,
        14,
        16,
        19,
        20,
        21,
        22
      ]
    },
    "MTS": {
      "makespan": 72,
      "execution_time": 0.00025081634521484375,
      "schedule": {
        "1": [
          0,
          0
        ],
        "2": [
          0,
          7
        ],
        "3": [
          0,
          5
        ],
        "5": [
          7,
          11
        ],
        "8": [
          11,
          17
        ],
        "6": [
          17,
          24
        ],
        "7": [
          24,
          31
        ],
        "11": [
          31,
          36
        ],
        "12": [
          31,
          35
        ],
        "9": [
          36,
          40
        ],
        "10": [
          40,
          46
        ],
        "13": [
          46,
          52
        ],
        "17": [
          36,
          42
        ],
        "18": [
          46,
          52
        ],
        "14": [
          52,
          62
        ],
        "15": [
          40,
          42
        ],
        "4": [
          62,
          67
        ],
        "16": [
          52,
          61
        ],
        "19": [
          62,
          67
        ],
        "20": [
          67,
          72
        ],
        "21": [
          52,
          60
        ],
        "22": [
          72,
          72
        ]
      },
      "activity_order": [
        1,
        2,
        3,
        5,
        8,
        6,
        7,
        11,
        12,
        9,
        10,
        13,
        17,
        18,
        14,
        15,
        4,
        16,
        19,
        20,
        21,
        22
      ]
    },
    "TIMROS": {
      "makespan": 74,
      "execution_time": 0.0002713203430175781,
      "schedule": {
        "1": [
          0,
          0
        ],
        "2": [
          0,
          7
        ],
        "3": [
          0,
          5
        ],
        "7": [
          7,
          14
        ],
        "12": [
          14,
          18
        ],
        "8": [
          14,
          20
        ],
        "9": [
          20,
          24
        ],
        "15": [
          24,
          26
        ],
        "4": [
          0,
          5
        ],
        "10": [
          24,
          30
        ],
        "5": [
          30,
          34
        ],
        "6": [
          34,
          41
        ],
        "13": [
          41,
          47
        ],
        "11": [
          47,
          52
        ],
        "17": [
          52,
          58
        ],
        "14": [
          47,
          57
        ],
        "16": [
          52,
          61
        ],
        "18": [
          58,
          64
        ],
        "21": [
          64,
          72
        ],
        "20": [
          64,
          69
        ],
        "19": [
          69,
          74
        ],
        "22": [
          74,
          74
        ]
      },
      "activity_order": [
        1,
        2,
        3,
        7,
        12,
        8,
        9,
        15,
        4,
        10,
        5,
        6,
        13,
        11,
        17,
        14,
        16,
        18,
        21,
        20,
        19,
        22
      ]
    },
    "HRU1": {
      "makespan": 71,