{
  "instance": "inst_set1a_sf1_nc2.1_n20_m20_00",
  "results": {
    "HRPW*": {
      "makespan": 117,
      "execution_time": 0.00034046173095703125,
      "schedule": {
        "1": [
          0,
          0
        ],
        "3": [
          0,
          8
        ],
        "4": [
          8,
          14
        ],
        "5": [
          14,
          16
        ],
        "7": [
          16,
          20
        ],
        "8": [
          20,
          21
        ],
        "10": [
          21,
          30
        ],
        "11": [
          30,
          36
        ],
        "2": [
          36,
          41
        ],
        "15": [
          41,
          51
        ],
        "13": [
          51,
          59
        ],
        "9": [
          59,
          66
        ],
        "6": [
          66,
          69
        ],
        "14": [
          69,
          77
        ],
        "12": [
          77,
          82
        ],
        "16": [
          82,
          85
        ],
        "18": [
          85,
          88
        ],
        "17": [
          88,
          90
        ],
        "19": [
          90,
          100
        ],
        "20": [
          100,
          109
        ],
        "21": [
          109,
          117
        ],
        "22": [
          117,
          117
        ]
      },
      "activity_order": [
        1,
        3,
        4,
        5,
        7,
        8,
        10,
        11,
        2,
        15,
        13,
        9,
        6,
        14,
        12,
        16,
        18,
        17,
        19,
        20,
        21,
        22
      ]
    },
    "LST": {
      "makespan": 117,
      "execution_time": 0.00030422210693359375,
      "schedule": {
        "1": [
          0,
          0
        ],
        "3": [
          0,
          8
        ],
        "4": [
          8,
          14
        ],
        "5": [
          14,
          16
        ],
        "7": [
          16,
          20
        ],
        "8": [
          20,
          21
        ],
        "10": [
          21,
          30
        ],
        "11": [
          30,
          36
        ],
        "2": [
          36,
          41
        ],
        "15": [
          41,
          51
        ],
        "13": [
          51,
          59
        ],
        "9": [
          59,
          66
        ],
        "6": [
          66,
          69
        ],
        "14": [
          69,
          77
        ],
        "12": [
          77,
          82
        ],
        "16": [
          82,
          85
        ],
        "18": [
          85,
          88
        ],
        "17": [
          88,
          90
        ],
        "19": [
          90,
          100
        ],
        "20": [
          100,
          109
        ],
        "21": [
          109,
          117
        ],
        "22": [
          117,
          117
        ]
      },
      "activity_order": [
        1,
        3,
        4,
        5,
        7,
        8,
        10,
        11,
        2,
        15,
        13,
        9,
        6,
        14,
        12,
        16,
        18,
        17,
        19,
        20,
        21,
        22
      ]
    },
    "LFT": {
      "makespan": 117,
      "execution_time": 0.0003116130828857422,
      "schedule": {
        "1": [
          0,
          0
        ],
        "3": [
          0,
          8
        ],
        "4": [
          8,
          14
        ],
        "5": [
          14,
          16
        ],
        "7": [
          16,
          20
        ],
        "8": [
          20,
          21
        ],
        "11": [
          21,
          27
        ],
        "10": [
          27,
          36
        ],
        "2": [
          36,
          41
        ],
        "6": [
          41,
          44
        ],
        "9": [
          44,
          51
        ],
        "13": [
          51,
          59
        ],
        "15": [
          59,
          69
        ],
        "12": [
          69,
          74
        ],
        "14": [
          74,
          82
        ],
        "16": [
          82,
          85
        ],
        "17": [
          85,
          87
        ],
        "18": [
          87,
          90
        ],
        "19": [
          90,
          100
        ],
        "20": [
          100,
          109
        ],
        "21": [
          109,
          117
        ],
        "22": [
          117,
          117
        ]
      },
      "activity_order": [
        1,
        3,
        4,
        5,
        7,
        8,
        11,
        10,
        2,
        6,
        9,
        13,
        15,
        12,
        14,
        16,
        17,
        18,
        19,
        20,
        21,
        22
      ]
    },
    "MTS": {
      "makespan": 117,
      "execution_time": 0.00033473968505859375,
      "schedule": {
        "1": [
          0,
          0
        ],
        "3": [
          0,
          8
        ],
        "4": [
          8,
          14
        ],
        "5": [
          14,
          16
        ],
        "8": [
          16,
          17
        ],
        "7": [
          17,
          21
        ],
        "2": [
          21,
          26
        ],
        "11": [
          26,
          32
        ],
        "10": [
          32,
          41
        ],
        "6": [
          41,
          44
        ],
        "14": [
          44,
          52
        ],
        "15": [
          52,
          62
        ],
        "9": [
          62,
          69
        ],
        "12": [
          69,
          74
        ],
        "13": [
          74,
          82
        ],
        "16": [
          82,
          85
        ],
        "17": [
          85,
          87
        ],
        "18": [
          87,
          90
        ],
        "19": [
          90,
          100
        ],
        "20": [
          100,
          109
        ],
        "21": [
          109,
          117
        ],
        "22": [
          117,
          117
        ]
      },
      "activity_order": [
        1,
        3,
        4,
        5,
        8,
        7,
        2,
        11,
        10,
        6,
        14,
        15,
        9,
        12,
        13,
        16,
        17,
        18,
        19,
        20,
        21,
        22
      ]
    },
    "TIMROS": {
      "makespan": 117,
      "execution_time": 0.00032973289489746094,
      "schedule": {
        "1": [
          0,
          0
        ],
        "3": [
          0,
          8
        ],
        "4": [
          8,
          14
        ],
        "2": [
          14,
          19
        ],
        "9": [
          19,
          26
        ],
        "6": [
          26,
          29
        ],
        "5": [
          29,
          31
        ],
        "11": [
          31,
          37
        ],
        "15": [
          37,
          47
        ],
        "7": [
          47,
          51
        ],
        "8": [
          51,
          52
        ],
        "10": [
          52,
          61
        ],
        "13": [
          61,
          69
        ],
        "14": [
          69,
          77
        ],
        "20": [
          77,
          86
        ],
        "12": [
          86,
          91
        ],
        "16": [
          91,
          94
        ],
        "19": [
          94,
          104
        ],
        "18": [
          104,
          107
        ],
        "17": [
          107,
          109
        ],
        "21": [
          109,
          117
        ],
        "22": [
          117,
          117
        ]
      },