{
  "instance": "inst_set1a_sf0.75_nc1.5_n20_m25_00",
  "results": {
    "HRPW*": {
      "makespan": 121,
      "execution_time": 4.267692565917969e-05,
      "schedule": {
        "1": [
          0,
          0
        ],
        "3": [
          0,
          8
        ],
        "5": [
          8,
          18
        ],
        "4": [
          18,
          25
        ],
        "8": [
          25,
          30
        ],
        "2": [
          30,
          34
        ],
        "10": [
          34,
          35
        ],
        "11": [
          35,
          45
        ],
        "13": [
          45,
          48
        ],
        "9": [
          48,
          50
        ],
        "7": [
          50,
          56
        ],
        "14": [
          56,
          65
        ],
        "6": [
          65,
          74
        ],
        "15": [
          74,
          80
        ],
        "16": [
          80,
          84
        ],
        "12": [
          84,
          88
        ],
        "17": [
          88,
          92
        ],
        "18": [
          92,
          95
        ],
        "19": [
          95,
          105
        ],
        "20": [
          105,
          113
        ],
        "21": [
          113,
          121
        ],
        "22": [
          121,
          121
        ]
      },
      "activity_order": [
        1,
        3,
        5,
        4,
        8,
        2,
        10,
        11,
        13,
        9,
        7,
        14,
        6,
        15,
        16,
        12,
        17,
        18,
        19,
        20,
        21,
        22
      ]
    },
    "LST": {
      "makespan": 121,
      "execution_time": 4.2438507080078125e-05,
      "schedule": {
        "1": [
          0,
          0
        ],
        "3": [
          0,
          8
        ],
        "5": [
          8,
          18
        ],
        "4": [
          18,
          25
        ],
        "8": [
          25,
          30
        ],
        "2": [
          30,
          34
        ],
        "10": [
          34,
          35
        ],
        "11": [
          35,
          45
        ],
        "13": [
          45,
          48
        ],
        "9": [
          48,
          50
        ],
        "7": [
          50,
          56
        ],
        "14": [
          56,
          65
        ],
        "6": [
          65,
          74
        ],
        "15": [
          74,
          80
        ],
        "16": [
          80,
          84
        ],
        "12": [
          84,
          88
        ],
        "17": [
          88,
          92
        ],
        "18": [
          92,
          95
        ],
        "19": [
          95,
          105
        ],
        "20": [
          105,
          113
        ],
        "21": [
          113,
          121
        ],
        "22": [
          121,
          121
        ]
      },
      "activity_order": [
        1,
        3,
        5,
        4,
        8,
        2,
        10,
        11,
        13,
        9,
        7,
        14,
        6,
        15,
        16,
        12,
        17,
        18,
        19,
        20,
        21,
        22
      ]
    },
    "LFT": {
      "makespan": 121,
      "execution_time": 3.838539123535156e-05,
      "schedule": {
        "1": [
          0,
          0
        ],
        "3": [
          0,
          8
        ],
        "5": [
          8,
          18
        ],
        "4": [
          18,
          25
        ],
        "8": [
          25,
          30
        ],
        "2": [
          30,
          34
        ],
        "10": [
          34,
          35
        ],
        "9": [
          35,
          37
        ],
        "13": [
          37,
          40
        ],
        "7": [
          40,
          46
        ],
        "11": [
          46,
          56
        ],
        "14": [
          56,
          65
        ],
        "6": [
          65,
          74
        ],
        "16": [
          74,
          78
        ],
        "12": [
          78,
          82
        ],
        "15": [
          82,
          88
        ],
        "17": [
          88,
          92
        ],
        "18": [
          92,
          95
        ],
        "19": [
          95,
          105
        ],
        "20": [
          105,
          113
        ],
        "21": [
          113,
          121
        ],
        "22": [
          121,
          121
        ]
      },
      "activity_order": [
        1,
        3,
        5,
        4,
        8,
        2,
        10,
        9,
        13,
        7,
        11,
        14,
        6,
        16,
        12,
        15,
        17,
        18,
        19,
        20,
        21,
        22
      ]
    },
    "MTS": {
      "makespan": 121,
      "execution_time": 4.482269287109375e-05,
      "schedule": {
        "1": [
          0,
          0
        ],
        "3": [
          0,
          8
        ],
        "5": [
          8,
          18
        ],
        "8": [
          18,
          23
        ],
        "4": [
          23,
          30
        ],
        "10": [
          30,
          31
        ],
        "2": [
          31,
          35
        ],
        "9": [
          35,
          37
        ],
        "13": [
          37,
          40
        ],
        "14": [
          40,
          49
        ],
        "7": [
          49,
          55
        ],
        "11": [
          55,
          65
        ],
        "6": [
          65,
          74
        ],
        "16": [
          74,
          78
        ],
        "12": [
          78,
          82
        ],
        "15": [
          82,
          88
        ],
        "17": [
          88,
          92
        ],
        "18": [
          92,
          95
        ],
        "19": [
          95,
          105
        ],
        "20": [
          105,
          113
        ],
        "21": [
          113,
          121
        ],
        "22": [
          121,
          121
        ]
      },
      "activity_order": [
        1,
        3,
        5,
        8,
        4,
        10,
        2,
        9,
        13,
        14,
        7,
        11,
        6,
        16,
        12,
        15,
        17,
        18,
        19,
        20,
        21,
        22
      ]
    },
    "TIMROS": {
      "makespan": 121,
      "execution_time": 3.790855407714844e-05,
      "schedule": {
        "1": [
          0,
          0
        ],
        "2": [
          0,
          4
        ],
        "3": [
          4,
          12
        ],
        "7": [
          12,
          18
        ],
        "16": [
          18,
          22
        ],
        "5": [
          22,
          32
        ],
        "8": [
          32,
          37
        ],
        "11": [
          37,
          47
        ],
        "6": [
          47,
          56
        ],
        "15": [
          56,
          62
        ],
        "4": [
          62,
          69
        ],
        "9": [
          69,
          71
        ],
        "12": [
          71,
          75
        ],
        "19": [
          75,
          85
        ],
        "10": [
          85,
          86
        ],
        "13": [
          86,
          89
        ],
        "14": [
          89,
          98
        ],
        "17": [
          98,
          102
        ],
        "20": [
          102,
          110
        ],
        "18": [
          110,
          113
        ],
        "21": [
          113,
          121
        ],
        "22": [
          121,
          121
        ]
      },