{
  "instance": "inst_set1a_sf0_nc1.8_n20_m20_05",
  "results": {
    "HRPW*": {
      "makespan": 60,
      "execution_time": 0.00029397010803222656,
      "schedule": {
        "1": [
          0,
          0
        ],
        "2": [
          0,
          3
        ],
        "5": [
          3,
          4
        ],
        "8": [
          4,
          10
        ],
        "7": [
          10,
          20
        ],
        "4": [
          20,
          27
        ],
        "10": [
          10,
          13
        ],
        "12": [
          13,
          21
        ],
        "6": [
          27,
          35
        ],
        "9": [
          27,
          33
        ],
        "13": [
          33,
          41
        ],
        "11": [
          20,
          24
        ],
        "14": [
          33,
          36
        ],
        "15": [
          35,
          44
        ],
        "16": [
          41,
          42
        ],
        "3": [
          42,
          51
        ],
        "18": [
          42,
          51
        ],
        "17": [
          44,
          47
        ],
        "20": [
          51,
          60
        ],
        "21": [
          51,
          57
        ],
        "19": [
          47,
          49
        ],
        "22": [
          60,
          60
        ]
      },
      "activity_order": [
        1,
        2,
        5,
        8,
        7,
        4,
        10,
        12,
        6,
        9,
        13,
        11,
        14,
        15,
        16,
        3,
        18,
        17,
        20,
        21,
        19,
        22
      ]
    },
    "LST": {
      "makespan": 60,
      "execution_time": 0.0004057884216308594,
      "schedule": {
        "1": [
          0,
          0
        ],
        "2": [
          0,
          3
        ],
        "5": [
          3,
          4
        ],
        "8": [
          4,
          10
        ],
        "7": [
          10,
          20
        ],
        "4": [
          20,
          27
        ],
        "10": [
          10,
          13
        ],
        "12": [
          13,
          21
        ],
        "6": [
          27,
          35
        ],
        "9": [
          27,
          33
        ],
        "13": [
          33,
          41
        ],
        "11": [
          20,
          24
        ],
        "14": [
          33,
          36
        ],
        "15": [
          35,
          44
        ],
        "16": [
          41,
          42
        ],
        "3": [
          42,
          51
        ],
        "18": [
          42,
          51
        ],
        "17": [
          44,
          47
        ],
        "20": [
          51,
          60
        ],
        "21": [
          51,
          57
        ],
        "19": [
          47,
          49
        ],
        "22": [
          60,
          60
        ]
      },
      "activity_order": [
        1,
        2,
        5,
        8,
        7,
        4,
        10,
        12,
        6,
        9,
        13,
        11,
        14,
        15,
        16,
        3,
        18,
        17,
        20,
        21,
        19,
        22
      ]
    },
    "LFT": {
      "makespan": 60,
      "execution_time": 0.0003306865692138672,
      "schedule": {
        "1": [
          0,
          0
        ],
        "2": [
          0,
          3
        ],
        "5": [
          3,
          4
        ],
        "8": [
          4,
          10
        ],
        "4": [
          10,
          17
        ],
        "10": [
          10,
          13
        ],
        "7": [
          17,
          27
        ],
        "9": [
          27,
          33
        ],
        "11": [
          27,
          31
        ],
        "12": [
          13,
          21
        ],
        "6": [
          21,
          29
        ],
        "13": [
          33,
          41
        ],
        "14": [
          33,
          36
        ],
        "16": [
          41,
          42
        ],
        "15": [
          29,
          38
        ],
        "3": [
          42,
          51
        ],
        "17": [
          38,
          41
        ],
        "18": [
          42,
          51
        ],
        "19": [
          41,
          43
        ],
        "20": [
          51,
          60
        ],
        "21": [
          51,
          57
        ],
        "22": [
          60,
          60
        ]
      },
      "activity_order": [
        1,
        2,
        5,
        8,
        4,
        10,
        7,
        9,
        11,
        12,
        6,
        13,
        14,
        16,
        15,
        3,
        17,
        18,
        19,
        20,
        21,
        22
      ]
    },
    "MTS": {
      "makespan": 60,
      "execution_time": 0.00027489662170410156,
      "schedule": {
        "1": [
          0,
          0
        ],
        "2": [
          0,
          3
        ],
        "5": [
          3,
          4
        ],
        "8": [
          4,
          10
        ],
        "10": [
          10,
          13
        ],
        "7": [
          10,
          20
        ],
        "12": [
          13,
          21
        ],
        "11": [
          20,
          24
        ],
        "4": [
          20,
          27
        ],
        "9": [
          27,
          33
        ],
        "13": [
          33,
          41
        ],
        "15": [
          21,
          30
        ],
        "6": [
          30,
          38
        ],
        "14": [
          33,
          36
        ],
        "16": [
          41,
          42
        ],
        "17": [
          36,
          39
        ],
        "3": [
          42,
          51
        ],
        "18": [
          42,
          51
        ],
        "19": [
          41,
          43
        ],
        "20": [
          51,
          60
        ],
        "21": [
          51,
          57
        ],
        "22": [
          60,
          60
        ]
      },
      "activity_order": [
        1,
        2,
        5,
        8,
        10,
        7,
        12,
        11,
        4,
        9,
        13,
        15,
        6,
        14,
        16,
        17,
        3,
        18,
        19,
        20,
        21,
        22
      ]
    },
    "TIMROS": {
      "makespan": 77,
      "execution_time": 0.0002646446228027344,
      "schedule": {
        "1": [
          0,
          0
        ],
        "3": [
          0,
          9
        ],
        "4": [
          9,
          16
        ],
        "6": [
          16,
          24
        ],
        "2": [
          16,
          19
        ],
        "8": [
          19,
          25
        ],
        "12": [
          24,
          32
        ],
        "5": [
          25,
          26
        ],
        "7": [
          26,
          36
        ],
        "9": [
          36,
          42
        ],
        "11": [
          36,
          40
        ],
        "10": [
          32,
          35
        ],
        "15": [
          35,
          44
        ],
        "21": [
          44,
          50
        ],
        "13": [
          50,
          58
        ],
        "14": [
          42,
          45
        ],
        "16": [
          58,
          59
        ],
        "18": [
          59,
          68
        ],
        "17": [
          45,
          48
        ],
        "20": [
          68,
          77
        ],
        "19": [
          58,
          60
        ],
        "22": [
          77,
          77
        ]
      },
      "activity_order": [
        1,
        3,
        4,
        6,
        2,
        8,
        12,
        5,
        7,
        9,
        11,
        10,
        15,
        21,
        13,
        14,
        16,
        18,
        17,
        20,
        19,
        22
      ]
    },
    "HRU1": {
      "makespan": 69,