{
  "instance": "inst_set1a_sf1_nc2.1_n20_m20_01",
  "results": {
    "HRPW*": {
      "makespan": 111,
      "execution_time": 3.7670135498046875e-05,
      "schedule": {
        "1": [
          0,
          0
        ],
        "3": [
          0,
          10
        ],
        "4": [
          10,
          16
        ],
        "6": [
          16,
          21
        ],
        "5": [
          21,
          28
        ],
        "10": [
          28,
          38
        ],
        "7": [
          38,
          40
        ],
        "2": [
          40,
          45
        ],
        "8": [
          45,
          54
        ],
        "16": [
          54,
          57
        ],
        "9": [
          57,
          61
        ],
        "11": [
          61,
          62
        ],
        "17": [
          62,
          68
        ],
        "12": [
          68,
          75
        ],
        "15": [
          75,
          79
        ],
        "14": [
          79,
          82
        ],
        "13": [
          82,
          83
        ],
        "18": [
          83,
          88
        ],
        "19": [
          88,
          98
        ],
        "20": [
          98,
          106
        ],
        "21": [
          106,
          111
        ],
        "22": [
          111,
          111
        ]
      },
      "activity_order": [
        1,
        3,
        4,
        6,
        5,
        10,
        7,
        2,
        8,
        16,
        9,
        11,
        17,
        12,
        15,
        14,
        13,
        18,
        19,
        20,
        21,
        22
      ]
    },
    "LST": {
      "makespan": 111,
      "execution_time": 3.5762786865234375e-05,
      "schedule": {
        "1": [
          0,
          0
        ],
        "3": [
          0,
          10
        ],
        "4": [
          10,
          16
        ],
        "6": [
          16,
          21
        ],
        "5": [
          21,
          28
        ],
        "10": [
          28,
          38
        ],
        "7": [
          38,
          40
        ],
        "2": [
          40,
          45
        ],
        "8": [
          45,
          54
        ],
        "16": [
          54,
          57
        ],
        "9": [
          57,
          61
        ],
        "11": [
          61,
          62
        ],
        "17": [
          62,
          68
        ],
        "12": [
          68,
          75
        ],
        "15": [
          75,
          79
        ],
        "14": [
          79,
          82
        ],
        "13": [
          82,
          83
        ],
        "18": [
          83,
          88
        ],
        "19": [
          88,
          98
        ],
        "20": [
          98,
          106
        ],
        "21": [
          106,
          111
        ],
        "22": [
          111,
          111
        ]
      },
      "activity_order": [
        1,
        3,
        4,
        6,
        5,
        10,
        7,
        2,
        8,
        16,
        9,
        11,
        17,
        12,
        15,
        14,
        13,
        18,
        19,
        20,
        21,
        22
      ]
    },
    "LFT": {
      "makespan": 111,
      "execution_time": 3.409385681152344e-05,
      "schedule": {
        "1": [
          0,
          0
        ],
        "3": [
          0,
          10
        ],
        "4": [
          10,
          16
        ],
        "6": [
          16,
          21
        ],
        "5": [
          21,
          28
        ],
        "7": [
          28,
          30
        ],
        "2": [
          30,
          35
        ],
        "10": [
          35,
          45
        ],
        "11": [
          45,
          46
        ],
        "16": [
          46,
          49
        ],
        "8": [
          49,
          58
        ],
        "9": [
          58,
          62
        ],
        "13": [
          62,
          63
        ],
        "14": [
          63,
          66
        ],
        "15": [
          66,
          70
        ],
        "17": [
          70,
          76
        ],
        "12": [
          76,
          83
        ],
        "18": [
          83,
          88
        ],
        "19": [
          88,
          98
        ],
        "20": [
          98,
          106
        ],
        "21": [
          106,
          111
        ],
        "22": [
          111,
          111
        ]
      },
      "activity_order": [
        1,
        3,
        4,
        6,
        5,
        7,
        2,
        10,
        11,
        16,
        8,
        9,
        13,
        14,
        15,
        17,
        12,
        18,
        19,
        20,
        21,
        22
      ]
    },
    "MTS": {
      "makespan": 111,
      "execution_time": 4.863739013671875e-05,
      "schedule": {
        "1": [
          0,
          0
        ],
        "3": [
          0,
          10
        ],
        "4": [
          10,
          16
        ],
        "7": [
          16,
          18
        ],
        "6": [
          18,
          23
        ],
        "5": [
          23,
          30
        ],
        "2": [
          30,
          35
        ],
        "10": [
          35,
          45
        ],
        "9": [
          45,
          49
        ],
        "8": [
          49,
          58
        ],
        "11": [
          58,
          59
        ],
        "16": [
          59,
          62
        ],
        "14": [
          62,
          65
        ],
        "12": [
          65,
          72
        ],
        "13": [
          72,
          73
        ],
        "17": [
          73,
          79
        ],
        "15": [
          79,
          83
        ],
        "18": [
          83,
          88
        ],
        "19": [
          88,
          98
        ],
        "20": [
          98,
          106
        ],
        "21": [
          106,
          111
        ],
        "22": [
          111,
          111
        ]
      },
      "activity_order": [
        1,
        3,
        4,
        7,
        6,
        5,
        2,
        10,
        9,
        8,
        11,
        16,
        14,
        12,
        13,
        17,
        15,
        18,
        19,
        20,
        21,
        22
      ]
    },
    "TIMROS": {
      "makespan": 111,
      "execution_time": 0.00019884109497070312,
      "schedule": {
        "1": [
          0,
          0
        ],
        "3": [
          0,
          10
        ],
        "5": [
          10,
          17
        ],
        "4": [
          17,
          23
        ],
        "2": [
          23,
          28
        ],
        "6": [
          28,
          33
        ],
        "10": [
          33,
          43
        ],
        "16": [
          43,
          46
        ],
        "7": [
          46,
          48
        ],
        "8": [
          48,
          57
        ],
        "12": [
          57,
          64
        ],
        "9": [
          64,
          68
        ],
        "15": [
          68,
          72
        ],
        "14": [
          72,
          75
        ],
        "19": [
          75,
          85
        ],
        "20": [
          85,
          93
        ],
        "11": [
          93,
          94
        ],
        "17": [
          94,
          100
        ],
        "13": [
          100,
          101
        ],
        "18": [
          101,
          106
        ],
        "21": [
          106,
          111
        ],
        "22": [
          111,
          111
        ]
      },