{
  "instance": "inst_set1a_sf0_nc1.8_n20_m20_04",
  "results": {
    "HRPW*": {
      "makespan": 117,
      "execution_time": 5.269050598144531e-05,
      "schedule": {
        "1": [
          0,
          0
        ],
        "2": [
          0,
          7
        ],
        "3": [
          7,
          12
        ],
        "5": [
          12,
          16
        ],
        "6": [
          16,
          23
        ],
        "7": [
          23,
          30
        ],
        "8": [
          30,
          36
        ],
        "11": [
          36,
          41
        ],
        "12": [
          41,
          45
        ],
        "13": [
          45,
          51
        ],
        "9": [
          51,
          55
        ],
        "10": [
          55,
          61
        ],
        "17": [
          61,
          67
        ],
        "15": [
          67,
          69
        ],
        "14": [
          69,
          79
        ],
        "16": [
          79,
          88
        ],
        "18": [
          88,
          94
        ],
        "4": [
          94,
          99
        ],
        "21": [
          99,
          107
        ],
        "19": [
          107,
          112
        ],
        "20": [
          112,
          117
        ],
        "22": [
          117,
          117
        ]
      },
      "activity_order": [
        1,
        2,
        3,
        5,
        6,
        7,
        8,
        11,
        12,
        13,
        9,
        10,
        17,
        15,
        14,
        16,
        18,
        4,
        21,
        19,
        20,
        22
      ]
    },
    "LST": {
      "makespan": 117,
      "execution_time": 4.38690185546875e-05,
      "schedule": {
        "1": [
          0,
          0
        ],
        "2": [
          0,
          7
        ],
        "3": [
          7,
          12
        ],
        "5": [
          12,
          16
        ],
        "6": [
          16,
          23
        ],
        "7": [
          23,
          30
        ],
        "8": [
          30,
          36
        ],
        "11": [
          36,
          41
        ],
        "12": [
          41,
          45
        ],
        "13": [
          45,
          51
        ],
        "9": [
          51,
          55
        ],
        "10": [
          55,
          61
        ],
        "17": [
          61,
          67
        ],
        "15": [
          67,
          69
        ],
        "14": [
          69,
          79
        ],
        "16": [
          79,
          88
        ],
        "18": [
          88,
          94
        ],
        "4": [
          94,
          99
        ],
        "21": [
          99,
          107
        ],
        "19": [
          107,
          112
        ],
        "20": [
          112,
          117
        ],
        "22": [
          117,
          117
        ]
      },
      "activity_order": [
        1,
        2,
        3,
        5,
        6,
        7,
        8,
        11,
        12,
        13,
        9,
        10,
        17,
        15,
        14,
        16,
        18,
        4,
        21,
        19,
        20,
        22
      ]
    },
    "LFT": {
      "makespan": 117,
      "execution_time": 4.458427429199219e-05,
      "schedule": {
        "1": [
          0,
          0
        ],
        "2": [
          0,
          7
        ],
        "3": [
          7,
          12
        ],
        "5": [
          12,
          16
        ],
        "6": [
          16,
          23
        ],
        "7": [
          23,
          30
        ],
        "8": [
          30,
          36
        ],
        "12": [
          36,
          40
        ],
        "11": [
          40,
          45
        ],
        "9": [
          45,
          49
        ],
        "13": [
          49,
          55
        ],
        "10": [
          55,
          61
        ],
        "15": [
          61,
          63
        ],
        "17": [
          63,
          69
        ],
        "18": [
          69,
          75
        ],
        "4": [
          75,
          80
        ],
        "14": [
          80,
          90
        ],
        "16": [
          90,
          99
        ],
        "19": [
          99,
          104
        ],
        "20": [
          104,
          109
        ],
        "21": [
          109,
          117
        ],
        "22": [
          117,
          117
        ]
      },
      "activity_order": [
        1,
        2,
        3,
        5,
        6,
        7,
        8,
        12,
        11,
        9,
        13,
        10,
        15,
        17,
        18,
        4,
        14,
        16,
        19,
        20,
        21,
        22
      ]
    },
    "MTS": {
      "makespan": 117,
      "execution_time": 4.2438507080078125e-05,
      "schedule": {
        "1": [
          0,
          0
        ],
        "2": [
          0,
          7
        ],
        "3": [
          7,
          12
        ],
        "5": [
          12,
          16
        ],
        "8": [
          16,
          22
        ],
        "6": [
          22,
          29
        ],
        "7": [
          29,
          36
        ],
        "11": [
          36,
          41
        ],
        "12": [
          41,
          45
        ],
        "9": [
          45,
          49
        ],
        "10": [
          49,
          55
        ],
        "13": [
          55,
          61
        ],
        "17": [
          61,
          67
        ],
        "18": [
          67,
          73
        ],
        "14": [
          73,
          83
        ],
        "15": [
          83,
          85
        ],
        "4": [
          85,
          90
        ],
        "16": [
          90,
          99
        ],
        "19": [
          99,
          104
        ],
        "20": [
          104,
          109
        ],
        "21": [
          109,
          117
        ],
        "22": [
          117,
          117
        ]
      },
      "activity_order": [
        1,
        2,
        3,
        5,
        8,
        6,
        7,
        11,
        12,
        9,
        10,
        13,
        17,
        18,
        14,
        15,
        4,
        16,
        19,
        20,
        21,
        22
      ]
    },
    "TIMROS": {
      "makespan": 117,
      "execution_time": 4.458427429199219e-05,
      "schedule": {
        "1": [
          0,
          0
        ],
        "2": [
          0,
          7
        ],
        "3": [
          7,
          12
        ],
        "7": [
          12,
          19
        ],
        "12": [
          19,
          23
        ],
        "8": [
          23,
          29
        ],
        "9": [
          29,
          33
        ],
        "15": [
          33,
          35
        ],
        "4": [
          35,
          40
        ],
        "10": [
          40,
          46
        ],
        "5": [
          46,
          50
        ],
        "6": [
          50,
          57
        ],
        "13": [
          57,
          63
        ],
        "11": [
          63,
          68
        ],
        "17": [
          68,
          74
        ],
        "14": [
          74,
          84
        ],
        "16": [
          84,
          93
        ],
        "18": [
          93,
          99
        ],
        "21": [
          99,
          107
        ],
        "20": [
          107,
          112
        ],
        "19": [
          112,
          117
        ],
        "22": [
          117,
          117
        ]
      },