{
  "instance": "inst_set1a_sf0_nc1.5_n20_m10_05",
  "results": {
    "HRPW*": {
      "makespan": 100,
      "execution_time": 7.081031799316406e-05,
      "schedule": {
        "1": [
          0,
          0
        ],
        "3": [
          0,
          5
        ],
        "5": [
          5,
          14
        ],
        "8": [
          14,
          20
        ],
        "9": [
          20,
          29
        ],
        "2": [
          29,
          32
        ],
        "4": [
          32,
          33
        ],
        "6": [
          33,
          42
        ],
        "12": [
          42,
          47
        ],
        "11": [
          47,
          51
        ],
        "10": [
          51,
          57
        ],
        "14": [
          57,
          58
        ],
        "15": [
          58,
          64
        ],
        "18": [
          64,
          70
        ],
        "16": [
          70,
          71
        ],
        "17": [
          71,
          81
        ],
        "7": [
          81,
          82
        ],
        "20": [
          82,
          91
        ],
        "13": [
          91,
          92
        ],
        "19": [
          92,
          99
        ],
        "21": [
          99,
          100
        ],
        "22": [
          100,
          100
        ]
      },
      "activity_order": [
        1,
        3,
        5,
        8,
        9,
        2,
        4,
        6,
        12,
        11,
        10,
        14,
        15,
        18,
        16,
        17,
        7,
        20,
        13,
        19,
        21,
        22
      ]
    },
    "LST": {
      "makespan": 100,
      "execution_time": 4.7206878662109375e-05,
      "schedule": {
        "1": [
          0,
          0
        ],
        "3": [
          0,
          5
        ],
        "5": [
          5,
          14
        ],
        "8": [
          14,
          20
        ],
        "9": [
          20,
          29
        ],
        "2": [
          29,
          32
        ],
        "4": [
          32,
          33
        ],
        "6": [
          33,
          42
        ],
        "12": [
          42,
          47
        ],
        "11": [
          47,
          51
        ],
        "10": [
          51,
          57
        ],
        "14": [
          57,
          58
        ],
        "15": [
          58,
          64
        ],
        "18": [
          64,
          70
        ],
        "16": [
          70,
          71
        ],
        "17": [
          71,
          81
        ],
        "7": [
          81,
          82
        ],
        "20": [
          82,
          91
        ],
        "13": [
          91,
          92
        ],
        "19": [
          92,
          99
        ],
        "21": [
          99,
          100
        ],
        "22": [
          100,
          100
        ]
      },
      "activity_order": [
        1,
        3,
        5,
        8,
        9,
        2,
        4,
        6,
        12,
        11,
        10,
        14,
        15,
        18,
        16,
        17,
        7,
        20,
        13,
        19,
        21,
        22
      ]
    },
    "LFT": {
      "makespan": 100,
      "execution_time": 6.079673767089844e-05,
      "schedule": {
        "1": [
          0,
          0
        ],
        "3": [
          0,
          5
        ],
        "5": [
          5,
          14
        ],
        "8": [
          14,
          20
        ],
        "2": [
          20,
          23
        ],
        "4": [
          23,
          24
        ],
        "9": [
          24,
          33
        ],
        "12": [
          33,
          38
        ],
        "11": [
          38,
          42
        ],
        "14": [
          42,
          43
        ],
        "6": [
          43,
          52
        ],
        "10": [
          52,
          58
        ],
        "16": [
          58,
          59
        ],
        "7": [
          59,
          60
        ],
        "15": [
          60,
          66
        ],
        "18": [
          66,
          72
        ],
        "13": [
          72,
          73
        ],
        "17": [
          73,
          83
        ],
        "19": [
          83,
          90
        ],
        "20": [
          90,
          99
        ],
        "21": [
          99,
          100
        ],
        "22": [
          100,
          100
        ]
      },
      "activity_order": [
        1,
        3,
        5,
        8,
        2,
        4,
        9,
        12,
        11,
        14,
        6,
        10,
        16,
        7,
        15,
        18,
        13,
        17,
        19,
        20,
        21,
        22
      ]
    },
    "MTS": {
      "makespan": 100,
      "execution_time": 5.984306335449219e-05,
      "schedule": {
        "1": [
          0,
          0
        ],
        "3": [
          0,
          5
        ],
        "5": [
          5,
          14
        ],
        "8": [
          14,
          20
        ],
        "2": [
          20,
          23
        ],
        "4": [
          23,
          24
        ],
        "6": [
          24,
          33
        ],
        "9": [
          33,
          42
        ],
        "10": [
          42,
          48
        ],
        "11": [
          48,
          52
        ],
        "12": [
          52,
          57
        ],
        "13": [
          57,
          58
        ],
        "14": [
          58,
          59
        ],
        "16": [
          59,
          60
        ],
        "7": [
          60,
          61
        ],
        "15": [
          61,
          67
        ],
        "17": [
          67,
          77
        ],
        "18": [
          77,
          83
        ],
        "19": [
          83,
          90
        ],
        "20": [
          90,
          99
        ],
        "21": [
          99,
          100
        ],
        "22": [
          100,
          100
        ]
      },
      "activity_order": [
        1,
        3,
        5,
        8,
        2,
        4,
        6,
        9,
        10,
        11,
        12,
        13,
        14,
        16,
        7,
        15,
        17,
        18,
        19,
        20,
        21,
        22
      ]
    },
    "TIMROS": {
      "makespan": 100,
      "execution_time": 5.245208740234375e-05,
      "schedule": {
        "1": [
          0,
          0
        ],
        "3": [
          0,
          5
        ],
        "5": [
          5,
          14
        ],
        "8": [
          14,
          20
        ],
        "9": [
          20,
          29
        ],
        "10": [
          29,
          35
        ],
        "11": [
          35,
          39
        ],
        "15": [
          39,
          45
        ],
        "2": [
          45,
          48
        ],
        "6": [
          48,
          57
        ],
        "4": [
          57,
          58
        ],
        "12": [
          58,
          63
        ],
        "7": [
          63,
          64
        ],
        "13": [
          64,
          65
        ],
        "19": [
          65,
          72
        ],
        "14": [
          72,
          73
        ],
        "18": [
          73,
          79
        ],
        "20": [
          79,
          88
        ],
        "16": [
          88,
          89
        ],
        "17": [
          89,
          99
        ],
        "21": [
          99,
          100
        ],
        "22": [
          100,
          100
        ]
      },
      "activity_order": [
        1,
        3,
        5,
        8,
        9,
        10,
        11,
        15,
        2,
        6,
        4,
        12,
        7,
        13,
        19,
        14,
        18,
        20,
        16,
        17,
        21,
        22
      ]
    },