{
  "instance": "inst_set1a_sf0_nc1.8_n20_m25_03",
  "results": {
    "HRPW*": {
      "makespan": 102,
      "execution_time": 5.817413330078125e-05,
      "schedule": {
        "1": [
          0,
          0
        ],
        "4": [
          0,
          2
        ],
        "5": [
          2,
          11
        ],
        "3": [
          11,
          19
        ],
        "7": [
          19,
          26
        ],
        "2": [
          26,
          32
        ],
        "8": [
          32,
          37
        ],
        "10": [
          37,
          43
        ],
        "11": [
          43,
          47
        ],
        "6": [
          47,
          50
        ],
        "12": [
          50,
          54
        ],
        "13": [
          54,
          63
        ],
        "14": [
          63,
          70
        ],
        "15": [
          70,
          79
        ],
        "9": [
          79,
          80
        ],
        "16": [
          80,
          82
        ],
        "17": [
          82,
          86
        ],
        "19": [
          86,
          94
        ],
        "18": [
          94,
          95
        ],
        "20": [
          95,
          100
        ],
        "21": [
          100,
          102
        ],
        "22": [
          102,
          102
        ]
      },
      "activity_order": [
        1,
        4,
        5,
        3,
        7,
        2,
        8,
        10,
        11,
        6,
        12,
        13,
        14,
        15,
        9,
        16,
        17,
        19,
        18,
        20,
        21,
        22
      ]
    },
    "LST": {
      "makespan": 102,
      "execution_time": 5.340576171875e-05,
      "schedule": {
        "1": [
          0,
          0
        ],
        "4": [
          0,
          2
        ],
        "5": [
          2,
          11
        ],
        "3": [
          11,
          19
        ],
        "7": [
          19,
          26
        ],
        "2": [
          26,
          32
        ],
        "8": [
          32,
          37
        ],
        "10": [
          37,
          43
        ],
        "11": [
          43,
          47
        ],
        "6": [
          47,
          50
        ],
        "12": [
          50,
          54
        ],
        "13": [
          54,
          63
        ],
        "14": [
          63,
          70
        ],
        "15": [
          70,
          79
        ],
        "9": [
          79,
          80
        ],
        "16": [
          80,
          82
        ],
        "17": [
          82,
          86
        ],
        "19": [
          86,
          94
        ],
        "18": [
          94,
          95
        ],
        "20": [
          95,
          100
        ],
        "21": [
          100,
          102
        ],
        "22": [
          102,
          102
        ]
      },
      "activity_order": [
        1,
        4,
        5,
        3,
        7,
        2,
        8,
        10,
        11,
        6,
        12,
        13,
        14,
        15,
        9,
        16,
        17,
        19,
        18,
        20,
        21,
        22
      ]
    },
    "LFT": {
      "makespan": 102,
      "execution_time": 5.245208740234375e-05,
      "schedule": {
        "1": [
          0,
          0
        ],
        "4": [
          0,
          2
        ],
        "3": [
          2,
          10
        ],
        "5": [
          10,
          19
        ],
        "7": [
          19,
          26
        ],
        "8": [
          26,
          31
        ],
        "2": [
          31,
          37
        ],
        "6": [
          37,
          40
        ],
        "11": [
          40,
          44
        ],
        "10": [
          44,
          50
        ],
        "12": [
          50,
          54
        ],
        "13": [
          54,
          63
        ],
        "14": [
          63,
          70
        ],
        "9": [
          70,
          71
        ],
        "16": [
          71,
          73
        ],
        "17": [
          73,
          77
        ],
        "18": [
          77,
          78
        ],
        "15": [
          78,
          87
        ],
        "19": [
          87,
          95
        ],
        "20": [
          95,
          100
        ],
        "21": [
          100,
          102
        ],
        "22": [
          102,
          102
        ]
      },
      "activity_order": [
        1,
        4,
        3,
        5,
        7,
        8,
        2,
        6,
        11,
        10,
        12,
        13,
        14,
        9,
        16,
        17,
        18,
        15,
        19,
        20,
        21,
        22
      ]
    },
    "MTS": {
      "makespan": 102,
      "execution_time": 4.792213439941406e-05,
      "schedule": {
        "1": [
          0,
          0
        ],
        "4": [
          0,
          2
        ],
        "5": [
          2,
          11
        ],
        "3": [
          11,
          19
        ],
        "7": [
          19,
          26
        ],
        "8": [
          26,
          31
        ],
        "2": [
          31,
          37
        ],
        "11": [
          37,
          41
        ],
        "6": [
          41,
          44
        ],
        "10": [
          44,
          50
        ],
        "12": [
          50,
          54
        ],
        "9": [
          54,
          55
        ],
        "14": [
          55,
          62
        ],
        "13": [
          62,
          71
        ],
        "16": [
          71,
          73
        ],
        "15": [
          73,
          82
        ],
        "17": [
          82,
          86
        ],
        "18": [
          86,
          87
        ],
        "19": [
          87,
          95
        ],
        "20": [
          95,
          100
        ],
        "21": [
          100,
          102
        ],
        "22": [
          102,
          102
        ]
      },
      "activity_order": [
        1,
        4,
        5,
        3,
        7,
        8,
        2,
        11,
        6,
        10,
        12,
        9,
        14,
        13,
        16,
        15,
        17,
        18,
        19,
        20,
        21,
        22
      ]
    },
    "TIMROS": {
      "makespan": 102,
      "execution_time": 4.2438507080078125e-05,
      "schedule": {
        "1": [
          0,
          0
        ],
        "2": [
          0,
          6
        ],
        "4": [
          6,
          8
        ],
        "5": [
          8,
          17
        ],
        "3": [
          17,
          25
        ],
        "6": [
          25,
          28
        ],
        "9": [
          28,
          29
        ],
        "7": [
          29,
          36
        ],
        "10": [
          36,
          42
        ],
        "17": [
          42,
          46
        ],
        "8": [
          46,
          51
        ],
        "11": [
          51,
          55
        ],
        "12": [
          55,
          59
        ],
        "13": [
          59,
          68
        ],
        "15": [
          68,
          77
        ],
        "14": [
          77,
          84
        ],
        "16": [
          84,
          86
        ],
        "19": [
          86,
          94
        ],
        "21": [
          94,
          96
        ],
        "18": [
          96,
          97
        ],
        "20": [
          97,
          102
        ],
        "22": [
          102,
          102
        ]
      },
      "activity_order": [
        1,
        2,
        4,
        5,
        3,
        6,
        9,
        7,
        10,
        17,
        8,
        11,
        12,
        13,
        15,
        14,
        16,
        19,
        21,
        18,
        20,
        22
      ]
    },